,customer_id,company_name,industry,region,signup_date,plan_type,monthly_usage,support_tickets,last_active_date,churn_flag,lifetime_value,nps_score
0,1,Woodard-Ward,Technology,Asia-Pacific,4/24/2026,Basic,14,1,8/3/2026,0,258.21,15
1,2,Fleming Group,Finance,Asia-Pacific,1/21/2025,Free,2,0,9/3/2025,1,4.26,70
2,3,Butler Group,Logistics,Europe,6/19/2022,Free,2,0,7/11/2022,1,19.35,-21
3,4,"Brown, Weber and Burke",Manufacturing,North America,7/27/2025,Pro,29,1,8/4/2025,0,900.71,7
4,5,Hoffman-Diaz,Logistics,North America,4/11/2024,Pro,21,1,4/27/2024,0,859.56,28
5,6,Rodriguez Group,Finance,Asia-Pacific,5/22/2025,Pro,35,3,7/1/2025,0,1003.83,30
6,7,Moreno PLC,Manufacturing,North America,7/31/2025,Free,3,0,10/26/2025,1,11.89,3
7,8,Pierce LLC,Logistics,North America,11/21/2025,Free,8,0,12/13/2025,0,74.3,-11
8,9,Hall Group,Manufacturing,Europe,5/8/2026,Pro,27,3,5/26/2026,0,1013.72,21
9,10,Giles Inc,Retail,Europe,1/13/2026,Basic,15,2,2/3/2026,0,259.68,40
10,11,Reynolds Inc,Logistics,North America,6/27/2022,Free,4,0,7/26/2022,1,34.99,37
11,12,"Barr, Grant and Smith",Finance,North America,1/19/2024,Basic,20,0,3/15/2024,0,395.54,17
12,13,Ross Group,Logistics,North America,11/13/2025,Basic,19,2,2/2/2026,0,333.35,5
13,14,"Cole, Kane and Long",Finance,Asia-Pacific,6/23/2023,Basic,18,0,9/12/2023,0,315.6,-14
14,15,Nelson Group,Retail,North America,9/18/2022,Free,4,0,10/7/2022,1,16.44,71
15,16,"Williams, Abbott and Smith",Manufacturing,Asia-Pacific,5/4/2023,Enterprise,57,6,6/22/2023,0,5262.62,48
16,17,"Douglas, Hutchinson and Fields",Manufacturing,Latin America,10/8/2023,Free,5,0,10/15/2023,1,23.46,44
17,18,Owens Group,Manufacturing,Europe,9/14/2022,Pro,28,2,1/26/2023,0,1036.69,40
18,19,Simpson-Clark,Retail,North America,2/13/2024,Free,4,0,2/27/2024,1,32.4,3
19,20,"Shannon, Juarez and Gallegos",Finance,Europe,11/22/2023,Basic,24,1,8/3/2024,0,261.69,28
20,21,Garcia-Boone,Retail,North America,7/16/2024,Free,3,0,7/29/2024,1,8.04,43
21,22,Chen Inc,Logistics,North America,2/12/2026,Free,5,1,3/2/2026,1,37.86,-17
22,23,Summers Ltd,Retail,Asia-Pacific,1/19/2025,Basic,20,0,2/25/2025,0,293.55,-24
23,24,"Morales, Oliver and Randall",Healthcare,Europe,2/15/2024,Free,2,2,3/3/2024,1,14.11,-33
24,25,"Mason, Fields and Leon",Healthcare,Latin America,2/10/2025,Free,5,1,3/26/2025,1,25.06,13
25,26,"Ross, Maldonado and Gould",Healthcare,North America,5/12/2026,Free,8,3,7/4/2026,0,77.2,-45
26,27,Gibson-Stephenson,Retail,Europe,4/19/2024,Basic,12,0,6/30/2024,0,306.71,81
27,28,"Webb, Malone and Sellers",Technology,Asia-Pacific,12/2/2025,Free,9,1,6/2/2026,0,37.24,-38
28,29,"Flowers, Perez and Pope",Manufacturing,North America,9/25/2022,Basic,15,0,12/26/2022,0,299.4,-23
29,30,Bailey-Lopez,Finance,Europe,8/10/2025,Enterprise,58,2,8/29/2025,0,5203.12,77
30,31,Poole and Sons,Technology,Asia-Pacific,1/25/2024,Basic,16,0,7/1/2024,0,283.79,22
31,32,Haley Group,Logistics,Asia-Pacific,7/29/2024,Basic,22,1,8/18/2024,0,249.45,10
32,33,Morris-Butler,Manufacturing,Asia-Pacific,1/19/2025,Basic,14,1,2/28/2025,0,310.79,65
33,34,"Morgan, Jordan and Skinner",Technology,North America,12/9/2022,Enterprise,42,5,4/8/2023,0,5314.58,44
34,35,Wells-Singh,Technology,North America,6/5/2024,Basic,7,0,6/30/2024,1,225.95,-6
35,36,"Schmitt, Frank and Robinson",Technology,Europe,4/18/2023,Free,7,0,8/1/2023,1,66.17,-24
36,37,Esparza Inc,Technology,Europe,2/6/2023,Enterprise,50,0,2/11/2023,0,5293.68,69
37,38,Johnson-White,Manufacturing,North America,11/26/2022,Free,6,0,1/16/2023,1,34.74,-17
38,39,Lopez-Curtis,Healthcare,North America,8/15/2024,Free,10,1,10/28/2024,0,85.6,2
39,40,Lozano-Chapman,Logistics,Europe,2/25/2023,Free,5,0,5/27/2023,1,34.97,6
40,41,Henderson Ltd,Logistics,North America,10/14/2022,Basic,20,2,11/28/2022,0,376.58,19
41,42,"Maxwell, Butler and Robinson",Technology,North America,11/3/2024,Free,7,1,11/10/2024,1,49.07,18
42,43,"Carson, Miller and Price",Manufacturing,North America,7/5/2022,Free,3,0,8/16/2022,1,25.09,66
43,44,"Foley, Lozano and Walker",Finance,Europe,2/12/2024,Basic,14,0,2/29/2024,0,251.82,23
44,45,Bell Ltd,Finance,North America,10/2/2024,Free,5,0,10/3/2024,1,41.61,21
45,46,"James, Miles and Brown",Healthcare,Asia-Pacific,7/30/2023,Enterprise,50,1,9/15/2023,0,5216.27,82
46,47,Carter LLC,Logistics,North America,7/1/2022,Free,6,0,10/6/2022,1,29.64,-19
47,48,"Schmidt, Garcia and King",Logistics,North America,7/27/2025,Enterprise,49,1,12/6/2025,0,5213.8,64
48,49,"Graves, Smith and Mora",Logistics,Asia-Pacific,7/10/2022,Free,4,0,7/25/2022,1,32.33,-25
49,50,Tate-Johnson,Healthcare,Latin America,12/4/2022,Basic,9,0,3/3/2023,0,255.25,32
50,51,"Perez, Stephenson and Serrano",Manufacturing,Europe,3/28/2024,Free,4,0,3/31/2024,1,23.98,-26
51,52,"Martinez, Meadows and Moore",Healthcare,Latin America,6/24/2024,Pro,25,1,7/17/2024,0,1033.13,64
52,53,"Ortiz, Allen and Burton",Logistics,North America,10/20/2025,Free,4,0,2/18/2026,1,9.84,16
53,54,"Perez, Holland and Smith",Finance,Asia-Pacific,5/28/2022,Free,3,0,10/20/2022,1,17.01,-26
54,55,"Adams, Holland and Cole",Logistics,North America,11/11/2024,Basic,14,1,3/18/2025,0,288.63,-6
55,56,"Nelson, Morales and Tyler",Technology,North America,1/6/2023,Enterprise,41,1,9/16/2023,0,5403.32,50
56,57,"Nichols, Curtis and Stanton",Technology,Asia-Pacific,2/19/2026,Enterprise,49,2,6/8/2026,0,5326.58,64
57,58,"Castillo, Morgan and Patterson",Retail,North America,3/29/2026,Basic,14,0,8/27/2026,0,254.08,38
58,59,"Robinson, Johnson and Hernandez",Finance,Asia-Pacific,5/25/2025,Free,4,0,7/1/2025,1,18.1,-23
59,60,"Parker, Bryant and Williams",Technology,Asia-Pacific,6/16/2024,Free,7,0,7/1/2024,1,58.17,11
60,61,"Snyder, Blevins and Murphy",Finance,Asia-Pacific,5/26/2025,Basic,22,0,7/21/2025,0,383.44,37
61,62,Hudson-West,Finance,Europe,9/9/2025,Basic,8,1,9/24/2025,0,266.37,8
62,63,Ellis-Park,Healthcare,North America,1/17/2025,Free,4,0,5/9/2025,1,9.84,1
63,64,"Fernandez, Hatfield and Buck",Technology,Latin America,8/12/2025,Pro,27,3,8/29/2025,0,922.67,58
64,65,Martinez-Bullock,Retail,Asia-Pacific,11/14/2022,Basic,14,1,5/20/2023,0,303.02,15
65,66,Richards Group,Technology,Asia-Pacific,8/20/2024,Free,2,0,9/25/2024,1,14.95,9
66,67,Navarro-Williams,Retail,Asia-Pacific,9/3/2024,Basic,14,1,10/4/2024,0,242.85,-28
67,68,Hood Inc,Finance,Latin America,7/9/2022,Pro,22,1,7/17/2022,0,1007.61,37
68,69,"Phillips, Mills and Taylor",Finance,Latin America,7/25/2023,Basic,20,1,8/26/2023,0,266.45,-2
69,70,"Jones, Bruce and Obrien",Retail,North America,10/29/2024,Free,6,0,12/9/2024,1,29.55,-25
70,71,"Nguyen, Ross and Roberts",Manufacturing,North America,10/27/2025,Basic,14,2,11/17/2025,0,323.73,-30
71,72,Harris-Thompson,Healthcare,Europe,12/23/2023,Basic,12,0,1/2/2024,0,300.15,4
72,73,Leach PLC,Finance,Europe,4/12/2023,Free,8,1,5/3/2023,0,73.32,13
73,74,"Parks, Cook and Ortega",Retail,North America,5/2/2025,Free,7,0,8/11/2025,1,37.55,-6
74,75,"Hammond, Palmer and Gonzalez",Finance,North America,1/13/2023,Free,4,0,2/6/2023,1,30.38,24
75,76,Johnson-Lamb,Manufacturing,North America,4/25/2024,Pro,38,2,5/7/2024,0,1017.52,8
76,77,Wiggins PLC,Manufacturing,North America,4/15/2024,Pro,30,2,5/28/2024,0,941.52,70
77,78,"Bennett, Whitney and Hobbs",Manufacturing,Asia-Pacific,4/9/2023,Free,5,0,6/7/2023,1,39.8,-23
78,79,"Miles, Foster and Owens",Technology,North America,10/1/2023,Enterprise,55,3,12/8/2023,0,5462.74,49
79,80,Young-Thompson,Retail,Asia-Pacific,6/23/2024,Basic,14,0,8/9/2024,0,298.98,8
80,81,Bentley Group,Manufacturing,Asia-Pacific,12/20/2022,Free,5,1,2/28/2023,1,28.35,0
81,82,"Butler, Downs and Young",Healthcare,North America,4/8/2026,Free,8,0,6/21/2026,0,33.6,-51
82,83,"Parker, Mills and Brewer",Healthcare,North America,10/16/2024,Basic,10,0,11/27/2024,0,262.7,11
83,84,"Chan, Malone and Gomez",Retail,Latin America,7/25/2024,Basic,18,3,9/3/2024,0,303.63,4
84,85,Mitchell-Montgomery,Healthcare,North America,5/21/2024,Basic,15,0,7/19/2024,0,316.86,29
85,86,Pacheco-Mcdonald,Retail,Europe,7/11/2024,Basic,16,1,8/26/2024,0,262.46,37
86,87,"Griffith, Dean and Brown",Technology,Latin America,3/11/2024,Enterprise,56,4,4/4/2024,0,5215.91,41
87,88,Henderson-Hayes,Retail,North America,10/25/2023,Basic,9,0,2/24/2024,0,238.34,34
88,89,Pacheco-Walters,Healthcare,Asia-Pacific,5/21/2025,Free,3,0,9/20/2025,1,28.98,-4
89,90,Nichols-Malone,Manufacturing,Europe,10/26/2025,Enterprise,39,3,11/26/2025,0,5129.48,41
90,91,"Duncan, Myers and Gentry",Technology,Europe,7/26/2025,Free,4,0,7/30/2025,1,14.82,7
91,92,Hill PLC,Technology,Latin America,4/3/2025,Free,2,0,5/4/2025,1,10.88,2
92,93,Carter-Walsh,Retail,North America,8/26/2025,Pro,32,0,8/29/2025,0,991.15,17
93,94,"Poole, Long and Thompson",Finance,Europe,8/26/2023,Free,7,1,9/11/2023,1,51.3,55
94,95,Williams Group,Healthcare,Asia-Pacific,6/30/2023,Enterprise,49,4,8/22/2023,0,5228.34,44
95,96,"Austin, Holloway and Yoder",Technology,Europe,8/19/2025,Free,9,0,11/9/2025,0,59.46,32
96,97,Owens Inc,Technology,Europe,1/6/2023,Free,8,0,3/21/2023,0,38.34,-15
97,98,Swanson-Schmidt,Logistics,North America,5/26/2023,Basic,19,3,5/30/2023,0,285.43,28
98,99,Brooks-Edwards,Logistics,Asia-Pacific,8/1/2023,Free,2,0,10/13/2023,1,13.07,56
99,100,"Pittman, Hammond and Mercado",Technology,Latin America,11/20/2025,Pro,32,1,3/29/2026,0,1026.85,31
100,101,Mitchell LLC,Manufacturing,Europe,1/19/2023,Basic,11,0,3/4/2023,0,275.22,17
101,102,"Horton, Ray and Walker",Finance,North America,5/10/2023,Free,4,0,5/30/2023,1,34.18,39
102,103,"Smith, Alvarez and Robertson",Logistics,Europe,8/25/2025,Basic,14,0,12/15/2025,0,337.83,43
103,104,Peterson Inc,Retail,Europe,3/11/2023,Basic,19,2,4/4/2023,0,278.73,61
104,105,Cobb Ltd,Logistics,Europe,4/11/2025,Pro,29,2,6/29/2025,0,965.22,7
105,106,Wheeler LLC,Manufacturing,Asia-Pacific,11/12/2025,Basic,16,0,5/8/2026,0,259.85,2
106,107,Clark Ltd,Retail,Asia-Pacific,3/22/2026,Basic,7,0,4/30/2026,1,226.64,-15
107,108,Cantu Ltd,Healthcare,Europe,3/23/2023,Free,5,0,3/31/2023,1,46.38,8
108,109,Wright-Nelson,Manufacturing,Asia-Pacific,5/26/2022,Enterprise,50,4,6/4/2022,0,5384.48,56
109,110,Gardner-Neal,Manufacturing,North America,6/13/2023,Free,3,0,7/2/2023,1,24.47,-18
110,111,West LLC,Finance,Europe,7/4/2024,Free,4,0,7/17/2024,1,13.24,33
111,112,Shaw-Petersen,Finance,North America,3/17/2023,Pro,26,4,4/20/2023,0,1057.08,45
112,113,Grant-Carlson,Finance,North America,10/22/2025,Basic,13,1,10/22/2025,0,301.56,36
113,114,"Smith, Allison and Lopez",Healthcare,Asia-Pacific,12/5/2025,Pro,33,0,5/19/2026,0,1024.67,55
114,115,Alvarez-Murphy,Retail,North America,8/23/2025,Free,5,1,9/4/2025,1,29.81,-36
115,116,Marsh and Sons,Manufacturing,North America,11/10/2024,Free,6,0,12/10/2024,1,47.91,18
116,117,"Hickman, Foster and Hernandez",Manufacturing,Europe,4/16/2024,Enterprise,45,0,8/2/2024,0,5448.95,66
117,118,Lee-Barnett,Logistics,North America,8/18/2023,Pro,27,2,3/4/2024,0,1009.18,25
118,119,Taylor-Smith,Logistics,Latin America,11/3/2023,Free,4,0,4/11/2024,1,37.63,-16
119,120,Mccullough-Hodges,Retail,North America,9/21/2025,Free,7,0,3/13/2026,1,42.38,3
120,121,Rosales-Calderon,Logistics,North America,12/13/2022,Basic,15,0,1/14/2023,0,238.78,8
121,122,Smith Inc,Healthcare,North America,6/18/2024,Basic,11,0,7/23/2024,0,296.59,20
122,123,Curtis LLC,Finance,Latin America,2/17/2024,Free,3,1,3/1/2024,1,11.45,16
123,124,Vasquez PLC,Retail,North America,2/10/2025,Basic,12,1,3/25/2025,0,264.15,21
124,125,Lucas-Brown,Logistics,North America,5/6/2023,Basic,13,3,7/24/2023,0,304.94,49
125,126,"Reynolds, Romero and Johnston",Logistics,North America,12/8/2024,Basic,16,0,5/8/2025,0,359.5,10
126,127,Kim-Ruiz,Retail,Asia-Pacific,10/2/2023,Free,4,1,10/6/2023,1,10.09,-35
127,128,Salazar and Sons,Retail,Asia-Pacific,1/9/2026,Free,5,0,3/20/2026,1,39.66,-19
128,129,Reyes-Jones,Manufacturing,Europe,1/6/2024,Free,3,0,3/18/2024,1,16.5,41
129,130,White LLC,Finance,North America,9/30/2023,Pro,32,0,10/15/2023,0,1099.38,25
130,131,"Peck, Hernandez and Hale",Retail,North America,11/12/2025,Basic,12,0,3/24/2026,0,287.87,84
131,132,Hines-Morrison,Technology,Europe,1/15/2023,Free,10,0,4/16/2023,0,32.76,-44
132,133,"Soto, Jimenez and Scott",Finance,North America,5/28/2023,Basic,20,1,5/31/2023,0,271.32,27
133,134,Garcia Inc,Retail,North America,12/26/2024,Free,7,0,2/28/2025,1,33.35,21
134,135,Smith-Graham,Technology,Europe,8/8/2022,Basic,14,0,9/17/2022,0,312.99,52
135,136,Hayes-Walls,Retail,North America,10/30/2022,Basic,12,0,4/9/2023,0,301.13,55
136,137,Hansen and Sons,Logistics,Latin America,6/19/2025,Basic,13,0,8/15/2025,0,228.43,77
137,138,Santana PLC,Manufacturing,Europe,12/6/2024,Free,2,2,3/13/2025,1,5.7,14
138,139,Molina Inc,Retail,Europe,7/15/2023,Free,2,0,8/13/2023,1,9.14,0
139,140,"Jackson, Williams and Wong",Retail,North America,4/19/2023,Basic,15,0,5/22/2023,0,254.56,57
140,141,Chase-Owen,Manufacturing,North America,2/28/2025,Pro,26,2,3/16/2025,0,975.47,40
141,142,Campbell Group,Manufacturing,North America,12/26/2023,Free,6,0,12/31/2023,1,21.68,-16
142,143,"Rice, Smith and Terry",Logistics,North America,9/7/2023,Free,5,1,9/10/2023,1,33.02,-15
143,144,Walls-Collins,Retail,North America,5/11/2025,Pro,33,3,5/28/2025,0,1108.49,30
144,145,"Webster, Tran and Cowan",Healthcare,North America,4/30/2023,Pro,28,2,5/3/2023,0,979.7,84
145,146,"Stewart, Foster and Spencer",Healthcare,North America,11/24/2024,Free,4,0,12/20/2024,1,9.17,-7
146,147,Garcia-Garcia,Manufacturing,North America,5/5/2024,Basic,14,0,5/5/2024,0,250.87,55
147,148,Cox-Hicks,Retail,Asia-Pacific,1/23/2026,Enterprise,54,4,2/3/2026,0,5173.29,49
148,149,Perez-Jackson,Logistics,North America,9/17/2022,Pro,26,0,10/27/2022,0,1046.22,69
149,150,Perez-Rogers,Technology,Europe,12/6/2025,Pro,33,4,1/18/2026,0,1072,62
150,151,"Perez, Gross and Berry",Healthcare,Europe,10/1/2023,Basic,8,1,10/2/2023,0,276.1,35
151,152,Robbins Inc,Technology,North America,12/12/2023,Basic,17,0,2/26/2024,0,329.26,-12
152,153,Jacobson-Cordova,Finance,Europe,12/13/2022,Free,6,0,7/19/2023,1,14.72,0
153,154,"Cooley, Gonzalez and Jones",Healthcare,Latin America,1/9/2026,Pro,28,1,2/11/2026,0,1053.96,3
154,155,"Jones, Jones and Morgan",Retail,North America,8/26/2022,Free,3,0,9/15/2022,1,21.64,-28
155,156,Patterson PLC,Technology,Europe,1/21/2024,Pro,39,2,2/19/2024,0,879.49,62
156,157,Mendoza Inc,Logistics,Europe,10/30/2022,Free,2,0,12/2/2022,1,11.19,29
157,158,"Rhodes, Rivera and Smith",Manufacturing,North America,10/8/2024,Pro,30,0,10/17/2024,0,1087.24,23
158,159,"Cortez, Taylor and Sampson",Manufacturing,North America,3/28/2024,Enterprise,45,3,4/6/2024,0,5305.38,81
159,160,King Group,Technology,North America,11/29/2023,Pro,18,1,12/4/2023,0,939.94,50
160,161,Ward-Sanchez,Finance,Asia-Pacific,4/24/2025,Basic,21,1,5/5/2025,0,361.15,61
161,162,Martinez LLC,Healthcare,North America,6/24/2022,Basic,16,1,10/20/2022,0,347.45,33
162,163,Ramirez-Shaw,Logistics,Europe,6/7/2022,Free,8,0,8/18/2022,0,73.71,13
163,164,Thompson-Larson,Manufacturing,Latin America,12/31/2025,Free,1,0,1/10/2026,1,4.87,47
164,165,"Buchanan, Green and Rocha",Retail,North America,1/30/2026,Enterprise,63,2,4/4/2026,0,5577.29,63
165,166,Walker-Leonard,Retail,Asia-Pacific,10/9/2024,Basic,15,0,5/13/2025,0,294.65,38
166,167,Henry PLC,Technology,Asia-Pacific,2/1/2025,Basic,12,0,2/24/2025,0,253.8,13
167,168,"Duncan, Herman and Mccullough",Technology,Europe,11/26/2025,Pro,35,3,8/2/2026,0,1001.8,25
168,169,"Blevins, Barker and Contreras",Technology,North America,9/21/2024,Basic,10,1,10/11/2024,0,258.25,29
169,170,Thomas PLC,Technology,Asia-Pacific,6/16/2023,Basic,12,0,7/10/2023,0,244.47,-22
170,171,"Carey, Torres and Frank",Technology,Europe,10/20/2023,Free,8,0,1/5/2024,0,50.66,3
171,172,"Mcbride, Zimmerman and Phillips",Healthcare,North America,6/17/2024,Free,6,0,9/21/2024,1,24.95,21
172,173,Summers-Delgado,Technology,Asia-Pacific,3/27/2025,Free,3,0,7/1/2025,1,6.76,-10
173,174,Johnson Group,Technology,North America,3/15/2026,Pro,30,0,6/5/2026,0,1075.54,48
174,175,Schmidt and Sons,Technology,Europe,8/27/2022,Basic,12,0,12/14/2022,0,253.97,-5
175,176,"Riley, King and Smith",Finance,North America,1/9/2025,Free,4,0,3/23/2025,1,29.58,19
176,177,Rodriguez-Campbell,Logistics,Europe,7/7/2025,Basic,15,2,10/17/2025,0,262.56,8
177,178,Nichols-Jacobs,Logistics,Europe,2/3/2025,Free,7,0,5/26/2025,1,24.03,23
178,179,Collins Group,Healthcare,Europe,3/26/2023,Basic,17,1,7/26/2023,0,358.88,31
179,180,Lee Inc,Finance,Europe,9/25/2023,Free,3,0,10/2/2023,1,8.76,-43
180,181,Rodgers-Olson,Technology,Asia-Pacific,5/28/2024,Enterprise,65,4,7/21/2024,0,5290.81,58
181,182,Roberts Group,Finance,Europe,3/27/2023,Basic,10,0,4/22/2023,0,222.43,51
182,183,Dorsey PLC,Retail,Asia-Pacific,5/8/2023,Free,6,0,8/18/2023,1,44.07,-13
183,184,"Mcgrath, Pollard and Vaughan",Finance,North America,6/12/2022,Pro,31,0,7/18/2022,0,1028.81,32
184,185,"Sherman, Wood and Ashley",Healthcare,North America,3/30/2026,Enterprise,50,1,5/17/2026,0,5320.27,68
185,186,"Cooper, Doyle and Price",Retail,North America,12/29/2022,Enterprise,48,2,2/22/2023,0,5440.46,62
186,187,Clark LLC,Logistics,North America,10/15/2025,Pro,24,1,11/27/2025,0,942.63,51
187,188,Goodwin-Miller,Technology,Asia-Pacific,6/14/2023,Enterprise,57,1,6/28/2023,0,5459.35,59
188,189,Moore Ltd,Technology,North America,6/27/2023,Basic,11,0,10/14/2023,0,241.25,40
189,190,"Taylor, Miller and Lester",Manufacturing,Europe,4/28/2023,Pro,29,3,8/20/2023,0,1038.49,52
190,191,"Howell, Brooks and Moreno",Technology,North America,6/6/2022,Free,2,0,8/18/2022,1,14.72,-41
191,192,Adams Inc,Technology,North America,9/9/2025,Basic,19,0,9/25/2025,0,241.57,-3
192,193,Strickland Inc,Logistics,North America,10/18/2023,Basic,14,2,11/18/2023,0,263.07,-48
193,194,Kennedy and Sons,Healthcare,Latin America,9/4/2023,Free,6,0,9/8/2023,1,34.05,15
194,195,Bird LLC,Technology,North America,8/23/2023,Basic,12,1,11/20/2023,0,302.74,23
195,196,"Mclaughlin, James and Ellis",Logistics,North America,12/28/2025,Free,4,0,1/3/2026,1,22.98,-5
196,197,Woods-Nelson,Retail,Latin America,9/7/2022,Free,6,0,12/11/2022,1,17.56,-38
197,198,Moore-Guzman,Technology,North America,4/28/2023,Pro,20,0,5/24/2023,0,881.33,55
198,199,"Lane, Moore and Hawkins",Healthcare,North America,10/21/2025,Basic,15,0,6/16/2026,0,300.79,-4
199,200,Smith-White,Manufacturing,Europe,12/13/2024,Free,7,0,10/6/2025,1,60.64,61
200,201,Larson and Sons,Logistics,North America,3/20/2026,Free,6,0,10/2/2026,1,28.73,-15
201,202,Fields-Jackson,Manufacturing,North America,8/24/2024,Enterprise,47,6,12/10/2024,0,5227.1,66
202,203,Taylor-Rice,Technology,Europe,2/15/2025,Free,3,0,3/20/2025,1,15.04,32
203,204,Perry-Wolfe,Technology,North America,5/30/2023,Free,2,0,1/30/2024,1,4.74,-10
204,205,"Curry, Nguyen and Castro",Manufacturing,Asia-Pacific,12/31/2025,Basic,20,0,1/4/2026,0,365.61,44
205,206,"Taylor, Fields and Brown",Retail,Latin America,5/13/2026,Basic,16,2,1/11/2027,0,317.59,8
206,207,Smith LLC,Finance,North America,8/29/2023,Pro,24,5,11/9/2023,0,903.78,35
207,208,Cox-Mcguire,Finance,Asia-Pacific,10/16/2024,Basic,9,0,10/26/2024,0,238.14,54
208,209,"Garcia, Brown and Bell",Manufacturing,Latin America,11/19/2025,Pro,31,0,1/15/2026,0,993.29,57
209,210,Gilmore Ltd,Finance,Asia-Pacific,7/9/2025,Free,3,1,7/12/2025,1,20.2,-24
210,211,Zuniga Inc,Retail,North America,2/20/2026,Basic,13,4,4/26/2026,0,310.43,8
211,212,Hayden-Nelson,Finance,Asia-Pacific,1/25/2024,Basic,14,0,4/13/2024,0,307.19,5
212,213,Dorsey-King,Finance,North America,3/11/2026,Free,6,0,6/25/2026,1,26.88,6
213,214,Figueroa-Johnson,Technology,Europe,9/25/2024,Basic,16,1,11/17/2024,0,267.94,21
214,215,"Griffin, Parker and Brown",Retail,Europe,3/9/2024,Free,5,0,3/15/2024,1,28.57,10
215,216,Conway-Thompson,Retail,Asia-Pacific,11/25/2022,Pro,39,1,11/26/2022,0,1042.49,23
216,217,Trujillo Inc,Manufacturing,Asia-Pacific,3/17/2024,Pro,22,2,5/15/2024,0,929.13,10
217,218,Figueroa-Werner,Manufacturing,North America,8/31/2025,Basic,12,1,9/8/2025,0,262.66,-2
218,219,Padilla-Long,Finance,Latin America,1/25/2026,Pro,26,1,2/26/2026,0,982.46,35
219,220,Ramos LLC,Logistics,North America,11/23/2025,Enterprise,47,2,12/14/2025,0,5314.2,50
220,221,Rose-Harris,Finance,North America,3/2/2025,Pro,27,0,3/24/2025,0,1023.66,21
221,222,"Alvarez, Jenkins and Stephens",Technology,North America,1/24/2024,Pro,19,1,4/17/2024,0,883.58,42
222,223,Newton PLC,Logistics,Asia-Pacific,7/13/2025,Free,4,1,7/14/2025,1,29.9,10
223,224,"Duarte, Holland and Lam",Finance,North America,11/14/2025,Basic,13,0,12/7/2025,0,248.83,23
224,225,Lyons-Marsh,Finance,Europe,3/17/2025,Pro,27,0,3/31/2025,0,949.6,77
225,226,"Hawkins, Sanchez and Larson",Retail,Asia-Pacific,3/27/2026,Enterprise,53,2,7/9/2026,0,5315.27,74
226,227,Hogan Ltd,Retail,Asia-Pacific,4/27/2023,Basic,17,0,4/27/2023,0,310.75,2
227,228,"Stevens, Kaiser and Mejia",Manufacturing,Latin America,1/3/2024,Free,7,0,2/11/2024,1,32.25,-58
228,229,"Guerrero, Curry and Fischer",Logistics,Asia-Pacific,7/1/2025,Free,3,0,8/31/2025,1,15.11,-41
229,230,Collins-Fitzpatrick,Retail,Latin America,1/29/2023,Basic,15,2,2/14/2023,0,313.77,-41
230,231,Jones and Sons,Finance,North America,4/12/2023,Basic,16,1,6/2/2023,0,237.16,-4
231,232,Christensen Inc,Retail,Latin America,7/29/2025,Free,4,2,11/1/2025,1,10.6,1
232,233,Martinez-Coleman,Manufacturing,North America,8/25/2025,Free,5,0,9/11/2025,1,28.92,-9
233,234,White and Sons,Manufacturing,Europe,2/14/2026,Basic,13,1,5/28/2026,0,264.82,4
234,235,Turner-Walker,Technology,North America,5/27/2023,Basic,14,2,7/11/2023,0,308.12,44
235,236,"Henry, Fry and Gardner",Logistics,North America,2/5/2023,Free,4,0,3/3/2023,1,18.93,-17
236,237,Graves-Marshall,Logistics,North America,6/17/2022,Pro,28,4,7/13/2022,0,1069,54
237,238,Moore Inc,Technology,North America,2/11/2025,Basic,23,2,8/18/2025,0,261.3,21
238,239,Nelson-Hull,Logistics,Europe,7/6/2025,Pro,31,0,7/9/2025,0,1063.79,18
239,240,Barry-Kirby,Retail,Europe,12/21/2025,Basic,16,0,1/21/2026,0,263.69,-14
240,241,Cisneros LLC,Logistics,Europe,4/30/2023,Basic,21,4,5/16/2023,0,404.88,5
241,242,Lawson-Roberts,Healthcare,Asia-Pacific,4/27/2026,Free,5,0,5/5/2026,1,20.72,60
242,243,Cruz-Williams,Technology,Europe,8/26/2022,Free,8,0,10/8/2022,0,72.99,-22
243,244,Garcia and Sons,Logistics,Europe,10/26/2025,Free,9,1,11/7/2025,0,19.98,12
244,245,Page-Mcbride,Retail,North America,1/11/2026,Basic,11,2,1/22/2026,0,229.2,100
245,246,"Morrison, Hart and Reese",Logistics,North America,8/13/2023,Enterprise,42,4,8/15/2023,0,5088.13,88
246,247,"Lopez, Lloyd and Hernandez",Technology,North America,2/27/2023,Enterprise,58,6,3/26/2023,0,5475.09,47
247,248,Caldwell and Sons,Finance,Asia-Pacific,9/3/2022,Free,2,0,11/25/2022,1,18.63,42
248,249,Bradley PLC,Retail,North America,12/3/2023,Free,5,1,12/13/2023,1,12.69,-8
249,250,Smith Inc,Technology,Europe,3/8/2024,Enterprise,51,3,9/12/2024,0,5189.96,78
250,251,Swanson Ltd,Healthcare,Europe,10/5/2022,Free,6,0,11/15/2022,1,25.19,-31
251,252,Avery PLC,Logistics,Europe,11/8/2024,Basic,14,0,11/14/2024,0,325.22,21
252,253,Hicks-Murphy,Logistics,North America,9/23/2025,Basic,13,1,10/20/2025,0,265.43,58
253,254,"Juarez, Huynh and Davidson",Finance,North America,12/25/2024,Basic,13,0,2/23/2025,0,297.4,27
254,255,Boone Ltd,Technology,North America,6/5/2022,Basic,12,0,6/11/2022,0,313.73,35
255,256,Gonzalez-Pitts,Retail,Europe,6/28/2024,Free,5,0,10/1/2024,1,39.12,45
256,257,"Castillo, Hill and Fuller",Retail,North America,9/17/2022,Pro,21,2,1/4/2023,0,994.31,60
257,258,Hatfield and Sons,Finance,North America,8/18/2024,Free,6,0,11/2/2024,1,50.42,-49
258,259,Thomas and Sons,Healthcare,North America,3/28/2026,Pro,35,2,6/19/2026,0,1094.94,32
259,260,Jenkins LLC,Finance,Europe,8/29/2025,Free,7,0,9/4/2025,1,61.58,7
260,261,Brown and Sons,Logistics,North America,7/23/2025,Free,3,0,11/4/2025,1,10.06,-31
261,262,Hughes Ltd,Finance,North America,11/4/2024,Basic,20,1,11/19/2024,0,365.23,39
262,263,Todd-Howard,Finance,North America,1/23/2025,Basic,13,1,6/9/2025,0,233.97,39
263,264,"Parsons, Meadows and Sims",Logistics,North America,6/27/2022,Basic,19,0,8/1/2022,0,312.08,53
264,265,Owens PLC,Logistics,Europe,11/1/2025,Basic,14,1,11/11/2025,0,257.48,34
265,266,"Garcia, Elliott and Smith",Retail,Latin America,6/10/2022,Pro,33,0,6/21/2022,0,1118.02,25
266,267,Wilson PLC,Logistics,Europe,11/4/2024,Free,4,0,12/30/2024,1,21.33,-8
267,268,Gordon Ltd,Technology,North America,1/15/2024,Basic,12,0,2/14/2024,0,282.96,71
268,269,Rogers-Anderson,Retail,Asia-Pacific,3/7/2026,Basic,17,0,8/21/2026,0,268.61,44
269,270,Johnson Group,Healthcare,Europe,12/7/2024,Free,8,0,1/31/2025,0,43.04,-30
270,271,Hall Ltd,Retail,Latin America,3/29/2025,Pro,39,2,7/6/2025,0,1138.89,5
271,272,Miller-Saunders,Technology,Asia-Pacific,2/5/2024,Free,9,0,3/4/2024,0,67.73,14
272,273,Bonilla LLC,Logistics,North America,1/7/2023,Pro,35,1,1/30/2023,0,1019.57,68
273,274,Vang-Morrison,Healthcare,North America,2/11/2024,Basic,16,0,2/13/2024,0,313.46,70
274,275,"Aguilar, Stewart and Sharp",Finance,Asia-Pacific,12/10/2023,Pro,29,0,2/9/2024,0,932.15,28
275,276,Garcia and Sons,Logistics,North America,7/20/2024,Free,3,0,8/7/2024,1,7.76,2
276,277,"Diaz, Baxter and Snyder",Finance,North America,1/24/2024,Pro,36,2,4/25/2024,0,1073.56,68
277,278,Marks Group,Finance,North America,4/28/2026,Enterprise,53,4,5/13/2026,0,5468.08,57
278,279,Estes LLC,Healthcare,Europe,4/22/2025,Enterprise,61,1,7/4/2025,0,5127.08,58
279,280,"Montgomery, Austin and Meza",Finance,North America,2/11/2023,Pro,35,2,3/13/2023,0,1049.47,37
280,281,"Reyes, Jenkins and Richardson",Technology,North America,6/17/2025,Basic,9,2,9/2/2025,0,244.46,32
281,282,Edwards Inc,Technology,Asia-Pacific,4/7/2025,Pro,37,0,8/11/2025,0,1078.8,72
282,283,"York, Thomas and Terrell",Technology,Asia-Pacific,7/24/2023,Basic,13,1,10/17/2023,0,232.23,27
283,284,Parker-Lucas,Finance,North America,3/1/2024,Basic,12,1,3/30/2024,0,280.13,11
284,285,Williams-Knight,Finance,Europe,8/23/2023,Basic,25,0,12/19/2023,0,372.43,40
285,286,Bartlett-Jimenez,Retail,North America,8/14/2025,Free,4,0,12/8/2025,1,18.46,28
286,287,"Arnold, Stone and Miller",Finance,Europe,2/17/2026,Enterprise,41,2,2/17/2026,0,5176.19,43
287,288,"Mcdaniel, Smith and West",Retail,Asia-Pacific,9/16/2024,Free,3,2,9/16/2024,1,10.55,37
288,289,"Adams, Hamilton and Powell",Retail,North America,9/19/2025,Enterprise,54,3,2/20/2026,0,5209.64,82
289,290,Kim-Patrick,Retail,Europe,3/16/2026,Basic,13,1,4/4/2026,0,228.69,36
290,291,"Baird, Moody and Williams",Technology,Europe,8/31/2022,Enterprise,53,1,11/3/2022,0,5170.02,29
291,292,"Wood, Jones and Baker",Technology,Asia-Pacific,10/23/2025,Free,3,0,6/5/2026,1,27.94,88
292,293,Lopez and Sons,Finance,North America,1/6/2024,Pro,31,1,6/26/2024,0,1036.23,61
293,294,Simmons Ltd,Manufacturing,North America,4/14/2024,Pro,25,2,8/5/2024,0,962.13,32
294,295,Arnold-Henderson,Technology,North America,4/18/2025,Free,6,0,8/31/2025,1,34.16,-53
295,296,"Hernandez, Roberts and Logan",Healthcare,Europe,5/1/2025,Free,10,0,6/6/2025,0,44.07,-4
296,297,Riddle-Smith,Manufacturing,North America,10/24/2023,Basic,11,0,1/12/2024,0,291.54,21
297,298,Diaz Inc,Technology,Latin America,7/19/2022,Pro,36,2,11/2/2022,0,1081.31,22
298,299,Nunez-Willis,Logistics,Asia-Pacific,11/2/2023,Free,5,0,11/8/2023,1,28.96,-31
299,300,Brown Group,Retail,Europe,12/13/2024,Pro,25,0,1/2/2025,0,950.86,35
300,301,Smith and Sons,Healthcare,North America,12/13/2024,Free,5,1,12/23/2024,1,48.54,-14
301,302,"Fritz, Johnson and Spencer",Healthcare,North America,7/4/2025,Free,5,0,12/4/2025,1,27.08,15
302,303,Wolfe Group,Healthcare,Europe,2/25/2026,Basic,11,0,3/11/2026,0,223.79,25
303,304,Austin-King,Manufacturing,Asia-Pacific,9/16/2022,Pro,30,1,11/21/2022,0,1086.59,63
304,305,"Munoz, Patterson and Riley",Healthcare,Europe,6/21/2022,Free,2,0,9/20/2022,1,10.88,33
305,306,Becker-Summers,Retail,Europe,2/20/2023,Pro,26,2,4/29/2023,0,942.78,29
306,307,Garcia-Robertson,Manufacturing,Latin America,2/2/2024,Pro,30,2,2/12/2024,0,1016.71,20
307,308,"Johnson, Owens and Perez",Finance,Europe,5/29/2025,Basic,13,0,9/4/2025,0,280.24,10
308,309,Davila-Delgado,Logistics,North America,11/28/2023,Basic,14,0,12/26/2023,0,273.27,-1
309,310,Mooney-Hutchinson,Manufacturing,North America,1/30/2026,Free,2,0,5/3/2026,1,8.64,10
310,311,"King, Macias and Harmon",Retail,Asia-Pacific,1/15/2025,Basic,17,2,1/17/2025,0,328.93,55
311,312,"Conway, Washington and Rodriguez",Manufacturing,North America,4/25/2023,Pro,28,1,6/24/2023,0,868.82,44
312,313,Welch Inc,Finance,Asia-Pacific,11/2/2025,Free,4,0,12/17/2025,1,18.07,15
313,314,Combs-Martin,Healthcare,Asia-Pacific,3/2/2025,Enterprise,47,2,8/2/2025,0,5316.85,61
314,315,Peterson Ltd,Technology,Europe,11/30/2024,Free,6,0,1/2/2025,1,39.11,-1
315,316,"Cunningham, Davis and Khan",Manufacturing,North America,12/1/2025,Pro,36,2,2/27/2026,0,872.02,39
316,317,Jones Inc,Logistics,Europe,6/22/2022,Free,7,0,8/18/2022,1,29.41,0
317,318,Davis LLC,Logistics,North America,2/18/2026,Basic,18,0,3/13/2026,0,260.51,13
318,319,Guzman-Bradley,Logistics,North America,11/2/2023,Free,1,1,12/6/2023,1,2.52,-44
319,320,Thomas LLC,Manufacturing,North America,1/9/2026,Free,5,0,2/5/2026,1,22.86,-9
320,321,"Valdez, Smith and Cochran",Manufacturing,North America,4/30/2025,Pro,37,1,6/12/2025,0,1164.46,7
321,322,Jacobson Ltd,Technology,Asia-Pacific,7/16/2025,Basic,16,0,9/8/2026,0,270.16,22
322,323,Burch and Sons,Technology,Europe,8/4/2023,Free,6,1,9/14/2023,1,31.92,63
323,324,Trujillo PLC,Finance,Latin America,1/11/2023,Pro,27,3,1/11/2023,0,959.97,43
324,325,"Klein, Hill and Erickson",Manufacturing,North America,4/28/2026,Free,7,0,5/6/2026,1,37.53,29
325,326,"Humphrey, Wallace and Burton",Logistics,North America,9/16/2023,Basic,15,2,7/19/2024,0,309.01,38
326,327,"Wallace, Silva and Tucker",Retail,Europe,2/9/2026,Free,6,0,2/20/2026,1,27.76,69
327,328,"Ortega, Guerrero and Hicks",Finance,North America,5/30/2023,Basic,14,0,9/12/2023,0,276.79,5
328,329,White Ltd,Logistics,Latin America,11/5/2022,Basic,11,1,12/13/2022,0,254.59,19
329,330,"Green, Tate and Adams",Retail,North America,2/26/2023,Enterprise,45,2,4/4/2023,0,5095.48,67
330,331,Johnson-Walker,Retail,North America,3/9/2025,Free,7,1,3/25/2025,1,28.54,34
331,332,Lang and Sons,Finance,North America,4/23/2023,Free,0,0,8/4/2023,1,0,-33
332,333,Winters LLC,Technology,North America,4/28/2024,Free,6,1,8/5/2024,1,12.33,-8
333,334,"Jones, Gonzalez and Salazar",Technology,North America,4/9/2024,Enterprise,43,0,7/28/2024,0,5339.11,50
334,335,Nelson Group,Logistics,North America,5/19/2024,Free,5,0,6/4/2024,1,15.37,1
335,336,Hernandez-Bond,Healthcare,North America,6/19/2025,Basic,13,0,8/7/2025,0,312.29,18
336,337,Bruce-Merritt,Healthcare,Europe,1/1/2025,Enterprise,49,1,3/28/2025,0,5372.96,58
337,338,Montgomery LLC,Technology,Europe,5/30/2022,Free,7,0,6/14/2022,1,17.69,-6
338,339,Phillips-Donovan,Logistics,Latin America,7/5/2025,Free,5,0,7/9/2025,1,21.32,-25
339,340,"Snyder, Alexander and Rodriguez",Finance,Europe,3/6/2024,Free,6,0,8/18/2024,1,21.69,21
340,341,"Franklin, Carter and Fox",Retail,North America,3/30/2026,Free,4,0,7/12/2026,1,10.37,56
341,342,Rivera-Kirby,Logistics,Europe,11/30/2024,Free,5,0,2/21/2025,1,42.24,1
342,343,Hale-Quinn,Manufacturing,Europe,3/1/2023,Basic,21,1,4/2/2023,0,276.25,29
343,344,"Henry, Ortega and Harvey",Retail,North America,4/2/2023,Free,6,0,10/30/2023,1,17.33,-58
344,345,Wolfe-Young,Technology,Europe,8/10/2024,Pro,26,4,8/20/2024,0,934.26,-7
345,346,"Montoya, May and Anderson",Finance,Europe,12/5/2024,Enterprise,56,6,1/20/2025,0,5159.92,41
346,347,Smith Ltd,Finance,Europe,4/23/2024,Basic,15,0,4/27/2024,0,306.39,33
347,348,"Sanchez, Cook and Thomas",Technology,North America,8/16/2022,Basic,18,0,10/10/2022,0,295.56,18
348,349,Dunn LLC,Retail,Asia-Pacific,8/31/2024,Pro,30,0,9/5/2024,0,987.61,79
349,350,"Smith, Becker and Dodson",Finance,Europe,2/5/2023,Free,4,0,5/14/2023,1,37.05,20
350,351,Johnson-Kelly,Finance,North America,2/5/2025,Basic,15,0,2/11/2025,0,300.79,39
351,352,"Williams, Ellis and Ramirez",Technology,Europe,6/4/2024,Enterprise,44,2,10/3/2024,0,5237.38,40
352,353,Brown-Hanson,Finance,North America,2/13/2023,Basic,13,1,5/24/2023,0,239.38,62
353,354,Williams-Barnes,Retail,North America,8/16/2023,Basic,16,0,10/12/2023,0,348.81,40
354,355,Wong Group,Logistics,North America,7/6/2023,Pro,22,1,9/8/2023,0,942.05,24
355,356,Patterson Ltd,Retail,Asia-Pacific,5/4/2026,Free,1,0,9/4/2026,1,2.28,7
356,357,Frank-Lopez,Finance,North America,3/12/2023,Pro,26,4,3/29/2023,0,1005.42,58
357,358,Orr Inc,Logistics,North America,4/16/2024,Basic,17,0,5/31/2024,0,270.03,51
358,359,"Moore, Wright and Flores",Manufacturing,Latin America,4/24/2026,Basic,14,0,5/15/2026,0,237.18,9
359,360,Braun Ltd,Finance,Asia-Pacific,2/28/2023,Free,7,1,3/3/2023,1,64.75,-23
360,361,Rodriguez-Cook,Logistics,Europe,12/7/2025,Free,6,1,1/20/2026,1,18.92,53
361,362,Richardson-Green,Healthcare,North America,10/22/2022,Free,4,0,1/30/2023,1,16.58,6
362,363,Evans Ltd,Finance,North America,1/20/2024,Free,5,0,2/16/2024,1,36.19,9
363,364,Brown and Sons,Technology,North America,11/24/2022,Free,4,0,1/7/2023,1,22.16,33
364,365,Ramirez-Hood,Finance,Europe,1/29/2023,Free,9,0,2/14/2023,0,40.57,10
365,366,"Hayes, Nelson and Crawford",Logistics,Latin America,4/13/2025,Enterprise,52,1,9/7/2025,0,5458.49,58
366,367,Wells LLC,Healthcare,Europe,11/19/2023,Free,6,0,12/17/2023,1,21.25,-47
367,368,Smith Inc,Retail,North America,8/22/2024,Free,3,0,8/27/2024,1,20.91,-5
368,369,Williams-Harrison,Retail,North America,3/17/2026,Free,5,0,4/20/2026,1,41.13,-26
369,370,Lee-Barry,Logistics,Asia-Pacific,2/6/2023,Free,8,0,2/27/2023,0,41.64,59
370,371,Cooke-Arellano,Technology,North America,8/30/2023,Pro,39,5,10/8/2023,0,1139.54,50
371,372,Lopez-Fletcher,Finance,Asia-Pacific,6/13/2025,Basic,16,1,9/25/2025,0,313.55,23
372,373,"Sanchez, Rodriguez and Fisher",Finance,Asia-Pacific,11/3/2023,Enterprise,53,1,11/17/2023,0,5430.12,57
373,374,Turner-Chan,Retail,Asia-Pacific,10/17/2024,Free,8,1,10/18/2024,0,77,-30
374,375,"White, Sanchez and Richardson",Logistics,Europe,2/6/2024,Basic,7,1,4/18/2024,1,240.42,24
375,376,Williams LLC,Healthcare,Europe,9/11/2024,Pro,34,1,12/1/2024,0,976.95,26
376,377,Smith-Thompson,Retail,North America,12/31/2025,Free,4,0,6/24/2026,1,22.22,18
377,378,Jones-Jones,Logistics,Asia-Pacific,5/23/2025,Basic,14,3,6/23/2025,0,265.79,47
378,379,Shields-Davis,Manufacturing,Europe,3/14/2023,Enterprise,49,2,3/17/2023,0,5402.99,59
379,380,"Moran, Austin and Gray",Healthcare,North America,11/18/2024,Basic,14,1,12/4/2024,0,315.49,-18
380,381,"Downs, Rodriguez and Gay",Finance,North America,1/12/2024,Free,6,0,2/22/2024,1,25.06,39
381,382,Bell-Fletcher,Technology,Europe,4/9/2024,Pro,26,0,10/5/2024,0,928.26,42
382,383,"Reynolds, Dixon and Taylor",Technology,Europe,4/14/2025,Enterprise,52,3,6/30/2025,0,5480.74,86
383,384,"Morales, Hopkins and Calhoun",Retail,North America,5/1/2024,Enterprise,60,2,6/11/2024,0,5564.48,80
384,385,Keller-Ballard,Technology,Latin America,9/27/2024,Pro,45,2,12/17/2024,0,892.85,70
385,386,Hendricks-Moore,Logistics,Europe,2/2/2024,Enterprise,64,4,11/3/2024,0,5181.19,44
386,387,Norris-Gonzalez,Healthcare,North America,8/19/2025,Free,7,0,10/2/2025,1,53.51,5
387,388,"Garcia, Martinez and Porter",Finance,Europe,9/3/2022,Free,6,0,10/9/2022,1,58.75,-26
388,389,Williams-Friedman,Manufacturing,Europe,10/20/2022,Free,9,1,10/20/2022,0,51.33,22
389,390,Jones LLC,Technology,North America,10/22/2025,Pro,24,2,1/30/2026,0,968.09,50
390,391,"Smith, Beck and Lester",Healthcare,North America,2/14/2025,Pro,24,0,2/17/2025,0,1011.24,32
391,392,Roberts PLC,Logistics,Asia-Pacific,8/23/2022,Free,10,0,9/7/2022,0,71.72,-3
392,393,"Knight, Drake and Lawrence",Finance,North America,10/3/2023,Pro,37,3,10/4/2023,0,1136.08,68
393,394,Gordon-Gonzalez,Technology,Latin America,1/15/2024,Free,6,1,1/25/2024,1,15.25,2
394,395,"Warren, Fritz and Allen",Healthcare,Europe,12/8/2022,Basic,11,0,1/9/2023,0,223.67,4
395,396,"Salas, Davis and Carroll",Finance,North America,1/17/2025,Free,2,0,4/5/2025,1,14.41,-30
396,397,"Richards, Austin and Conway",Healthcare,Asia-Pacific,5/1/2023,Enterprise,62,5,9/15/2023,0,5416.65,52
397,398,"Lopez, Fox and Olsen",Manufacturing,North America,6/22/2022,Free,3,2,11/1/2022,1,7.36,-24
398,399,Smith and Sons,Retail,North America,2/21/2026,Free,9,0,2/22/2026,0,66.79,20
399,400,Ware-Pierce,Retail,Asia-Pacific,8/1/2022,Free,4,0,8/24/2022,1,25.9,3
400,401,Knapp Ltd,Logistics,Europe,6/10/2022,Basic,12,0,6/25/2022,0,284.82,21
401,402,Perez PLC,Manufacturing,Asia-Pacific,1/17/2026,Basic,11,0,2/16/2026,0,302.68,-8
402,403,"Thomas, Allen and Odonnell",Manufacturing,Asia-Pacific,9/15/2024,Basic,10,1,9/19/2024,0,276.74,37
403,404,"Berry, Glass and Martinez",Finance,Latin America,12/25/2025,Free,5,1,1/15/2026,1,19.06,16
404,405,Olson-Stephens,Manufacturing,Europe,10/1/2023,Basic,13,2,10/30/2023,0,265.41,-11
405,406,Huff Ltd,Technology,North America,8/27/2025,Free,3,0,3/16/2026,1,14.54,-20
406,407,Miller LLC,Finance,North America,5/11/2025,Pro,29,1,5/21/2025,0,957.62,26
407,408,Campbell-Good,Healthcare,North America,9/2/2022,Free,1,0,9/26/2022,1,3.21,1
408,409,Fry Ltd,Logistics,Europe,2/17/2024,Basic,16,1,8/10/2024,0,242.26,-6
409,410,"Lang, Zamora and Alvarez",Healthcare,North America,6/23/2024,Free,8,1,6/30/2024,0,69.88,23
410,411,Rowe-Guerra,Logistics,North America,8/5/2025,Basic,15,0,11/4/2025,0,345.83,92
411,412,Wood-Morris,Finance,North America,6/21/2023,Free,4,0,7/2/2023,1,20.72,83
412,413,Brown PLC,Finance,Asia-Pacific,4/1/2026,Basic,20,0,7/1/2026,0,248.87,-5
413,414,Mitchell-Clark,Technology,North America,11/9/2025,Basic,18,0,11/20/2025,0,356.83,13
414,415,Hernandez and Sons,Manufacturing,Asia-Pacific,9/10/2023,Basic,14,1,12/10/2023,0,279.8,5
415,416,"Keller, Fleming and Zamora",Finance,Europe,6/8/2023,Pro,27,0,1/12/2024,0,867.65,13
416,417,Dunn-Rivas,Technology,Asia-Pacific,1/4/2024,Basic,12,0,2/8/2024,0,263.07,56
417,418,"Ward, Riley and Morrison",Healthcare,North America,2/16/2024,Free,3,0,3/17/2024,1,24.43,28
418,419,"Liu, Keith and Lewis",Manufacturing,Asia-Pacific,8/12/2023,Free,2,0,9/10/2023,1,13.53,-14
419,420,"Hernandez, English and Alexander",Finance,Europe,4/20/2025,Basic,9,0,6/26/2025,0,265.73,66
420,421,Stephens LLC,Logistics,North America,4/2/2024,Enterprise,57,3,6/4/2024,0,5541.7,75
421,422,"Brown, Foster and Davis",Manufacturing,North America,6/27/2024,Enterprise,59,2,8/26/2024,0,5482.61,92
422,423,Davis Inc,Manufacturing,North America,10/1/2023,Pro,30,2,2/14/2024,0,907.03,49
423,424,Miller-Kim,Technology,North America,7/14/2024,Basic,15,1,1/17/2025,0,292.83,2
424,425,Hayden-Bryant,Logistics,North America,5/6/2025,Free,10,1,5/8/2025,0,29.07,44
425,426,Harper PLC,Logistics,North America,9/27/2024,Basic,17,1,11/9/2024,0,263.14,33
426,427,"Logan, Ferguson and Powell",Healthcare,Asia-Pacific,2/14/2024,Free,8,2,2/25/2024,0,20.44,0
427,428,"Williams, Webster and Wilkinson",Finance,North America,9/24/2025,Basic,22,2,2/9/2026,0,313.96,17
428,429,Ramirez-Ward,Technology,North America,12/9/2024,Free,4,0,1/11/2025,1,39.05,10
429,430,"Robinson, Chandler and Green",Manufacturing,Europe,12/31/2025,Pro,18,2,1/4/2026,0,952.43,44
430,431,Hurst-Chambers,Logistics,Asia-Pacific,11/7/2023,Basic,26,1,4/21/2024,0,404.67,30
431,432,"Hines, Hernandez and Edwards",Finance,Asia-Pacific,8/9/2025,Free,3,0,9/12/2025,1,18.34,11
432,433,Martinez and Sons,Logistics,North America,1/1/2024,Free,4,0,1/7/2024,1,30.37,31
433,434,Parker Ltd,Retail,North America,2/26/2026,Free,5,0,3/17/2026,1,38.44,3
434,435,Glover-Sexton,Healthcare,North America,6/20/2023,Basic,10,0,8/5/2023,0,232.9,20
435,436,Peterson-Harrell,Finance,Europe,11/11/2024,Free,4,0,12/7/2024,1,28.53,-16
436,437,Becker LLC,Retail,Europe,6/2/2023,Free,9,0,6/11/2023,0,18.84,-6
437,438,"Edwards, Christian and Hoffman",Retail,Europe,4/10/2025,Free,8,1,5/11/2025,0,51.07,-34
438,439,Munoz-Moore,Healthcare,Asia-Pacific,6/30/2023,Pro,31,0,9/5/2023,0,982.61,31
439,440,Morris and Sons,Retail,Europe,4/5/2024,Free,10,1,5/14/2024,0,26.38,19
440,441,"Schwartz, Flores and Johnson",Technology,North America,5/16/2024,Pro,26,1,5/16/2024,0,985.16,31
441,442,Combs and Sons,Logistics,North America,3/23/2024,Basic,18,2,10/5/2024,0,339.6,17
442,443,Gutierrez-Mcpherson,Logistics,Europe,11/3/2022,Pro,32,2,12/26/2022,0,984.51,100
443,444,"Rose, Crawford and Hayes",Retail,Latin America,2/21/2026,Basic,13,3,6/9/2026,0,283.24,-4
444,445,Brennan LLC,Technology,Europe,3/30/2025,Basic,11,0,4/20/2025,0,226.93,10
445,446,Young Inc,Logistics,North America,2/27/2026,Basic,13,2,4/1/2026,0,285.46,-25
446,447,Green-Wallace,Logistics,Asia-Pacific,9/2/2022,Basic,17,1,2/4/2023,0,300.01,25
447,448,Morales PLC,Healthcare,North America,8/17/2025,Pro,33,3,10/19/2025,0,952.34,0
448,449,"White, Morgan and Williams",Healthcare,Asia-Pacific,2/2/2024,Basic,13,0,4/9/2024,0,288.86,-24
449,450,Murphy Ltd,Manufacturing,Europe,3/27/2026,Free,7,0,7/1/2026,1,54.23,-1
450,451,Horton and Sons,Finance,Asia-Pacific,8/8/2022,Enterprise,65,3,8/19/2022,0,5135.36,48
451,452,Santiago-King,Retail,Latin America,6/3/2023,Free,6,0,9/24/2023,1,54.5,-53
452,453,"Price, Coleman and Perry",Manufacturing,Asia-Pacific,6/20/2022,Enterprise,50,4,8/25/2022,0,5438.72,48
453,454,"Hale, Spence and Duncan",Logistics,Asia-Pacific,2/24/2025,Pro,27,2,3/28/2025,0,1064.72,41
454,455,Lucas and Sons,Healthcare,North America,1/6/2025,Basic,17,2,4/18/2025,0,330.55,-14
455,456,Mcdowell Ltd,Logistics,North America,11/22/2024,Free,2,0,12/17/2024,1,8.86,22
456,457,Martinez and Sons,Manufacturing,North America,7/20/2024,Free,3,0,10/16/2024,1,14.72,35
457,458,Bryant-Hall,Technology,North America,11/7/2024,Pro,23,2,3/15/2025,0,940.11,43
458,459,Barr LLC,Healthcare,Latin America,2/10/2025,Basic,12,1,2/15/2025,0,317.73,3
459,460,Mclaughlin Group,Manufacturing,Asia-Pacific,5/26/2023,Free,1,0,11/18/2023,1,4.14,-62
460,461,Pierce PLC,Manufacturing,North America,12/24/2022,Pro,27,0,1/21/2023,0,880.43,54
461,462,Lester-Lee,Finance,North America,3/9/2024,Free,9,0,5/10/2024,0,21.81,70
462,463,"Henry, Krause and Pugh",Healthcare,North America,10/31/2024,Free,6,2,1/31/2025,1,22.57,17
463,464,Smith and Sons,Healthcare,North America,4/3/2024,Enterprise,48,1,4/18/2024,0,5114.25,43
464,465,"Sandoval, Jones and Russell",Logistics,North America,11/7/2022,Enterprise,50,0,11/26/2022,0,5214.93,62
465,466,Wong Ltd,Retail,Asia-Pacific,7/20/2023,Free,5,1,8/18/2023,1,27.09,-25
466,467,"Day, Clark and Barry",Finance,North America,2/8/2023,Free,4,0,6/3/2023,1,29.97,16
467,468,Vazquez-Lopez,Technology,Asia-Pacific,5/26/2023,Enterprise,60,3,7/20/2023,0,5181.28,57
468,469,Smith-Woodard,Healthcare,Asia-Pacific,12/25/2025,Pro,27,3,2/1/2026,0,907.57,62
469,470,"Sherman, Boone and Wong",Manufacturing,North America,11/2/2025,Free,5,0,12/2/2025,1,45.29,65
470,471,"Green, Reyes and Mccullough",Technology,North America,10/16/2022,Basic,11,0,10/17/2022,0,254.94,2
471,472,Holmes Inc,Finance,North America,9/9/2023,Basic,10,2,12/23/2023,0,232.12,0
472,473,Scott-Gregory,Manufacturing,Asia-Pacific,12/3/2025,Enterprise,49,1,1/1/2026,0,5454.21,41
473,474,Walker-Choi,Retail,Asia-Pacific,1/24/2024,Basic,11,0,2/21/2024,0,307.91,-6
474,475,Morris-Hurley,Healthcare,Europe,9/11/2022,Basic,15,0,12/16/2022,0,277.11,10
475,476,Adkins-Baird,Manufacturing,Europe,3/18/2024,Basic,16,0,4/16/2024,0,331.25,7
476,477,Brown-Hines,Manufacturing,Europe,4/12/2023,Pro,35,2,5/9/2023,0,1060.18,30
477,478,"Jimenez, Pruitt and Williams",Finance,Asia-Pacific,3/6/2023,Pro,27,1,5/8/2023,0,1003.28,34
478,479,Ward Group,Finance,North America,1/22/2026,Free,2,1,1/25/2026,1,8.22,10
479,480,Robinson-Hobbs,Logistics,Latin America,9/21/2023,Pro,34,1,9/26/2023,0,964.58,48
480,481,Burton Group,Manufacturing,Europe,8/13/2025,Free,8,2,8/30/2025,0,19.43,-28
481,482,Baldwin-Mclaughlin,Healthcare,North America,10/18/2025,Pro,22,1,10/26/2025,0,985,33
482,483,Herman-Wilson,Manufacturing,North America,5/24/2023,Free,8,0,6/3/2023,0,65.08,3
483,484,"Chapman, Dennis and Mathis",Finance,Asia-Pacific,4/20/2026,Pro,37,1,4/28/2026,0,1132.11,43
484,485,Ramos Inc,Finance,Europe,11/13/2024,Pro,25,1,12/17/2024,0,957.69,65
485,486,Morris-Kelley,Technology,North America,8/5/2023,Basic,15,1,10/31/2023,0,269.94,10
486,487,Donovan-Watson,Technology,Europe,3/12/2026,Free,3,0,5/19/2026,1,25.06,17
487,488,"Rodriguez, Allen and Johnson",Technology,North America,6/6/2022,Basic,14,3,2/14/2023,0,267.62,46
488,489,Bishop Inc,Healthcare,Asia-Pacific,4/12/2023,Free,6,1,4/19/2023,1,27.61,-46
489,490,Green and Sons,Finance,North America,10/23/2022,Enterprise,45,3,1/5/2023,0,5271.41,46
490,491,Dixon PLC,Retail,Europe,7/30/2023,Free,0,0,9/27/2023,1,0,-51
491,492,Mitchell-Ward,Technology,North America,8/16/2025,Basic,11,0,12/23/2025,0,299.88,11
492,493,"Lucas, Roth and Chavez",Retail,North America,4/4/2024,Pro,28,0,4/6/2024,0,1018.62,55
493,494,Turner Ltd,Healthcare,North America,11/12/2025,Enterprise,48,7,11/22/2025,0,5455.42,51
494,495,"Dunn, Jordan and Perez",Finance,North America,4/28/2025,Free,5,0,7/2/2025,1,39.7,-37
495,496,Mueller-Kelly,Manufacturing,Europe,11/10/2023,Free,8,0,2/5/2024,0,60.68,40
496,497,"Bolton, Brady and Brown",Logistics,North America,2/13/2025,Pro,41,1,2/14/2025,0,926.34,39
497,498,Jones-Jones,Manufacturing,North America,7/3/2022,Enterprise,46,1,11/23/2022,0,5353.91,46
498,499,Burns Inc,Logistics,Latin America,2/19/2024,Free,9,0,3/15/2024,0,68.25,0
499,500,Bates Group,Healthcare,Europe,9/13/2023,Basic,5,1,5/10/2024,1,227.18,-2
500,501,Dawson and Sons,Manufacturing,Europe,1/13/2023,Basic,19,1,6/8/2023,0,271.45,65
501,502,Garcia-Lester,Finance,North America,7/22/2022,Pro,29,1,9/27/2022,0,924.55,75
502,503,"Richard, Rivers and Coleman",Technology,North America,6/11/2022,Pro,55,4,7/11/2022,0,933.96,14
503,504,Mitchell-Carr,Technology,North America,6/19/2022,Free,3,0,6/26/2022,1,22.44,-68
504,505,Williams-Barrett,Retail,North America,10/28/2024,Pro,32,2,1/13/2025,0,1105.31,17
505,506,"Jones, Wilson and Stewart",Finance,North America,2/1/2025,Free,4,0,4/10/2025,1,15.46,14
506,507,Moreno Inc,Logistics,Europe,4/10/2025,Basic,18,1,4/27/2025,0,252.32,27
507,508,Mitchell-Hebert,Healthcare,North America,12/21/2025,Basic,14,2,1/12/2026,0,266.36,36
508,509,Singh and Sons,Technology,Asia-Pacific,11/28/2024,Basic,18,1,5/7/2025,0,352.1,-18
509,510,Wilson-Strong,Retail,North America,6/26/2022,Basic,16,0,8/5/2022,0,252.62,54
510,511,Fleming-Harris,Logistics,Europe,11/3/2024,Basic,10,0,3/9/2025,0,288.19,21
511,512,"Riley, Black and Dixon",Technology,Asia-Pacific,2/21/2026,Basic,18,1,3/6/2026,0,259.3,2
512,513,"Chapman, Mcguire and Gomez",Manufacturing,North America,3/9/2025,Basic,11,1,3/26/2025,0,270.49,0
513,514,Mcdonald Group,Healthcare,North America,11/20/2024,Free,8,1,12/20/2024,0,70.53,-35
514,515,"Baxter, Hernandez and Farrell",Manufacturing,North America,1/16/2024,Basic,18,0,1/19/2024,0,345.5,43
515,516,Black-Wright,Manufacturing,North America,8/12/2022,Pro,27,1,12/3/2022,0,866.47,58
516,517,"Robinson, Day and Hood",Technology,Europe,2/28/2023,Basic,24,5,3/6/2023,0,438.29,30
517,518,Martin-Powell,Manufacturing,Asia-Pacific,4/17/2023,Free,7,0,7/21/2023,1,67.36,4
518,519,Mccoy-Todd,Logistics,Asia-Pacific,5/14/2022,Pro,25,0,7/11/2022,0,911.31,36
519,520,Scott-Rice,Logistics,Europe,1/12/2025,Free,7,1,3/1/2025,1,24.31,-31
520,521,Fowler-Campbell,Healthcare,Asia-Pacific,1/28/2024,Basic,19,2,3/30/2024,0,381.94,36
521,522,"Mahoney, Green and Cardenas",Technology,North America,3/22/2023,Enterprise,51,4,5/25/2023,0,5504.89,53
522,523,Schmidt-Valdez,Technology,Europe,9/10/2025,Enterprise,50,3,11/9/2025,0,5428.64,49
523,524,Kennedy and Sons,Technology,Asia-Pacific,11/7/2024,Free,5,0,11/21/2024,1,12.87,-37
524,525,Thomas Inc,Retail,North America,4/2/2023,Free,5,1,9/16/2023,1,23.51,21
525,526,Glass LLC,Logistics,North America,4/2/2025,Basic,12,2,5/7/2025,0,278.71,21
526,527,Cooke Inc,Healthcare,North America,6/12/2025,Basic,15,1,6/21/2025,0,344.8,12
527,528,Ramirez-Tanner,Technology,Europe,6/2/2024,Free,6,0,10/24/2024,1,15.78,-3
528,529,Stanley-Mclean,Finance,North America,7/4/2023,Free,7,0,9/26/2023,1,31.44,-10
529,530,Collier LLC,Technology,Asia-Pacific,3/19/2026,Pro,31,0,3/31/2026,0,1104,27
530,531,Robinson LLC,Retail,North America,1/25/2024,Free,4,0,2/4/2024,1,24.53,35
531,532,"Weiss, Perkins and Ruiz",Healthcare,Europe,9/29/2023,Basic,10,2,11/10/2023,0,259.28,6
532,533,Martinez-Harvey,Retail,North America,3/17/2023,Free,7,0,8/5/2023,1,34.21,24
533,534,"Jones, Tyler and Freeman",Healthcare,North America,1/3/2024,Enterprise,57,3,1/19/2024,0,5317.31,28
534,535,Liu Group,Logistics,Europe,9/25/2025,Free,10,0,2/13/2026,0,93.72,-9
535,536,"Macias, Pope and Christensen",Retail,Europe,9/15/2022,Free,1,0,10/2/2022,1,4.81,-31
536,537,Smith PLC,Healthcare,Asia-Pacific,6/29/2023,Basic,18,2,4/14/2024,0,280.35,-6
537,538,Wilson LLC,Retail,North America,7/21/2025,Free,3,0,7/25/2025,1,28.25,-2
538,539,Baker-Campbell,Manufacturing,North America,1/31/2024,Enterprise,42,2,5/14/2024,0,5260.7,86
539,540,"Sullivan, Martinez and Shepard",Technology,North America,4/25/2023,Free,6,0,7/26/2023,1,44.97,-1
540,541,Chapman-Hernandez,Healthcare,Europe,4/27/2023,Basic,12,0,5/29/2023,0,228.73,49
541,542,Mcintyre-Washington,Technology,Europe,5/28/2023,Free,5,0,8/13/2023,1,39.25,-31
542,543,Hubbard Group,Manufacturing,North America,11/21/2025,Pro,26,3,11/26/2025,0,1046.11,65
543,544,Baldwin-Brown,Logistics,Latin America,9/5/2025,Basic,5,0,9/12/2025,1,246.91,-31
544,545,Nash-Rodriguez,Finance,North America,4/4/2025,Basic,24,1,4/9/2025,0,336.82,3
545,546,Rodriguez-Best,Retail,Latin America,3/16/2025,Basic,17,0,5/6/2025,0,264.92,48
546,547,Burns Ltd,Finance,Europe,4/12/2024,Free,6,0,6/29/2024,1,31.74,23
547,548,Taylor Inc,Manufacturing,Europe,5/24/2025,Free,4,2,10/2/2025,1,36.14,18
548,549,Smith Group,Retail,Asia-Pacific,8/2/2025,Free,2,0,10/12/2025,1,18.02,-23
549,550,"Mcknight, Delgado and Mccullough",Healthcare,North America,3/5/2023,Free,10,0,6/4/2023,0,97.99,-12
550,551,"Johnson, Stewart and Griffin",Technology,Europe,5/3/2023,Free,2,0,3/8/2024,1,19.33,-54
551,552,"Mcdonald, Blair and Mata",Finance,North America,6/14/2022,Pro,26,3,8/1/2022,0,1056.7,44
552,553,Navarro LLC,Retail,North America,8/3/2024,Free,8,0,1/17/2025,0,52.28,-3
553,554,Watson-Garcia,Manufacturing,Latin America,4/1/2023,Basic,12,4,6/27/2023,0,229.94,4
554,555,Baker-Sanchez,Healthcare,North America,8/18/2023,Free,2,1,8/27/2023,1,7.51,-12
555,556,Harper PLC,Logistics,North America,12/14/2024,Basic,15,2,12/16/2024,0,326.39,19
556,557,Cline Ltd,Manufacturing,Asia-Pacific,2/20/2023,Pro,31,2,3/16/2023,0,903.35,52
557,558,Lewis Inc,Retail,Asia-Pacific,9/20/2022,Pro,36,0,10/6/2022,0,1054.76,9
558,559,Pittman-Elliott,Finance,Europe,11/11/2024,Free,1,0,12/27/2024,1,5.52,-10
559,560,Macdonald-Richardson,Healthcare,Asia-Pacific,11/1/2022,Free,8,0,11/4/2022,0,63.21,28
560,561,"Mosley, Sanders and Brown",Technology,North America,6/16/2023,Basic,15,0,8/10/2023,0,234.38,75
561,562,"Allen, White and Hamilton",Logistics,Asia-Pacific,9/25/2025,Free,6,0,1/10/2026,1,49.42,-13
562,563,Bowen-Pierce,Logistics,Latin America,10/15/2025,Enterprise,56,2,12/15/2025,0,5370.71,29
563,564,Miller PLC,Technology,North America,10/5/2024,Pro,30,2,2/21/2025,0,896.1,56
564,565,Weaver-Warren,Technology,Asia-Pacific,2/24/2023,Basic,16,1,9/6/2023,0,335.89,-14
565,566,Roberts PLC,Logistics,Asia-Pacific,10/3/2023,Basic,15,0,10/5/2023,0,344.15,-19
566,567,Murphy-Summers,Manufacturing,Europe,2/19/2023,Basic,19,1,7/23/2023,0,349.17,44
567,568,Black-Garza,Logistics,Europe,6/14/2024,Pro,32,0,8/16/2024,0,888.86,15
568,569,Sanders PLC,Manufacturing,Asia-Pacific,10/15/2025,Free,6,0,5/1/2026,1,44,22
569,570,Rogers LLC,Manufacturing,Europe,11/20/2023,Free,3,1,11/24/2023,1,24.63,-22
570,571,"Smith, Hicks and Sullivan",Technology,Europe,2/22/2026,Free,4,0,4/2/2026,1,39.38,-14
571,572,Thomas-Miller,Finance,Europe,7/19/2022,Free,5,0,8/18/2022,1,20.08,44
572,573,Hicks Inc,Retail,Europe,8/26/2025,Free,8,1,11/27/2025,0,78.17,-45
573,574,Rodriguez Ltd,Manufacturing,North America,1/26/2026,Pro,28,2,1/27/2026,0,943.64,62
574,575,Roberts-Bell,Logistics,Latin America,12/21/2023,Free,8,2,6/9/2024,0,37.55,-19
575,576,Melton LLC,Manufacturing,Asia-Pacific,8/30/2023,Free,6,0,9/28/2023,1,47.82,7
576,577,"Kane, Wilson and Whitehead",Logistics,Asia-Pacific,3/2/2024,Pro,32,2,7/4/2024,0,1044.53,71
577,578,Brown Ltd,Logistics,North America,9/11/2024,Free,6,1,1/22/2025,1,49.4,-64
578,579,"Peters, Young and Adams",Healthcare,Europe,4/13/2023,Basic,11,0,9/12/2023,0,273.53,9
579,580,Tapia Ltd,Healthcare,Asia-Pacific,7/26/2025,Basic,18,0,8/16/2025,0,295.99,28
580,581,Fitzgerald-Mcdaniel,Finance,North America,7/16/2022,Free,3,0,8/7/2022,1,6.57,-70
581,582,"Crawford, Anderson and Smith",Retail,Europe,2/5/2024,Free,4,1,2/19/2024,1,14.08,36
582,583,"Allen, Wilcox and Ortiz",Retail,Asia-Pacific,8/20/2024,Free,7,0,2/26/2025,1,51.63,-30
583,584,Ibarra and Sons,Technology,Latin America,9/6/2025,Free,10,0,9/13/2025,0,41.62,39
584,585,Carter-Mejia,Manufacturing,North America,9/10/2023,Basic,14,1,9/24/2023,0,274.59,49
585,586,Klein LLC,Retail,Asia-Pacific,1/22/2025,Basic,13,0,1/24/2025,0,269.43,-19
586,587,Luna-Huffman,Healthcare,Europe,10/12/2023,Basic,16,1,11/20/2023,0,247.98,11
587,588,"Perez, Becker and Oconnell",Manufacturing,Asia-Pacific,9/18/2022,Pro,32,1,1/7/2023,0,997.79,29
588,589,Long-Moore,Technology,Latin America,1/8/2024,Free,7,1,3/2/2024,1,54.07,12
589,590,Rogers LLC,Manufacturing,Asia-Pacific,3/28/2026,Free,3,0,5/5/2026,1,6.56,21
590,591,Rodriguez-Davis,Healthcare,North America,7/22/2024,Basic,17,0,10/27/2024,0,345.98,38
591,592,Merritt Inc,Healthcare,North America,8/21/2024,Free,1,1,8/24/2024,1,9.4,-68
592,593,Anderson Ltd,Manufacturing,North America,11/1/2022,Free,7,1,11/24/2022,1,17.65,-37
593,594,Mayer-Perez,Finance,North America,8/10/2025,Basic,16,0,8/25/2025,0,241.03,-24
594,595,Lambert-Carr,Logistics,Latin America,10/31/2024,Basic,13,1,3/1/2025,0,295.71,26
595,596,Cherry Group,Finance,Asia-Pacific,1/19/2025,Basic,25,1,1/30/2025,0,432.15,30
596,597,Ward-Cross,Manufacturing,Europe,5/3/2026,Pro,42,1,7/20/2026,0,1001,37
597,598,"White, Blankenship and Ross",Healthcare,North America,4/5/2026,Pro,38,0,5/4/2026,0,1056.64,65
598,599,Anderson Inc,Technology,Latin America,10/13/2023,Pro,31,3,12/26/2023,0,892.49,28
599,600,"Hodge, Morris and Orozco",Logistics,North America,4/11/2024,Free,4,0,4/30/2024,1,24.69,-12
600,601,Page Ltd,Healthcare,Europe,12/30/2022,Free,4,0,1/8/2023,1,28.26,0
601,602,Moran-Sanchez,Retail,Asia-Pacific,10/5/2024,Basic,21,2,10/8/2024,0,277.05,26
602,603,Pearson PLC,Finance,North America,11/15/2024,Basic,19,2,11/16/2024,0,307.5,51
603,604,Glover Group,Technology,North America,4/23/2026,Basic,8,0,4/23/2026,0,257.69,-30
604,605,Baker-Nelson,Technology,North America,10/25/2025,Free,3,0,11/14/2025,1,22.77,-2
605,606,Aguilar-Park,Finance,North America,7/29/2023,Free,4,0,8/17/2023,1,25.29,-7
606,607,Castillo Inc,Retail,Asia-Pacific,9/14/2023,Enterprise,57,3,9/23/2023,0,5158.17,53
607,608,Dunlap Ltd,Finance,Europe,5/9/2026,Free,5,0,5/26/2026,1,32.55,17
608,609,Russo Group,Manufacturing,Asia-Pacific,8/14/2023,Free,8,0,9/18/2023,0,75,20
609,610,Ewing-Yates,Logistics,Asia-Pacific,8/14/2022,Basic,11,0,8/24/2022,0,232.76,39
610,611,"Davis, Saunders and Adams",Healthcare,North America,3/2/2024,Basic,13,0,12/24/2024,0,240.97,1
611,612,Barron LLC,Technology,North America,2/23/2024,Basic,6,0,5/22/2024,1,252.34,-7
612,613,Cruz Ltd,Finance,North America,11/20/2024,Basic,20,0,11/26/2024,0,302.97,6
613,614,"Wells, Stephenson and Davis",Retail,Latin America,6/2/2025,Pro,33,1,11/9/2025,0,975.04,39
614,615,"Davis, Good and Young",Healthcare,North America,8/8/2024,Free,3,0,8/20/2024,1,17.63,0
615,616,"Lara, Mclean and Davis",Logistics,North America,5/5/2023,Free,6,0,6/10/2023,1,16.24,59
616,617,"Wheeler, Wu and Poole",Retail,Europe,3/15/2023,Free,8,0,4/10/2023,0,49.79,-62
617,618,"Huynh, Calderon and Browning",Logistics,Europe,4/13/2024,Enterprise,40,4,6/25/2024,0,5267.75,82
618,619,Williams LLC,Technology,North America,5/24/2024,Pro,38,4,6/14/2024,0,1013.35,59
619,620,Roberson-Hernandez,Logistics,North America,11/2/2025,Basic,5,0,11/14/2025,1,217.06,24
620,621,Meyer-Burns,Finance,North America,6/21/2025,Free,6,0,9/22/2025,1,40.19,-16
621,622,Harris and Sons,Logistics,Europe,1/17/2026,Pro,18,1,3/18/2026,0,976.85,28
622,623,Blair-Brock,Technology,Latin America,12/25/2023,Basic,14,0,1/10/2024,0,269.83,16
623,624,Ryan PLC,Manufacturing,Asia-Pacific,2/2/2026,Free,6,0,3/14/2026,1,42.55,15
624,625,Baker Group,Finance,Asia-Pacific,12/7/2024,Free,5,0,1/31/2025,1,11.64,18
625,626,"Wells, Clark and Gonzalez",Finance,North America,5/19/2025,Enterprise,56,5,5/23/2025,0,5521.08,55
626,627,Lowery Inc,Healthcare,Asia-Pacific,12/17/2022,Basic,19,2,1/6/2023,0,369.83,-67
627,628,Brady-Rogers,Manufacturing,Europe,5/25/2024,Free,7,0,8/23/2024,1,48.26,-5
628,629,"Hernandez, Moody and Clark",Manufacturing,Europe,7/2/2022,Enterprise,54,6,10/9/2022,0,5118.12,62
629,630,Maxwell-Summers,Manufacturing,Latin America,1/6/2026,Pro,32,2,2/1/2026,0,966.52,50
630,631,"Miller, Jones and Gomez",Logistics,Europe,3/13/2024,Free,4,0,3/19/2024,1,22.4,-43
631,632,"Rivers, Hurley and Thomas",Logistics,North America,11/1/2023,Free,5,1,12/3/2023,1,10.07,1
632,633,"Nicholson, Ferguson and Neal",Retail,North America,2/8/2026,Enterprise,52,2,3/16/2026,0,5107.57,58
633,634,"Singleton, Wilson and Jarvis",Healthcare,North America,2/17/2023,Free,6,0,3/5/2023,1,56.61,53
634,635,Russell-Cruz,Manufacturing,Asia-Pacific,7/26/2023,Pro,23,0,7/28/2023,0,908.09,0
635,636,Villanueva-Hayes,Manufacturing,Europe,11/5/2024,Free,6,0,1/23/2025,1,45.89,30
636,637,Scott-Rangel,Technology,North America,9/26/2024,Basic,17,3,10/20/2024,0,299.11,-3
637,638,Dunlap Ltd,Manufacturing,Asia-Pacific,12/13/2025,Pro,33,2,2/14/2026,0,888.56,20
638,639,"Castillo, Floyd and Weaver",Finance,Asia-Pacific,5/14/2023,Enterprise,44,2,5/17/2023,0,5335.51,74
639,640,Johnson LLC,Logistics,Latin America,4/23/2025,Enterprise,43,2,6/29/2025,0,5249.86,84
640,641,Thornton and Sons,Logistics,North America,3/7/2024,Basic,12,1,3/7/2024,0,284.74,89
641,642,Mcdaniel LLC,Finance,Latin America,7/15/2024,Free,6,0,8/30/2024,1,24.97,17
642,643,Hubbard Ltd,Retail,North America,11/21/2022,Free,6,0,1/3/2023,1,12.31,4
643,644,George Group,Healthcare,Asia-Pacific,7/29/2025,Free,8,0,9/29/2025,0,76.58,20
644,645,"Combs, Long and Mathews",Manufacturing,Europe,6/9/2023,Pro,31,1,9/25/2023,0,1056.46,34
645,646,Russell LLC,Manufacturing,Asia-Pacific,9/5/2023,Free,7,0,2/13/2024,1,52.59,-23
646,647,"Martinez, Pitts and Castro",Manufacturing,North America,4/28/2024,Enterprise,56,3,5/4/2024,0,5228.08,59
647,648,Johnson PLC,Finance,North America,12/11/2025,Pro,21,0,1/3/2026,0,999.51,70
648,649,Gray Group,Healthcare,Asia-Pacific,12/11/2025,Basic,19,0,1/4/2026,0,323.86,32
649,650,"Williams, Taylor and Lane",Finance,Asia-Pacific,3/13/2024,Basic,16,2,4/19/2024,0,257.13,30
650,651,"Carpenter, Bailey and Medina",Manufacturing,Europe,6/10/2024,Free,7,0,6/30/2024,1,26.79,30
651,652,"Allen, Bailey and Alvarez",Technology,Asia-Pacific,8/5/2024,Free,5,1,8/23/2024,1,46.25,27
652,653,Cook PLC,Finance,North America,3/14/2024,Free,2,0,4/2/2024,1,14.7,-41
653,654,"Rivers, Evans and Ramirez",Healthcare,Europe,10/19/2022,Free,5,0,8/5/2023,1,32.3,26
654,655,"Brown, Foster and Fleming",Finance,Europe,5/3/2024,Basic,13,1,6/14/2024,0,231.63,43
655,656,Huynh-Wong,Logistics,North America,4/13/2026,Free,7,0,9/27/2026,1,59.75,24
656,657,Williams-Rogers,Retail,Asia-Pacific,1/17/2023,Free,5,1,3/16/2023,1,30.7,-19
657,658,Werner Group,Technology,North America,2/13/2023,Free,9,1,8/13/2023,0,29.76,29
658,659,Vasquez-Thornton,Technology,North America,12/16/2024,Basic,15,0,4/19/2025,0,255.7,4
659,660,Pace Group,Technology,North America,12/31/2025,Basic,11,0,1/6/2026,0,235.12,34
660,661,"Ferguson, Huffman and Stafford",Finance,North America,6/20/2022,Pro,27,1,1/10/2023,0,924.55,61
661,662,"Barker, Adkins and Nichols",Finance,Asia-Pacific,7/18/2023,Basic,15,0,10/26/2023,0,270.48,50
662,663,Hoffman-Graves,Manufacturing,North America,8/7/2022,Free,8,0,8/27/2022,0,79.82,-46
663,664,"Campbell, Lewis and Clark",Logistics,Europe,1/16/2023,Free,4,0,1/25/2023,1,12.89,61
664,665,Cook Group,Retail,Europe,5/14/2023,Free,7,0,9/26/2023,1,23.89,15
665,666,Kennedy-Evans,Manufacturing,Europe,3/1/2023,Free,2,0,4/22/2023,1,17.64,-39
666,667,Fernandez-Burton,Retail,North America,12/25/2023,Free,4,0,12/25/2023,1,30.67,-8
667,668,Richard-Kennedy,Manufacturing,North America,8/22/2022,Basic,18,0,8/31/2022,0,360.35,22
668,669,Adams LLC,Manufacturing,Asia-Pacific,8/30/2025,Free,4,2,12/31/2025,1,9.02,8
669,670,Estrada Group,Finance,North America,11/30/2023,Free,4,0,1/7/2024,1,20.71,-22
670,671,"Shaw, Wolf and Cummings",Technology,North America,4/14/2024,Free,2,0,4/26/2024,1,7.39,-16
671,672,Bond-Harris,Logistics,Europe,8/14/2022,Free,8,1,9/2/2022,0,78.71,5
672,673,"Elliott, Holmes and Berry",Logistics,Asia-Pacific,1/19/2024,Free,7,0,5/21/2024,1,16.19,-17
673,674,Stone-Dunlap,Manufacturing,North America,3/27/2026,Enterprise,47,2,10/3/2026,0,5324.87,77
674,675,Gordon-Bray,Technology,Europe,2/16/2023,Basic,14,0,4/14/2023,0,323.73,29
675,676,"Shelton, Martinez and Wolfe",Logistics,Asia-Pacific,11/1/2023,Free,2,1,11/3/2023,1,10.04,-19
676,677,"Bartlett, Jones and Dodson",Logistics,North America,4/28/2025,Basic,12,1,7/12/2025,0,302.28,-14
677,678,Chen-Rogers,Logistics,North America,10/24/2022,Basic,15,2,11/15/2022,0,293.79,30
678,679,Gonzalez-Kemp,Logistics,Asia-Pacific,3/8/2024,Pro,30,3,7/25/2024,0,896.97,71
679,680,"Adams, Robinson and Gonzales",Technology,Latin America,12/7/2023,Free,8,3,12/12/2023,0,52.34,-20
680,681,Hart-Clayton,Manufacturing,Europe,8/20/2022,Pro,26,3,11/13/2022,0,937.65,59
681,682,"Hodge, Collins and Ho",Logistics,North America,6/2/2024,Free,10,0,11/2/2024,0,65.62,-6
682,683,"Adkins, Zamora and Owens",Retail,North America,12/27/2024,Free,6,0,1/21/2025,1,53.86,-22
683,684,"King, Reynolds and Wiley",Retail,North America,7/19/2024,Basic,15,0,8/7/2024,0,260.55,31
684,685,Scott Group,Healthcare,Asia-Pacific,4/27/2023,Enterprise,46,3,5/1/2023,0,5323.56,57
685,686,"Ford, Parsons and Norris",Technology,Latin America,1/2/2025,Pro,30,0,1/31/2025,0,980.67,48
686,687,"Jordan, West and Martinez",Finance,North America,9/28/2023,Enterprise,43,3,10/8/2023,0,5294.36,47
687,688,"Dixon, Hodge and Guerrero",Technology,Asia-Pacific,10/29/2024,Pro,31,2,11/27/2024,0,1031.08,90
688,689,Williams-Willis,Retail,North America,9/27/2025,Free,2,0,10/4/2025,1,18.51,15
689,690,Perez-Walton,Logistics,North America,1/10/2026,Free,6,0,1/11/2026,1,23.72,-18
690,691,Weaver-Figueroa,Retail,North America,10/5/2022,Free,5,1,11/15/2022,1,19.42,0
691,692,Santos Group,Logistics,Europe,3/19/2023,Basic,18,2,4/3/2023,0,281.39,24
692,693,"Walker, Randall and Olsen",Logistics,Asia-Pacific,5/18/2023,Pro,31,1,10/21/2023,0,971.53,15
693,694,"Ramirez, Jordan and Sandoval",Technology,North America,8/18/2025,Pro,25,0,12/18/2025,0,1009.92,35
694,695,Willis and Sons,Logistics,North America,12/13/2022,Free,6,0,6/11/2023,1,27.92,52
695,696,"Castillo, Ware and Collier",Manufacturing,Asia-Pacific,11/23/2024,Basic,14,1,2/6/2025,0,293.83,14
696,697,"Harding, Lee and Castaneda",Technology,Europe,7/15/2022,Basic,16,0,9/16/2022,0,305.34,2
697,698,Johnson Ltd,Logistics,Europe,1/27/2025,Pro,27,0,3/28/2025,0,1051.81,11
698,699,Graham-Anderson,Finance,Asia-Pacific,6/1/2022,Basic,18,0,6/28/2022,0,245.76,-24
699,700,"Mendoza, Marquez and Hutchinson",Finance,Europe,4/23/2024,Free,6,1,11/25/2024,1,47.32,51
700,701,"Washington, Hunter and Lawson",Technology,North America,1/15/2026,Free,3,0,1/15/2026,1,13.87,25
701,702,Jackson-Howard,Retail,Asia-Pacific,8/20/2023,Basic,9,1,10/22/2023,0,272.89,34
702,703,Lee-Jones,Logistics,Europe,8/18/2023,Free,6,0,10/26/2023,1,14.11,-6
703,704,Mejia Group,Logistics,Asia-Pacific,7/1/2022,Basic,14,0,7/1/2022,0,322.73,1
704,705,"Becker, Wright and Lawrence",Logistics,Latin America,9/1/2023,Free,9,0,11/10/2023,0,18.47,2
705,706,"Evans, Carr and York",Manufacturing,North America,11/27/2024,Basic,13,1,2/17/2025,0,323.89,6
706,707,Pittman-Hamilton,Technology,Europe,6/15/2025,Pro,22,0,8/2/2025,0,900.92,32
707,708,Ruiz and Sons,Manufacturing,North America,3/30/2025,Basic,15,0,4/2/2025,0,259.14,29
708,709,Young-Fritz,Healthcare,North America,10/23/2024,Free,2,0,12/3/2024,1,7.82,-5
709,710,Cortez Inc,Healthcare,Europe,7/20/2023,Free,3,0,7/21/2023,1,26.71,41
710,711,Foster-Morrow,Technology,Asia-Pacific,1/1/2026,Free,6,0,1/1/2026,1,20.24,-19
711,712,Johnson and Sons,Manufacturing,North America,2/24/2023,Free,5,1,8/2/2023,1,46.16,-2
712,713,"Brown, Boone and Robbins",Technology,North America,6/20/2024,Basic,12,1,10/14/2024,0,229.14,38
713,714,"Hill, Martinez and Johnson",Technology,Latin America,8/8/2023,Free,8,0,9/28/2023,0,78.18,-33
714,715,Sweeney-Parker,Manufacturing,North America,3/28/2025,Basic,9,0,4/16/2025,0,227.87,30
715,716,Santos-Moore,Retail,Europe,1/1/2025,Free,3,1,3/28/2025,1,24.91,-44
716,717,White Ltd,Retail,Asia-Pacific,1/6/2025,Pro,29,4,1/18/2025,0,1074.95,34
717,718,Wright Group,Healthcare,North America,8/30/2023,Free,5,0,10/21/2023,1,14.7,21
718,719,Lynch-Willis,Retail,North America,8/26/2025,Free,7,0,10/26/2025,1,15.47,-18
719,720,"Barnes, Woods and Hopkins",Retail,Asia-Pacific,10/28/2023,Pro,23,0,1/12/2024,0,957.82,53
720,721,Conway Group,Healthcare,Europe,12/7/2022,Basic,15,1,12/11/2022,0,253.62,32
721,722,"Stevens, Kelley and Velez",Finance,Asia-Pacific,6/18/2025,Basic,17,0,6/24/2025,0,282.99,12
722,723,"Johnson, Nguyen and Gallagher",Logistics,North America,1/1/2026,Free,4,0,1/14/2026,1,25.42,-18
723,724,"Roberts, Romero and Ward",Healthcare,Europe,6/19/2024,Pro,37,4,7/20/2024,0,988.42,61
724,725,Allison-Ross,Technology,North America,5/10/2024,Basic,14,0,6/27/2024,0,247.53,41
725,726,Lynn Group,Retail,Asia-Pacific,9/23/2022,Pro,30,3,11/13/2022,0,1088.51,65
726,727,Cole Inc,Manufacturing,Europe,1/16/2025,Basic,25,3,3/12/2025,0,294.22,-14
727,728,"Caldwell, King and Snow",Technology,North America,1/22/2023,Basic,19,1,2/27/2023,0,271.7,12
728,729,"Turner, Allen and Davis",Logistics,Latin America,11/30/2022,Basic,16,0,1/25/2023,0,293.17,59
729,730,Turner PLC,Healthcare,Europe,1/4/2025,Free,6,0,3/23/2025,1,56.73,11
730,731,Arias-Ward,Healthcare,Europe,11/20/2022,Free,5,0,11/30/2022,1,26.34,18
731,732,Gonzalez-Carter,Healthcare,Europe,1/8/2025,Basic,13,0,2/11/2025,0,297.12,-10
732,733,"Medina, Bridges and Henderson",Manufacturing,Asia-Pacific,10/24/2025,Basic,12,1,10/26/2025,0,300.33,-3
733,734,"Cruz, Williams and Thomas",Manufacturing,North America,12/13/2022,Basic,22,0,1/3/2023,0,372.63,46
734,735,Jones Inc,Healthcare,Europe,7/22/2024,Pro,31,2,8/8/2024,0,1081.65,34
735,736,Paul-Kelly,Logistics,North America,12/23/2024,Free,7,0,4/11/2025,1,22.83,-3
736,737,Roberts LLC,Finance,Asia-Pacific,5/22/2022,Pro,33,1,5/24/2022,0,893.8,33
737,738,Foster-Schroeder,Manufacturing,North America,12/1/2024,Pro,32,2,12/14/2024,0,996.73,25
738,739,"Robbins, Stevens and Anderson",Retail,Latin America,10/24/2023,Free,5,0,1/23/2024,1,36.16,-12
739,740,"Harrell, Sawyer and Lambert",Logistics,Europe,4/28/2024,Free,5,0,6/10/2024,1,39.93,-19
740,741,Powell PLC,Retail,Europe,12/13/2023,Basic,17,1,12/29/2023,0,329.55,0
741,742,Mccoy-Jordan,Healthcare,Asia-Pacific,9/28/2023,Free,4,0,10/15/2023,1,29.68,-67
742,743,"Mcdaniel, Barr and Hendricks",Logistics,Europe,9/21/2023,Basic,20,1,1/7/2024,0,399.56,42
743,744,Jennings-Bond,Healthcare,North America,12/5/2025,Free,4,1,7/12/2026,1,20.83,3
744,745,"White, Howell and House",Logistics,North America,7/1/2022,Free,8,0,12/29/2022,0,56.51,-1
745,746,Stone-Hamilton,Technology,North America,3/17/2024,Free,1,0,3/28/2024,1,6.01,9
746,747,Miller-Reyes,Healthcare,North America,12/31/2025,Basic,17,0,3/21/2026,0,359.94,52
747,748,Lopez and Sons,Finance,North America,3/31/2025,Enterprise,46,2,4/20/2025,0,5161.43,36
748,749,Jones PLC,Finance,Europe,10/10/2025,Enterprise,51,1,10/14/2025,0,5133.31,32
749,750,"Snyder, Chen and Carter",Manufacturing,North America,5/19/2024,Basic,17,0,8/4/2024,0,297.13,-33
750,751,"Roberts, Rowland and Garcia",Finance,North America,4/9/2025,Free,3,0,5/8/2025,1,12.57,-43
751,752,Smith-Jones,Logistics,North America,5/24/2022,Free,10,1,8/27/2022,0,79.72,5
752,753,Ramirez LLC,Healthcare,Asia-Pacific,4/20/2023,Basic,14,2,7/2/2023,0,282.71,28
753,754,"Duffy, Hudson and Mccoy",Retail,North America,11/24/2023,Free,4,0,1/7/2024,1,18.87,9
754,755,Watkins-Levine,Technology,Asia-Pacific,2/7/2023,Basic,18,2,5/2/2023,0,311.91,57
755,756,Serrano LLC,Finance,Asia-Pacific,11/22/2022,Free,3,0,11/26/2022,1,17.59,-78
756,757,Franklin PLC,Finance,Europe,10/10/2023,Enterprise,48,0,1/27/2024,0,5363.34,67
757,758,Diaz and Sons,Retail,Asia-Pacific,5/18/2022,Pro,38,0,7/4/2022,0,1020.79,46
758,759,Scott-Swanson,Manufacturing,North America,7/8/2025,Basic,14,1,11/8/2025,0,298.67,36
759,760,"Kelly, Shah and Kemp",Manufacturing,North America,12/31/2024,Basic,14,1,2/22/2025,0,308.01,40
760,761,Pham-Harris,Retail,North America,1/26/2023,Basic,15,3,2/18/2023,0,302.01,12
761,762,Palmer LLC,Finance,North America,7/18/2023,Free,11,1,2/23/2024,0,34.92,4
762,763,"Ritter, Sullivan and Smith",Manufacturing,Europe,4/8/2025,Free,3,0,4/24/2025,1,11.35,-12
763,764,Mercado LLC,Retail,North America,5/7/2026,Free,7,0,5/21/2026,1,30.28,-11
764,765,Patterson-Berg,Retail,Europe,5/11/2023,Basic,18,0,5/16/2023,0,350.22,10
765,766,"Molina, Johns and Hansen",Technology,North America,2/28/2026,Free,2,0,6/15/2026,1,11.87,-46
766,767,Henson PLC,Retail,North America,1/5/2024,Free,2,0,2/23/2024,1,11.4,2
767,768,Anderson PLC,Retail,North America,11/5/2023,Pro,34,0,2/25/2024,0,880.58,59
768,769,"Hall, Salas and Harris",Retail,Europe,10/15/2024,Free,4,0,10/19/2024,1,15.48,3
769,770,"Watson, Abbott and Stone",Retail,North America,4/29/2024,Free,3,0,5/3/2024,1,13.18,0
770,771,"Jackson, Manning and Curtis",Manufacturing,North America,9/30/2024,Basic,17,1,10/5/2024,0,306.16,10
771,772,"Lopez, Garcia and Avila",Manufacturing,North America,4/10/2026,Free,2,0,4/10/2026,1,15.81,6
772,773,"Ford, Olson and Mejia",Logistics,Europe,2/10/2023,Free,3,0,4/4/2023,1,23.88,12
773,774,"Silva, Coleman and Johnson",Manufacturing,Asia-Pacific,8/15/2024,Pro,34,6,9/20/2024,0,1070.88,68
774,775,"Mcdonald, Patterson and Aguilar",Logistics,Asia-Pacific,4/6/2026,Pro,25,3,4/9/2026,0,999.59,34
775,776,"Johnson, Duncan and Cantu",Technology,North America,7/26/2022,Free,4,0,12/2/2022,1,21.56,49
776,777,Coleman-Anderson,Technology,North America,2/28/2025,Basic,15,0,3/15/2025,0,269.35,-2
777,778,Grant Inc,Logistics,North America,3/23/2026,Enterprise,54,3,5/8/2026,0,5182.02,81
778,779,"Vasquez, Kidd and Watson",Technology,Asia-Pacific,5/15/2025,Free,3,0,9/18/2025,1,27.88,8
779,780,Gonzalez Group,Finance,Europe,5/14/2023,Basic,16,2,11/13/2023,0,279.58,7
780,781,"Swanson, Martinez and Thomas",Finance,North America,11/28/2023,Pro,35,7,12/30/2023,0,1091.37,76
781,782,"Kelly, Moore and Case",Retail,Asia-Pacific,12/24/2023,Pro,27,3,1/5/2024,0,1058.62,18
782,783,"Vasquez, Richardson and Cox",Technology,Asia-Pacific,12/12/2024,Enterprise,34,1,3/26/2025,0,5258.37,44
783,784,Gardner-Hernandez,Finance,North America,1/18/2024,Free,4,0,5/12/2024,1,13.23,-2
784,785,Gibson-Cochran,Technology,North America,1/2/2024,Enterprise,52,5,3/7/2024,0,5412.86,66
785,786,Murphy Group,Technology,Asia-Pacific,4/23/2025,Pro,28,0,7/30/2025,0,940.7,38
786,787,Bailey-Matthews,Healthcare,Europe,10/9/2025,Free,3,0,2/25/2026,1,8.19,10
787,788,"Freeman, Johnson and Randall",Manufacturing,Asia-Pacific,10/24/2025,Free,6,1,11/15/2025,1,33.98,-24
788,789,Mcdowell LLC,Technology,Asia-Pacific,3/14/2025,Pro,35,2,4/2/2025,0,947.18,12
789,790,"Patel, Simpson and Gutierrez",Technology,North America,11/2/2025,Pro,39,1,4/26/2026,0,1150.31,68
790,791,Martinez and Sons,Healthcare,North America,3/6/2026,Basic,14,0,3/24/2026,0,269.63,-33
791,792,"Warren, Lindsey and Ashley",Logistics,Latin America,4/30/2025,Basic,12,1,11/24/2025,0,228.91,67
792,793,"Page, Thompson and Watson",Technology,North America,1/25/2024,Basic,11,0,2/1/2024,0,274.15,20
793,794,Barrett-Martinez,Logistics,Asia-Pacific,6/27/2023,Pro,29,2,8/12/2023,0,965.06,47
794,795,Smith LLC,Manufacturing,Asia-Pacific,2/6/2026,Free,8,0,5/18/2026,0,36.41,-14
795,796,"Richardson, Franklin and Daniels",Healthcare,Asia-Pacific,1/13/2023,Free,6,0,1/15/2023,1,48.11,28
796,797,Davenport-Harris,Technology,Europe,2/29/2024,Basic,21,0,4/15/2024,0,409.71,20
797,798,"Shaffer, Le and Richmond",Finance,Latin America,10/12/2025,Pro,28,2,11/7/2025,0,1046.67,83
798,799,Little Group,Technology,North America,4/11/2024,Free,5,1,8/21/2024,1,45.88,73
799,800,Gentry Inc,Healthcare,North America,3/12/2024,Free,2,0,5/31/2024,1,7.72,57
800,801,"Zamora, Smith and Harris",Finance,Asia-Pacific,6/2/2024,Pro,28,2,8/18/2024,0,899.06,35
801,802,Brown-Tate,Manufacturing,Latin America,9/20/2025,Basic,13,1,2/22/2026,0,270.73,1
802,803,"Donaldson, Hensley and Coleman",Finance,North America,4/1/2023,Free,3,1,6/8/2023,1,27.1,-24
803,804,"Vargas, Moore and Ramsey",Healthcare,North America,9/2/2023,Basic,24,0,11/25/2023,0,430.38,0
804,805,"Watts, Vaughan and Allen",Technology,Asia-Pacific,3/20/2023,Free,2,0,4/14/2023,1,17.55,9
805,806,"Craig, Vega and Rivers",Logistics,Latin America,5/16/2025,Enterprise,37,3,5/23/2025,0,5337.73,54
806,807,"Flores, Wheeler and Jacobs",Retail,Asia-Pacific,2/19/2024,Free,8,0,8/21/2024,0,38.53,31
807,808,Johnson Ltd,Finance,North America,2/12/2025,Free,5,0,2/18/2025,1,49.23,8
808,809,Dodson-Robbins,Logistics,Europe,7/11/2023,Pro,26,4,10/21/2023,0,888.77,44
809,810,Thomas-Brown,Manufacturing,North America,9/7/2025,Basic,16,1,10/13/2025,0,238.85,31
810,811,Goodwin-Bryan,Technology,Asia-Pacific,12/4/2023,Basic,11,1,12/25/2023,0,232.46,46
811,812,Smith-Miller,Retail,North America,5/12/2023,Basic,25,3,7/21/2023,0,359.5,46
812,813,"Ortiz, Richardson and Watkins",Technology,Latin America,3/8/2026,Basic,20,0,4/2/2026,0,279.85,25
813,814,Conner Group,Technology,Europe,4/20/2025,Free,3,2,6/9/2025,1,11.98,-17
814,815,Ramirez-King,Healthcare,Europe,7/3/2022,Free,5,0,8/21/2022,1,20.22,35
815,816,"Smith, Rodriguez and Armstrong",Manufacturing,Europe,3/3/2024,Basic,9,1,5/7/2024,0,229.83,43
816,817,Cantrell Ltd,Retail,Asia-Pacific,12/4/2022,Free,6,0,2/2/2023,1,30.54,1
817,818,Anderson-White,Healthcare,Latin America,5/19/2023,Pro,29,0,6/12/2023,0,1043.52,49
818,819,"Mcdaniel, Taylor and Robinson",Technology,North America,2/5/2024,Pro,30,0,6/21/2024,0,995.76,54
819,820,Collins PLC,Finance,North America,3/23/2026,Free,3,0,5/28/2026,1,12.9,-26
820,821,Armstrong PLC,Manufacturing,North America,7/18/2025,Pro,23,0,7/31/2025,0,863.83,51
821,822,"Norris, Black and Martinez",Manufacturing,Europe,1/19/2024,Enterprise,59,0,3/6/2024,0,5224.14,66
822,823,"Hall, Valencia and Barker",Manufacturing,North America,10/15/2023,Basic,14,0,1/11/2024,0,229.68,-11
823,824,Brown Group,Retail,North America,11/12/2025,Free,6,0,2/20/2026,1,24.42,41
824,825,Porter-Ramirez,Manufacturing,North America,5/14/2022,Free,7,0,9/21/2022,1,57.99,6
825,826,Thompson-Rangel,Technology,Asia-Pacific,3/2/2026,Pro,31,2,4/11/2026,0,1017.92,17
826,827,Johnson Inc,Healthcare,Europe,1/30/2023,Pro,31,1,3/3/2023,0,1062.75,80
827,828,Lee-Williams,Logistics,Europe,1/15/2026,Basic,15,2,1/27/2026,0,255.45,34
828,829,Williams-Castillo,Technology,North America,9/6/2024,Enterprise,49,2,11/16/2024,0,5302.41,57
829,830,Singh Group,Technology,North America,6/19/2025,Free,7,1,6/21/2025,1,21.42,-26
830,831,Spencer-Ramos,Retail,Europe,2/19/2023,Pro,32,0,4/23/2023,0,1096.46,52
831,832,Lozano-Bryant,Finance,North America,6/20/2025,Pro,27,0,8/8/2025,0,867.83,50
832,833,"Hall, Cook and West",Finance,North America,12/25/2022,Free,2,0,7/17/2023,1,8.06,12
833,834,"Wilson, Smith and Thomas",Finance,North America,9/2/2024,Pro,27,0,9/4/2024,0,1059.73,39
834,835,Cook Group,Finance,North America,12/2/2025,Basic,8,0,12/16/2025,0,233.83,11
835,836,Hughes LLC,Finance,Europe,6/27/2023,Enterprise,58,4,7/24/2023,0,5128.04,49
836,837,Robinson-Wright,Technology,North America,12/22/2024,Free,3,0,2/6/2025,1,11.66,-42
837,838,Jones and Sons,Finance,Europe,1/3/2025,Basic,14,0,1/20/2025,0,257.71,36
838,839,"Brown, Moore and Velasquez",Manufacturing,Europe,3/20/2024,Pro,31,1,4/5/2024,0,895.14,53
839,840,"Giles, Hernandez and Gomez",Finance,Asia-Pacific,4/17/2023,Free,7,1,5/18/2023,1,29.62,16
840,841,Duncan Group,Retail,Europe,2/2/2024,Free,5,0,5/9/2024,1,23.73,97
841,842,Williams-Webb,Manufacturing,North America,6/5/2025,Pro,22,1,7/21/2025,0,985.09,59
842,843,Hunter-Hinton,Finance,North America,1/25/2023,Basic,13,1,11/13/2023,0,293.58,43
843,844,Bauer and Sons,Retail,North America,5/27/2025,Basic,18,1,6/10/2025,0,257.67,19
844,845,"Stephenson, Glenn and Nelson",Logistics,North America,4/10/2025,Basic,20,0,5/12/2025,0,315.88,26
845,846,"Anderson, Riggs and Harrell",Logistics,Asia-Pacific,2/9/2025,Free,10,1,3/7/2025,0,99.16,48
846,847,Carson-Levy,Healthcare,North America,8/28/2024,Free,8,0,1/15/2025,0,52.64,14
847,848,Booth and Sons,Technology,North America,8/13/2023,Basic,25,0,9/17/2023,0,400.72,30
848,849,Brandt-Wilson,Logistics,Europe,12/13/2022,Pro,38,0,1/7/2023,0,1121.01,28
849,850,Glenn-Douglas,Technology,North America,2/9/2023,Free,5,0,3/12/2023,1,28.45,-1
850,851,Bruce LLC,Manufacturing,Asia-Pacific,6/9/2023,Free,4,0,6/23/2023,1,24.43,-11
851,852,Moreno-Thompson,Manufacturing,North America,1/25/2024,Pro,27,0,5/10/2024,0,909.28,28
852,853,Garcia Group,Technology,Latin America,8/10/2025,Free,6,0,11/10/2025,1,24.43,32
853,854,Park-Williams,Healthcare,North America,4/3/2026,Pro,23,1,4/9/2026,0,856.72,7
854,855,Santos LLC,Technology,Europe,8/30/2022,Basic,17,1,10/12/2022,0,288.91,30
855,856,Brown PLC,Logistics,Europe,3/10/2024,Free,3,0,7/4/2024,1,20.94,13
856,857,Butler Ltd,Retail,Europe,11/20/2022,Free,5,0,11/20/2022,1,34.94,29
857,858,"Williams, Flowers and Fisher",Technology,Asia-Pacific,4/10/2025,Free,3,1,6/19/2025,1,19.39,-15
858,859,Kline-Leon,Retail,North America,6/20/2023,Pro,24,1,7/10/2023,0,995.62,37
859,860,Smith-Bush,Manufacturing,Europe,6/30/2025,Free,7,0,8/22/2025,1,15.11,6
860,861,"Crawford, Robbins and Watson",Technology,Europe,8/13/2023,Enterprise,55,1,12/9/2023,0,5357.87,71
861,862,Payne-Trevino,Finance,North America,9/21/2024,Free,5,0,10/11/2024,1,48.27,-6
862,863,"Ramirez, Barnett and Obrien",Retail,North America,12/22/2023,Free,5,0,5/19/2024,1,46.48,-23
863,864,Rasmussen and Sons,Logistics,Europe,7/6/2025,Basic,8,2,7/28/2025,0,270.01,5
864,865,Waters Inc,Technology,Latin America,8/9/2023,Free,5,0,11/16/2023,1,28.67,-14
865,866,Howard-Collins,Technology,Asia-Pacific,10/21/2022,Free,7,1,1/8/2023,1,19.8,-15
866,867,Bell LLC,Healthcare,North America,4/14/2023,Pro,32,0,8/22/2023,0,966.27,43
867,868,Haas-Gonzales,Healthcare,North America,10/2/2023,Free,2,0,11/23/2023,1,8.57,25
868,869,"Lopez, Pearson and Reyes",Retail,North America,1/5/2026,Free,3,0,1/19/2026,1,13.84,-24
869,870,Trujillo-Hill,Technology,North America,1/17/2026,Free,4,0,2/13/2026,1,28.97,10
870,871,Alexander LLC,Logistics,North America,8/25/2023,Pro,27,0,8/26/2023,0,873.19,29
871,872,Bates-Burgess,Retail,Europe,6/17/2024,Free,2,0,10/7/2024,1,10.49,-22
872,873,Reyes Inc,Logistics,Asia-Pacific,8/14/2023,Free,8,1,8/29/2023,0,28.55,-36
873,874,Heath PLC,Manufacturing,Asia-Pacific,3/29/2026,Pro,26,1,5/6/2026,0,1042.64,38
874,875,Dixon-Moore,Healthcare,North America,2/15/2023,Enterprise,52,3,3/18/2023,0,5427.03,74
875,876,Reyes-Turner,Technology,Asia-Pacific,11/17/2023,Enterprise,48,4,11/28/2023,0,5203.28,71
876,877,"Roberts, Williams and Mcpherson",Healthcare,Asia-Pacific,5/11/2026,Basic,8,0,6/19/2026,0,250.67,46
877,878,Cordova PLC,Finance,Europe,3/10/2026,Basic,13,2,6/13/2026,0,280.52,36
878,879,Robinson and Sons,Logistics,North America,10/13/2024,Free,2,0,12/16/2024,1,9.74,6
879,880,Bryan-Bryant,Technology,North America,4/18/2025,Basic,8,2,9/9/2025,0,217.74,22
880,881,Galvan PLC,Finance,Europe,11/28/2024,Free,1,0,1/8/2025,1,5.71,49
881,882,Logan-Barnes,Finance,North America,6/20/2025,Free,4,0,7/1/2025,1,32.54,-10
882,883,Roberts LLC,Logistics,Europe,3/4/2025,Free,8,2,3/23/2025,0,46.3,-33
883,884,Chavez Group,Retail,North America,2/27/2025,Free,2,1,5/8/2025,1,14.82,11
884,885,Stewart-Russo,Manufacturing,North America,1/15/2026,Free,6,1,2/4/2026,1,29.01,3
885,886,Zavala Group,Logistics,North America,7/14/2025,Free,7,0,7/19/2025,1,51.95,-15
886,887,Weaver-Perez,Technology,North America,9/5/2022,Pro,35,7,9/11/2022,0,1087.6,51
887,888,"Rodriguez, Farrell and Kramer",Manufacturing,Asia-Pacific,8/21/2024,Enterprise,58,1,8/24/2024,0,5381.9,80
888,889,Villa-Hamilton,Technology,North America,9/23/2022,Basic,15,2,10/15/2022,0,275.67,-2
889,890,Christensen LLC,Retail,North America,8/22/2024,Basic,11,2,8/23/2024,0,231.18,19
890,891,"Booker, Washington and Ortiz",Healthcare,Europe,10/15/2024,Free,2,0,11/4/2024,1,13.68,-22
891,892,Barton PLC,Manufacturing,North America,4/7/2025,Free,6,0,6/19/2025,1,41.76,-65
892,893,"Smith, Thomas and Fischer",Finance,Asia-Pacific,7/14/2022,Basic,17,1,7/23/2022,0,253.39,-35
893,894,Lee PLC,Technology,Europe,1/18/2024,Free,9,1,3/14/2024,0,23.79,27
894,895,"Fuller, Johnson and Davis",Technology,Asia-Pacific,7/11/2023,Free,1,0,7/27/2023,1,7.12,19
895,896,Allen-Reid,Manufacturing,North America,3/17/2024,Enterprise,31,2,7/5/2024,0,5199.22,68
896,897,Little-Ortega,Technology,North America,1/24/2023,Basic,12,0,4/19/2023,0,258.5,22
897,898,"Bell, Johnson and Young",Healthcare,North America,8/30/2025,Pro,25,0,11/26/2025,0,902.11,36
898,899,Delgado Inc,Finance,North America,6/8/2025,Basic,18,0,7/25/2025,0,245.17,32
899,900,Perkins Ltd,Technology,North America,9/29/2025,Free,6,0,10/22/2025,1,42.13,30
900,901,Allen-Sims,Manufacturing,North America,1/3/2023,Basic,12,0,1/23/2023,0,281.03,54
901,902,"Kennedy, Jensen and Burke",Logistics,Asia-Pacific,12/7/2023,Basic,14,1,2/27/2024,0,254.85,22
902,903,"Lee, Gonzales and Robinson",Healthcare,North America,2/17/2024,Free,1,0,6/26/2024,1,9,15
903,904,Wheeler Ltd,Logistics,Asia-Pacific,6/29/2025,Free,5,0,8/28/2025,1,34.07,-5
904,905,Cooper-Mercado,Technology,North America,9/2/2023,Basic,11,0,12/7/2023,0,256.4,43
905,906,"Ross, Wu and Peterson",Manufacturing,Europe,10/25/2022,Pro,25,1,11/14/2022,0,936.61,47
906,907,Powers-Bass,Retail,North America,7/22/2025,Pro,31,1,9/28/2025,0,1104.7,18
907,908,Dickson-Davidson,Logistics,North America,9/2/2022,Basic,7,2,1/9/2023,1,261.66,0
908,909,"Hanson, Stone and Price",Retail,Asia-Pacific,2/20/2024,Free,5,0,3/24/2024,1,19.09,-14
909,910,Bauer-Werner,Healthcare,Asia-Pacific,2/28/2024,Free,4,0,3/19/2024,1,12.74,-29
910,911,Santiago LLC,Technology,North America,8/29/2025,Free,4,0,9/24/2025,1,27.58,-7
911,912,Baker-Smith,Manufacturing,North America,7/12/2022,Enterprise,44,3,9/20/2022,0,5426.49,40
912,913,Carter and Sons,Technology,North America,3/19/2024,Free,9,1,5/3/2024,0,33.97,-37
913,914,Koch and Sons,Manufacturing,Europe,12/23/2025,Basic,12,2,1/23/2026,0,247.15,-6
914,915,Kennedy-Franklin,Retail,Europe,10/25/2025,Basic,16,2,11/2/2025,0,267.27,20
915,916,"Goodwin, Glass and Bray",Finance,Asia-Pacific,1/11/2026,Free,5,1,2/3/2026,1,31.23,-18
916,917,Gonzalez-Cooper,Retail,North America,12/20/2023,Free,6,0,1/1/2024,1,19.44,12
917,918,"Johnson, Bennett and Schultz",Logistics,Latin America,5/30/2025,Pro,30,1,7/19/2025,0,959.61,35
918,919,Ingram-Doyle,Logistics,Latin America,9/25/2025,Pro,40,0,10/4/2025,0,1149.73,36
919,920,Olson-Baker,Technology,North America,9/5/2025,Basic,12,0,9/20/2025,0,308.68,-12
920,921,"Gray, King and Randolph",Logistics,Europe,4/13/2026,Free,2,1,4/14/2026,1,16.33,-8
921,922,Mendoza-Jenkins,Manufacturing,North America,4/14/2026,Pro,31,4,4/19/2026,0,1044.17,22
922,923,Park-Burnett,Manufacturing,North America,1/6/2024,Pro,42,4,2/12/2024,0,1028.78,0
923,924,Munoz-Mercado,Logistics,North America,8/17/2025,Enterprise,45,4,9/20/2025,0,5294.06,66
924,925,Brooks and Sons,Technology,North America,9/21/2025,Basic,18,0,3/10/2026,0,327.25,36
925,926,Davis-Berry,Manufacturing,Europe,3/16/2023,Enterprise,35,4,5/8/2023,0,5075.17,65
926,927,Walker-Villa,Technology,Asia-Pacific,9/23/2024,Basic,13,0,9/29/2024,0,318.7,-5
927,928,Carson-Porter,Technology,North America,8/6/2023,Enterprise,54,4,10/17/2023,0,5452.91,67
928,929,Logan Ltd,Healthcare,North America,11/6/2022,Basic,19,1,1/2/2023,0,302.13,35
929,930,White LLC,Logistics,Asia-Pacific,10/29/2024,Basic,12,2,11/14/2024,0,284.26,-14
930,931,Andrews-Nelson,Technology,North America,7/30/2025,Free,7,0,10/25/2025,1,48.35,9
931,932,Rasmussen-Williams,Retail,North America,10/24/2025,Enterprise,54,3,1/18/2026,0,5321.7,61
932,933,Bullock-Hamilton,Retail,North America,12/9/2022,Basic,9,0,2/13/2023,0,231.56,-4
933,934,Russell-Wilson,Logistics,North America,8/16/2022,Free,3,0,10/10/2022,1,28.61,38
934,935,"Crawford, Johnson and Jefferson",Logistics,North America,4/12/2025,Free,4,0,4/24/2025,1,27.88,-7
935,936,Barnett-Clay,Technology,Asia-Pacific,10/1/2025,Pro,28,1,10/7/2025,0,887.47,54
936,937,"James, Ponce and Turner",Technology,North America,8/20/2025,Free,3,0,4/2/2026,1,19.35,-30
937,938,Rivera-Green,Technology,Asia-Pacific,1/8/2023,Enterprise,39,3,8/11/2023,0,5150.31,63
938,939,"Lyons, Downs and Benton",Finance,North America,8/9/2024,Free,2,0,8/19/2024,1,13.27,8
939,940,Jacobson and Sons,Logistics,Latin America,10/2/2024,Free,7,0,10/13/2024,1,18.83,-44
940,941,Hess-Carrillo,Healthcare,Asia-Pacific,3/16/2025,Pro,29,1,4/24/2025,0,889.78,23
941,942,"Little, Anderson and Davis",Healthcare,North America,10/20/2022,Basic,17,0,11/25/2022,0,285.06,12
942,943,Freeman LLC,Healthcare,North America,5/13/2026,Enterprise,49,1,6/5/2026,0,5435.95,69
943,944,Olson-Guzman,Retail,Asia-Pacific,1/3/2024,Free,6,0,1/9/2024,1,19.48,-15
944,945,Johnson-Flowers,Manufacturing,North America,8/3/2023,Enterprise,56,3,10/10/2023,0,5115.35,75
945,946,Wilson Group,Technology,Asia-Pacific,9/10/2025,Free,4,1,10/4/2025,1,9.82,9
946,947,Payne-Roberts,Finance,Asia-Pacific,8/18/2024,Free,3,0,1/26/2025,1,16.13,-58
947,948,Hamilton-Nelson,Finance,North America,3/29/2026,Free,1,0,4/10/2026,1,8.14,-61
948,949,Nelson LLC,Finance,Europe,10/10/2022,Free,2,0,10/19/2022,1,4.4,27
949,950,"Moore, Williams and Harris",Manufacturing,Asia-Pacific,5/23/2023,Pro,28,0,6/18/2023,0,1049.88,70
950,951,"Johnson, Johnson and Fletcher",Retail,North America,12/6/2024,Pro,23,2,1/9/2025,0,877.95,65
951,952,"Marshall, Arroyo and Freeman",Retail,North America,6/27/2022,Free,4,0,1/20/2023,1,21.36,-97
952,953,Vega Inc,Manufacturing,North America,12/14/2022,Basic,10,0,3/12/2023,0,299.23,75
953,954,Rios-Brooks,Finance,North America,6/20/2024,Basic,15,2,7/7/2024,0,318.24,34
954,955,"Rowe, Hurst and Burke",Retail,Asia-Pacific,10/17/2023,Basic,13,1,11/8/2023,0,312.53,26
955,956,Kramer-Henry,Logistics,North America,4/24/2026,Enterprise,50,2,5/13/2026,0,5350.62,61
956,957,Novak LLC,Healthcare,Latin America,8/23/2023,Basic,12,1,12/26/2023,0,256.03,28
957,958,Harris and Sons,Logistics,Europe,6/5/2024,Enterprise,55,2,6/18/2024,0,5212.15,73
958,959,"Martin, Johnson and Wong",Manufacturing,Asia-Pacific,4/8/2023,Pro,30,5,6/8/2023,0,1031.76,58
959,960,"Byrd, Mason and Mcdaniel",Retail,North America,12/21/2025,Basic,13,0,1/15/2026,0,292.19,73
960,961,Herrera Inc,Healthcare,North America,7/7/2022,Basic,13,3,8/26/2022,0,259.38,4
961,962,"Rivera, Reyes and Roman",Technology,Latin America,11/26/2023,Enterprise,53,1,11/28/2023,0,5512.15,69
962,963,Lowe-Ortiz,Manufacturing,Asia-Pacific,12/15/2022,Pro,29,1,6/27/2023,0,1059.8,73
963,964,Adkins-Perez,Finance,North America,9/4/2024,Pro,26,3,3/28/2025,0,992.45,23
964,965,Young Inc,Healthcare,North America,7/19/2023,Basic,14,1,8/25/2023,0,329.21,22
965,966,Scott-Craig,Logistics,Europe,7/29/2025,Free,7,0,10/3/2025,1,18.64,-10
966,967,"Ross, Jimenez and Cox",Retail,Asia-Pacific,2/12/2025,Free,4,0,6/2/2025,1,25.46,-100
967,968,"Walker, Kramer and Burns",Technology,Latin America,7/18/2022,Basic,20,1,12/27/2022,0,322.83,13
968,969,Smith Ltd,Logistics,North America,8/16/2024,Basic,13,0,9/12/2024,0,314.38,8
969,970,"Higgins, Higgins and Smith",Retail,North America,11/17/2023,Enterprise,48,1,11/30/2023,0,5464.1,56
970,971,"Baker, Downs and Martinez",Finance,Latin America,7/2/2023,Free,4,0,7/28/2023,1,39.21,19
971,972,Moody Ltd,Finance,Europe,10/26/2025,Pro,30,0,12/17/2025,0,875.99,70
972,973,Walker Inc,Manufacturing,North America,1/23/2024,Basic,10,0,1/25/2024,0,235.09,45
973,974,Mays-Webb,Technology,Europe,8/10/2025,Free,9,0,11/9/2025,0,45.88,41
974,975,"Davis, Preston and Becker",Retail,Latin America,7/17/2025,Basic,17,2,9/17/2025,0,329.21,53
975,976,Warner PLC,Finance,Europe,3/16/2025,Pro,23,0,5/24/2025,0,1016.53,47
976,977,Branch-Porter,Manufacturing,Europe,7/25/2025,Basic,13,0,8/14/2025,0,273.84,17
977,978,"Day, Brown and Dougherty",Manufacturing,Asia-Pacific,4/5/2025,Basic,20,1,10/18/2025,0,247.52,23
978,979,Joyce PLC,Logistics,Asia-Pacific,5/28/2023,Basic,20,1,7/24/2023,0,265.36,29
979,980,Olson Group,Logistics,North America,1/3/2026,Basic,17,3,1/3/2026,0,275.54,50
980,981,Hill-Johnson,Logistics,North America,10/30/2024,Free,6,0,11/30/2024,1,46.67,55
981,982,Carlson Group,Technology,Latin America,5/24/2022,Free,3,1,6/23/2022,1,19.38,-39
982,983,Wyatt-Mcneil,Technology,Asia-Pacific,5/4/2024,Pro,32,3,9/17/2024,0,914.41,48
983,984,Garza and Sons,Retail,North America,2/15/2026,Enterprise,58,3,7/13/2026,0,5227.87,59
984,985,Jackson-Shaw,Retail,North America,2/25/2026,Pro,27,2,3/13/2026,0,906.36,42
985,986,Molina Group,Manufacturing,Europe,4/14/2026,Free,3,0,7/5/2026,1,7.28,36
986,987,Taylor PLC,Finance,North America,12/4/2024,Pro,27,3,1/14/2025,0,1026.64,23
987,988,Pacheco-Taylor,Finance,North America,1/25/2025,Basic,13,0,4/11/2025,0,279.43,14
988,989,"Oneal, Stewart and Gonzalez",Finance,North America,9/3/2025,Free,8,0,9/15/2025,0,51.5,4
989,990,Whitaker Inc,Manufacturing,Europe,8/25/2024,Basic,13,0,9/5/2024,0,291.44,31
990,991,"Sanders, Harrison and Cline",Finance,Latin America,2/12/2025,Free,1,0,3/16/2025,1,2.35,-4
991,992,Rodriguez PLC,Healthcare,North America,3/25/2025,Free,7,1,12/7/2025,1,19,-14
992,993,Johnson Ltd,Finance,North America,2/11/2023,Free,3,0,3/18/2023,1,21.8,-13
993,994,"Duran, Peters and Rogers",Logistics,North America,12/4/2022,Enterprise,58,3,1/21/2023,0,5462.73,60
994,995,Huffman PLC,Finance,Europe,8/17/2023,Enterprise,42,0,12/25/2023,0,5102.11,63
995,996,Green-Williams,Technology,Europe,3/8/2023,Pro,34,1,4/15/2023,0,937.61,29
996,997,Schmidt Group,Logistics,Latin America,7/19/2024,Free,9,0,11/13/2024,0,68.06,29
997,998,"Castillo, Walsh and Patton",Manufacturing,North America,1/7/2026,Basic,15,1,3/2/2026,0,238.44,29
998,999,Smith-Pearson,Healthcare,North America,8/30/2022,Pro,31,1,10/9/2022,0,932.94,43
999,1000,Nelson PLC,Manufacturing,North America,5/25/2022,Basic,14,1,8/13/2022,0,325.85,-44
1000,1001,Davis-Perez,Retail,Asia-Pacific,2/16/2023,Free,3,0,5/11/2023,1,19.75,-11
1001,1002,"Fox, Jones and Adams",Logistics,Europe,4/24/2023,Pro,24,1,5/24/2023,0,874.74,48
1002,1003,"Carey, Carroll and Taylor",Healthcare,Europe,1/28/2026,Free,6,1,4/6/2026,1,16.03,11
1003,1004,Hodge-Black,Healthcare,North America,3/7/2023,Free,7,1,9/16/2023,1,52.01,4
1004,1005,Murray and Sons,Logistics,Europe,11/2/2025,Basic,13,0,12/1/2025,0,299.18,22
1005,1006,Fletcher-Smith,Manufacturing,Europe,7/23/2025,Basic,12,0,9/8/2025,0,313.82,42
1006,1007,"Black, Deleon and Spears",Technology,North America,5/17/2025,Basic,18,0,9/3/2025,0,362.43,44
1007,1008,Hernandez Inc,Logistics,Asia-Pacific,8/9/2022,Basic,15,2,8/28/2022,0,235.98,2
1008,1009,"Guzman, Shaw and Flores",Logistics,Europe,3/15/2024,Free,4,0,4/26/2024,1,32.85,-2
1009,1010,Benson-Hamilton,Finance,North America,2/15/2023,Pro,39,0,4/8/2023,0,878.14,70
1010,1011,Horton LLC,Technology,North America,4/7/2025,Free,3,0,5/28/2025,1,26.27,28
1011,1012,Nichols Inc,Healthcare,North America,11/23/2025,Free,7,0,2/15/2026,1,67.95,14
1012,1013,"Moore, Hudson and Wallace",Logistics,Asia-Pacific,7/26/2025,Pro,29,1,7/30/2025,0,906.03,45
1013,1014,Mccarty-Mcmillan,Retail,North America,9/18/2023,Free,4,0,1/18/2024,1,15.15,-35
1014,1015,Mckinney Ltd,Logistics,Latin America,10/17/2023,Pro,32,0,10/28/2023,0,1013.28,43
1015,1016,"Lindsey, Gentry and Mann",Finance,Asia-Pacific,6/20/2023,Pro,27,1,6/25/2023,0,874.77,83
1016,1017,"Kelly, Love and Blake",Technology,Asia-Pacific,10/19/2024,Free,6,0,7/24/2025,1,51.27,-28
1017,1018,Brown PLC,Manufacturing,North America,5/18/2024,Pro,40,2,6/17/2024,0,1174.72,35
1018,1019,Gross-Gates,Manufacturing,Asia-Pacific,7/12/2025,Free,3,0,11/12/2025,1,28.21,10
1019,1020,Blake-Dickerson,Manufacturing,North America,11/23/2024,Free,7,1,1/9/2025,1,62.98,-7
1020,1021,"Carlson, Cunningham and Johnson",Finance,North America,8/10/2024,Free,7,0,8/23/2024,1,62.5,19
1021,1022,Mcknight-King,Technology,Europe,4/29/2024,Free,5,0,10/10/2024,1,17.23,1
1022,1023,Marshall-Woodard,Logistics,Europe,4/22/2023,Free,6,2,6/17/2023,1,52.91,-44
1023,1024,"Ingram, Taylor and Holland",Technology,Latin America,1/21/2025,Basic,15,0,5/16/2025,0,289.5,6
1024,1025,"Phillips, Williams and Murphy",Logistics,Asia-Pacific,6/21/2025,Free,8,3,2/5/2026,0,52.48,-19
1025,1026,Green and Sons,Finance,North America,9/30/2024,Basic,7,1,11/12/2024,1,225.42,7
1026,1027,Woodard and Sons,Manufacturing,Europe,9/6/2025,Basic,15,0,9/9/2025,0,331.01,8
1027,1028,Perez and Sons,Retail,Latin America,10/24/2024,Basic,12,1,10/28/2024,0,296.38,5
1028,1029,Johnson Group,Retail,Asia-Pacific,12/25/2022,Basic,14,2,1/1/2023,0,331.12,10
1029,1030,"Lee, Wright and Decker",Retail,Asia-Pacific,4/7/2023,Enterprise,47,1,4/14/2023,0,5224.7,50
1030,1031,"Powell, Baldwin and Williams",Logistics,Asia-Pacific,1/25/2026,Free,4,0,7/9/2026,1,18.01,35
1031,1032,Ramirez-Neal,Manufacturing,Asia-Pacific,4/30/2026,Enterprise,55,4,7/2/2026,0,5278,56
1032,1033,Wells-Murray,Technology,Europe,1/29/2026,Free,7,0,5/31/2026,1,20.13,23
1033,1034,"Rodriguez, Martinez and Mendoza",Retail,North America,7/13/2025,Free,0,1,7/30/2025,1,0,-22
1034,1035,"Knight, Morgan and Rodriguez",Finance,Europe,5/13/2023,Enterprise,59,4,7/11/2023,0,5453.53,52
1035,1036,Anderson-Jackson,Healthcare,Asia-Pacific,1/26/2023,Basic,13,0,1/31/2023,0,315.74,25
1036,1037,Ortiz-Frey,Manufacturing,Europe,10/31/2024,Pro,27,0,11/26/2024,0,860.02,39
1037,1038,Carlson-Nguyen,Logistics,North America,5/23/2023,Free,6,1,6/8/2023,1,32.7,11
1038,1039,Ingram-Moore,Finance,North America,11/7/2023,Basic,18,2,12/7/2023,0,370.17,64
1039,1040,Reynolds-Price,Technology,Asia-Pacific,7/6/2022,Basic,17,0,7/27/2022,0,252.34,22
1040,1041,"Johnson, Graves and Pearson",Manufacturing,North America,12/26/2025,Basic,15,1,4/28/2026,0,305.05,32
1041,1042,Sanchez Ltd,Technology,Asia-Pacific,7/14/2022,Enterprise,26,0,1/23/2023,0,5149.8,40
1042,1043,Aguilar LLC,Healthcare,Europe,9/28/2023,Free,8,0,9/29/2023,0,22.13,-9
1043,1044,Rodriguez and Sons,Technology,North America,7/29/2023,Basic,20,2,11/24/2023,0,315.97,31
1044,1045,Smith-Scott,Healthcare,North America,12/3/2023,Basic,11,0,12/11/2023,0,273.32,3
1045,1046,"Villa, Joseph and Coleman",Healthcare,North America,9/25/2025,Basic,14,1,11/24/2025,0,338.65,79
1046,1047,"Allen, Hammond and Douglas",Manufacturing,Asia-Pacific,8/10/2023,Free,6,0,1/10/2024,1,18.75,-31
1047,1048,Price-Ramos,Technology,Europe,10/11/2022,Free,7,0,10/19/2022,1,39.63,13
1048,1049,"Ward, Spence and Banks",Technology,North America,4/25/2023,Free,4,0,4/29/2023,1,31.8,26
1049,1050,Perez-Freeman,Finance,Europe,9/21/2022,Enterprise,64,1,11/26/2022,0,5603.06,53
1050,1051,Anderson-Lopez,Logistics,Asia-Pacific,6/15/2022,Free,6,0,7/18/2022,1,57.03,-57
1051,1052,Steele LLC,Healthcare,Europe,12/18/2025,Basic,9,0,1/10/2026,0,284.46,8
1052,1053,Alvarado-Welch,Logistics,Europe,4/1/2026,Pro,20,3,6/25/2026,0,988.16,39
1053,1054,Casey Group,Finance,Europe,12/27/2025,Pro,35,4,1/3/2026,0,1028.58,26
1054,1055,"Johnson, Watts and Carroll",Technology,Asia-Pacific,7/28/2024,Basic,17,2,8/1/2024,0,234.21,40
1055,1056,Edwards PLC,Healthcare,Europe,2/7/2026,Basic,20,1,4/11/2026,0,259.97,4
1056,1057,Graves-Phillips,Technology,Asia-Pacific,11/2/2024,Free,7,0,12/31/2024,1,15.22,-5
1057,1058,Harvey Group,Retail,North America,4/19/2026,Free,3,0,8/25/2026,1,16.2,28
1058,1059,"Hamilton, Wilson and Howell",Logistics,Latin America,5/6/2023,Free,3,0,7/22/2023,1,18.92,11
1059,1060,Johnson LLC,Technology,North America,9/29/2024,Free,1,0,12/1/2024,1,2.93,-28
1060,1061,Hendrix Ltd,Logistics,Asia-Pacific,7/3/2022,Basic,14,1,12/5/2022,0,278.18,30
1061,1062,Foster Group,Logistics,Europe,10/13/2024,Free,5,0,4/15/2025,1,20.28,-20
1062,1063,Mack-Lee,Manufacturing,Asia-Pacific,6/14/2022,Basic,10,0,6/18/2022,0,258.28,-28
1063,1064,"Webb, Reed and Snow",Finance,Europe,2/1/2023,Free,4,0,3/1/2023,1,14.72,19
1064,1065,"Parker, Henderson and Anderson",Retail,North America,7/26/2023,Free,5,2,10/20/2023,1,22.59,4
1065,1066,"Vargas, Hancock and Villegas",Healthcare,North America,7/9/2022,Enterprise,40,1,7/12/2022,0,5129.72,75
1066,1067,Harrison Ltd,Finance,North America,10/30/2023,Enterprise,54,3,11/9/2023,0,5449.66,73
1067,1068,"Barnett, Smith and Salazar",Retail,Europe,8/14/2024,Basic,15,0,8/20/2024,0,237.96,22
1068,1069,Thomas Ltd,Manufacturing,North America,6/3/2025,Free,6,0,7/1/2025,1,50.55,5
1069,1070,Hanna PLC,Finance,North America,8/26/2024,Pro,38,0,9/30/2024,0,1006.01,19
1070,1071,Obrien-Jones,Manufacturing,Europe,9/25/2025,Basic,20,1,10/3/2025,0,295.47,13
1071,1072,"Wallace, Rios and Bowman",Healthcare,Europe,12/16/2022,Enterprise,44,2,3/10/2023,0,5255.97,93
1072,1073,Miles PLC,Logistics,North America,7/23/2023,Basic,19,1,8/19/2023,0,318.32,25
1073,1074,Rose LLC,Finance,Europe,1/21/2024,Basic,28,3,1/21/2024,0,381.3,69
1074,1075,Ballard-Garrison,Retail,Europe,3/9/2026,Free,4,0,4/30/2026,1,19.94,13
1075,1076,Moore and Sons,Logistics,Europe,8/1/2024,Basic,17,0,10/29/2024,0,235.61,-16
1076,1077,Mendez and Sons,Manufacturing,Europe,8/19/2024,Basic,17,1,12/27/2024,0,344.87,27
1077,1078,Cohen PLC,Retail,Asia-Pacific,6/29/2023,Free,8,0,9/2/2023,0,52.27,-23
1078,1079,Miller PLC,Retail,Europe,12/26/2025,Pro,32,1,1/14/2026,0,1086,18
1079,1080,Hansen-Moses,Manufacturing,North America,11/21/2023,Basic,16,0,3/23/2024,0,341.05,15
1080,1081,Carter Inc,Finance,Europe,10/31/2024,Basic,19,1,11/8/2024,0,308.56,39
1081,1082,Ingram-Brown,Retail,North America,10/21/2025,Enterprise,52,3,12/18/2025,0,5338.89,72
1082,1083,Adams-Bell,Healthcare,North America,7/17/2025,Free,2,1,8/25/2025,1,11.21,33
1083,1084,Johnson Inc,Technology,Europe,3/19/2025,Pro,36,1,5/22/2025,0,1065.35,59
1084,1085,Figueroa-Alvarez,Finance,Asia-Pacific,8/14/2023,Pro,29,0,1/15/2024,0,892.59,48
1085,1086,Bell-Lawrence,Technology,Asia-Pacific,8/24/2025,Basic,15,0,10/17/2025,0,231.06,18
1086,1087,"Hunt, Lara and Bernard",Logistics,Europe,9/14/2022,Enterprise,59,3,10/15/2022,0,5282.05,40
1087,1088,"Garner, Ford and Williams",Finance,Asia-Pacific,12/23/2024,Free,6,0,3/10/2025,1,19.35,-23
1088,1089,Washington-Page,Retail,Asia-Pacific,9/8/2024,Basic,18,1,1/15/2025,0,249.19,19
1089,1090,Martin Inc,Healthcare,Asia-Pacific,3/7/2023,Free,5,0,5/13/2023,1,14.18,16
1090,1091,Brown LLC,Finance,Asia-Pacific,11/11/2022,Free,4,1,12/7/2022,1,34.47,0
1091,1092,"Davis, Morgan and Cummings",Healthcare,North America,9/1/2023,Free,5,0,11/19/2023,1,30.14,40
1092,1093,Dillon-Reed,Retail,North America,8/8/2023,Free,3,0,10/8/2023,1,6.83,-33
1093,1094,Lee-Clark,Technology,Asia-Pacific,2/28/2025,Enterprise,49,2,3/16/2025,0,5295.34,58
1094,1095,Lucas-Kane,Retail,North America,2/4/2025,Pro,24,0,2/8/2025,0,999,37
1095,1096,Poole PLC,Technology,Europe,6/20/2024,Pro,26,1,10/17/2024,0,992.41,49
1096,1097,"Yang, Thomas and Spencer",Finance,Asia-Pacific,12/9/2024,Free,1,0,12/28/2024,1,4.01,-12
1097,1098,"Manning, Perez and Esparza",Finance,Europe,8/24/2022,Pro,30,2,9/11/2022,0,898.06,73
1098,1099,"Becker, Aguirre and Pierce",Manufacturing,Europe,4/11/2024,Basic,17,0,5/11/2024,0,254.73,24
1099,1100,"Williams, Braun and King",Finance,North America,4/3/2025,Basic,16,2,5/24/2025,0,296.89,49
1100,1101,"Payne, Wang and Knight",Logistics,Europe,9/7/2025,Basic,17,2,9/19/2025,0,275.83,36
1101,1102,Miller Group,Finance,Europe,7/23/2023,Free,7,1,9/1/2023,1,28.53,9
1102,1103,King Group,Retail,Europe,7/31/2024,Basic,13,1,10/18/2024,0,293.95,-6
1103,1104,Morgan-Johnson,Healthcare,Latin America,11/16/2022,Free,5,0,12/7/2022,1,45.13,15
1104,1105,Henry LLC,Manufacturing,Europe,6/25/2022,Enterprise,45,4,7/22/2022,0,5342.36,53
1105,1106,"Wheeler, Porter and Davis",Technology,North America,10/28/2024,Free,4,0,12/11/2024,1,17.9,-5
1106,1107,Horn-Lowery,Finance,Asia-Pacific,6/17/2025,Basic,17,1,9/21/2025,0,244.28,51
1107,1108,Morton Inc,Manufacturing,Asia-Pacific,7/30/2023,Free,4,1,9/1/2023,1,29.32,-25
1108,1109,Butler-Hodges,Retail,Latin America,2/11/2025,Free,4,0,4/16/2025,1,36.93,28
1109,1110,Hill Inc,Manufacturing,North America,8/29/2022,Enterprise,41,1,8/31/2022,0,5157.04,52
1110,1111,"Payne, Duffy and Gibson",Logistics,North America,5/9/2025,Basic,11,0,6/2/2025,0,277.02,11
1111,1112,Brown Inc,Retail,Europe,10/5/2023,Pro,25,0,1/26/2024,0,1041.23,39
1112,1113,Williams-Moore,Healthcare,Latin America,11/13/2023,Pro,27,1,12/1/2023,0,1024.78,43
1113,1114,Moore-Williams,Manufacturing,Europe,2/27/2026,Free,2,0,4/1/2026,1,6.51,6
1114,1115,"Cabrera, Jones and Carlson",Logistics,Europe,1/4/2024,Free,7,1,1/17/2024,1,23.16,-11
1115,1116,Kelly Group,Finance,Asia-Pacific,11/7/2023,Pro,26,2,12/8/2023,0,903.41,57
1116,1117,"Wright, Allison and Hill",Technology,Europe,10/15/2022,Basic,17,1,4/7/2023,0,300.28,-1
1117,1118,"Smith, Jones and Munoz",Manufacturing,Europe,3/18/2025,Enterprise,38,3,6/24/2025,0,5101.11,36
1118,1119,Arroyo-Smith,Logistics,North America,5/5/2026,Basic,12,1,7/4/2026,0,307.73,-26
1119,1120,Fox-Robinson,Technology,North America,9/13/2023,Free,3,0,9/25/2023,1,23.27,36
1120,1121,"Solis, Davis and Cohen",Healthcare,North America,7/22/2023,Basic,8,1,2/9/2024,0,220.03,41
1121,1122,Hess and Sons,Finance,Asia-Pacific,11/2/2024,Free,3,1,11/20/2024,1,20.64,-10
1122,1123,"Morales, Costa and Alvarez",Healthcare,North America,4/21/2024,Basic,12,0,4/26/2024,0,299.49,28
1123,1124,"Freeman, Williams and Trevino",Finance,Latin America,11/9/2022,Free,3,0,12/4/2022,1,8.24,5
1124,1125,Morrison PLC,Healthcare,North America,2/13/2023,Pro,20,0,2/16/2023,0,957.84,46
1125,1126,Cox Group,Logistics,North America,8/10/2023,Basic,16,2,9/21/2023,0,246.93,-3
1126,1127,Collins and Sons,Logistics,Asia-Pacific,10/13/2023,Free,3,0,3/25/2024,1,10.88,13
1127,1128,Ingram Inc,Manufacturing,Asia-Pacific,4/27/2026,Free,8,0,4/29/2026,0,78.94,37
1128,1129,Butler-Gill,Technology,Europe,12/2/2022,Free,1,1,12/2/2022,1,6.75,15
1129,1130,Floyd-Pierce,Healthcare,North America,12/6/2025,Enterprise,46,2,12/31/2025,0,5157.32,66
1130,1131,"Ford, Chan and Thomas",Retail,North America,1/13/2024,Free,4,0,5/5/2024,1,11.12,-11
1131,1132,"Sandoval, Mullins and Brown",Finance,Asia-Pacific,3/8/2023,Pro,35,2,4/1/2023,0,960.73,-7
1132,1133,Martinez-Suarez,Healthcare,Latin America,1/9/2026,Free,3,0,2/13/2026,1,15.85,-7
1133,1134,"Ray, Torres and Johnson",Manufacturing,Latin America,5/14/2025,Pro,25,1,6/12/2025,0,882.16,-8
1134,1135,Moyer-Lloyd,Manufacturing,North America,7/7/2022,Enterprise,48,0,7/22/2022,0,5123.96,68
1135,1136,Nelson Ltd,Finance,Europe,4/28/2024,Basic,14,0,6/25/2024,0,232.6,24
1136,1137,Huff-Cohen,Logistics,Asia-Pacific,10/14/2022,Enterprise,45,0,11/29/2022,0,5185.66,42
1137,1138,Meza-Hebert,Healthcare,North America,11/8/2025,Basic,22,1,1/14/2026,0,272.22,1
1138,1139,Diaz Inc,Finance,North America,12/23/2024,Basic,9,0,1/2/2025,0,277.82,17
1139,1140,"Mcbride, Jones and Cruz",Technology,Europe,9/26/2025,Free,4,0,10/21/2025,1,38.66,0
1140,1141,Hill and Sons,Finance,Asia-Pacific,9/26/2022,Basic,25,1,10/21/2022,0,318.86,33
1141,1142,Roberts LLC,Manufacturing,Asia-Pacific,1/1/2025,Basic,16,1,4/3/2025,0,271.17,82
1142,1143,"Anderson, Jones and Ford",Technology,North America,5/5/2026,Free,3,0,5/13/2026,1,25.83,-16
1143,1144,Smith-King,Logistics,North America,12/6/2024,Free,6,1,1/25/2025,1,48.02,-3
1144,1145,Drake PLC,Technology,North America,6/6/2022,Free,5,0,11/21/2022,1,15.95,9
1145,1146,"Murphy, Stout and Larson",Manufacturing,Asia-Pacific,12/4/2025,Pro,21,0,1/24/2026,0,960.08,29
1146,1147,"Lewis, Marshall and Ramirez",Manufacturing,Asia-Pacific,4/14/2025,Basic,16,1,4/23/2025,0,316.79,-13
1147,1148,Hill and Sons,Logistics,North America,5/26/2022,Free,10,1,6/1/2022,0,43.41,-22
1148,1149,Jimenez PLC,Retail,Latin America,8/15/2023,Enterprise,44,2,8/24/2023,0,5175.5,69
1149,1150,"Reed, Harvey and Cooke",Healthcare,Asia-Pacific,1/24/2025,Enterprise,54,2,2/7/2025,0,5171.12,37
1150,1151,Smith-Kramer,Logistics,Europe,10/16/2024,Pro,31,1,11/6/2024,0,882.33,55
1151,1152,"Alexander, Carey and Barr",Finance,Europe,3/8/2024,Free,5,1,6/5/2024,1,35.29,67
1152,1153,Krueger and Sons,Logistics,North America,10/14/2023,Basic,12,0,10/14/2023,0,232.79,33
1153,1154,Kirk-Scott,Finance,Europe,5/24/2023,Basic,19,1,7/19/2023,0,254.79,24
1154,1155,Beasley Ltd,Finance,North America,10/12/2024,Pro,23,2,10/16/2024,0,992.42,40
1155,1156,"Flores, Smith and Reyes",Healthcare,Europe,11/30/2022,Pro,38,1,12/3/2022,0,1078.24,26
1156,1157,Briggs Ltd,Logistics,Europe,12/7/2025,Free,5,2,2/18/2026,1,14.72,12
1157,1158,"Walker, Garrett and Sharp",Finance,North America,1/19/2025,Free,4,0,5/6/2025,1,30.7,-35
1158,1159,"King, Gonzalez and Atkinson",Retail,Asia-Pacific,1/14/2025,Basic,12,0,1/17/2025,0,292.8,10
1159,1160,Mcpherson PLC,Finance,Latin America,3/22/2026,Pro,29,2,5/27/2026,0,940.83,54
1160,1161,West Ltd,Manufacturing,North America,10/27/2025,Basic,16,0,1/1/2026,0,348.35,22
1161,1162,Bonilla-Henry,Technology,North America,8/25/2024,Free,5,1,10/13/2024,1,45.33,-54
1162,1163,Fisher-Bonilla,Finance,North America,5/17/2025,Basic,15,1,7/25/2025,0,256.99,11
1163,1164,Diaz-Anderson,Healthcare,North America,3/1/2025,Basic,16,0,6/16/2025,0,332.58,9
1164,1165,"Preston, Mora and Alvarez",Technology,Europe,9/24/2024,Pro,20,1,10/28/2024,0,983.65,21
1165,1166,Cox-Anderson,Technology,North America,12/22/2022,Free,2,0,3/26/2023,1,19.66,-22
1166,1167,Holmes PLC,Manufacturing,Europe,2/21/2025,Pro,38,3,3/20/2025,0,924.57,51
1167,1168,Payne and Sons,Manufacturing,Europe,3/10/2025,Enterprise,46,3,4/14/2025,0,5319.79,68
1168,1169,"Ray, Bush and Roberts",Retail,Europe,6/25/2025,Pro,28,2,8/17/2025,0,865.37,47
1169,1170,Armstrong and Sons,Logistics,Asia-Pacific,9/28/2023,Basic,16,1,12/17/2023,0,235.74,66
1170,1171,Suarez-Harris,Technology,North America,9/5/2023,Free,7,0,9/7/2023,1,36.11,0
1171,1172,Maldonado-Thompson,Retail,North America,12/6/2023,Free,2,0,1/21/2024,1,11.82,39
1172,1173,Clark-Buckley,Manufacturing,Europe,1/23/2026,Basic,12,0,1/23/2026,0,283.22,17
1173,1174,"Perry, Johnson and Perez",Logistics,Europe,5/24/2025,Free,2,0,7/1/2025,1,10.18,-15
1174,1175,"Bishop, Moore and Davis",Retail,Asia-Pacific,10/30/2022,Basic,18,0,11/4/2022,0,379.07,-20
1175,1176,Davis PLC,Healthcare,North America,9/6/2022,Free,1,0,10/18/2022,1,2.57,-18
1176,1177,"Rosario, Sims and Flores",Technology,North America,1/8/2023,Basic,14,0,1/22/2023,0,297.61,23
1177,1178,Lee PLC,Finance,North America,2/14/2024,Basic,25,1,7/28/2024,0,351.74,22
1178,1179,"Clark, Taylor and Cordova",Technology,North America,12/17/2024,Basic,12,1,1/8/2025,0,253.16,22
1179,1180,"Castillo, Clark and Hernandez",Healthcare,North America,11/18/2024,Basic,17,1,4/5/2025,0,320.07,5
1180,1181,Torres-Pierce,Logistics,Asia-Pacific,10/25/2022,Free,4,0,12/25/2022,1,11.69,-23
1181,1182,White-Johnson,Manufacturing,North America,7/16/2023,Basic,12,0,1/3/2024,0,224.62,-25
1182,1183,Pham-Mclaughlin,Retail,Europe,7/23/2025,Free,9,1,9/7/2025,0,84.52,-8
1183,1184,Kim and Sons,Retail,North America,10/5/2022,Pro,30,1,10/25/2022,0,1037.52,54
1184,1185,Conley-Hester,Healthcare,Latin America,2/7/2024,Pro,25,0,5/4/2024,0,1023.14,86
1185,1186,Matthews-Watson,Technology,North America,1/3/2024,Free,3,0,1/13/2024,1,11.38,61
1186,1187,"Miller, Jones and Monroe",Manufacturing,North America,9/1/2024,Free,10,0,9/14/2024,0,79.34,10
1187,1188,"Garcia, Taylor and Scott",Logistics,North America,7/13/2025,Pro,39,0,8/17/2025,0,1001.9,19
1188,1189,"Harris, Nelson and Schwartz",Technology,North America,11/7/2022,Enterprise,53,2,6/23/2023,0,5171.07,45
1189,1190,"Johnson, Stone and Stevens",Logistics,North America,11/3/2024,Basic,11,0,12/3/2024,0,252.76,14
1190,1191,Price Ltd,Manufacturing,North America,4/29/2023,Basic,19,1,7/28/2023,0,254.97,3
1191,1192,Miles-Calderon,Retail,North America,2/7/2023,Basic,14,0,3/11/2023,0,260.42,-5
1192,1193,"Gonzalez, Gonzales and Tran",Logistics,North America,11/29/2025,Pro,27,2,6/3/2026,0,898.17,43
1193,1194,Jones and Sons,Finance,Europe,4/21/2025,Free,5,0,5/7/2025,1,37.21,78
1194,1195,Stephens-Garcia,Healthcare,North America,1/13/2026,Basic,15,1,5/10/2026,0,336.85,3
1195,1196,Jenkins Ltd,Manufacturing,North America,10/10/2025,Enterprise,51,1,10/17/2025,0,5432.63,65
1196,1197,Barker-Smith,Retail,North America,11/22/2022,Free,7,0,12/8/2022,1,25.8,13
1197,1198,"Hayden, Blake and Graham",Healthcare,North America,10/26/2025,Free,7,0,3/15/2026,1,45.32,-35
1198,1199,"Martin, Taylor and Grant",Retail,Europe,11/14/2024,Free,5,0,2/11/2025,1,40.21,2
1199,1200,Williams-Humphrey,Manufacturing,North America,1/30/2026,Free,3,0,2/21/2026,1,20.72,18
1200,1201,Douglas-Davis,Healthcare,North America,12/9/2025,Free,6,0,2/7/2026,1,29.08,38
1201,1202,Foley-Davis,Finance,North America,7/29/2022,Basic,16,0,9/29/2022,0,262.26,25
1202,1203,"Kent, Velez and Martin",Finance,North America,5/14/2025,Pro,28,2,6/24/2025,0,925.56,16
1203,1204,"Harris, Hale and Thompson",Manufacturing,Europe,5/30/2022,Free,7,0,8/17/2022,1,41.78,7
1204,1205,"Elliott, Murillo and Sanchez",Logistics,Europe,12/13/2024,Free,7,0,12/19/2024,1,14.88,23
1205,1206,"Cooley, Hodges and Bartlett",Finance,Asia-Pacific,9/4/2022,Free,4,0,9/13/2022,1,11.49,-4
1206,1207,Holloway Group,Logistics,Latin America,10/27/2022,Basic,16,3,4/7/2023,0,309.97,73
1207,1208,Powers-Shields,Healthcare,North America,12/27/2025,Basic,16,1,1/27/2026,0,321.33,0
1208,1209,"Cobb, Rogers and Vaughn",Retail,Europe,12/26/2024,Basic,15,1,7/5/2025,0,249.39,15
1209,1210,Schneider and Sons,Manufacturing,Asia-Pacific,9/30/2024,Pro,19,1,11/18/2024,0,968.9,65
1210,1211,Perry-Collins,Retail,Europe,9/17/2023,Free,4,0,10/9/2023,1,33.72,24
1211,1212,"Hernandez, Conley and Neal",Healthcare,Europe,4/3/2025,Basic,12,0,4/12/2025,0,267.71,67
1212,1213,"Arias, Macdonald and West",Manufacturing,North America,4/7/2023,Pro,33,3,10/15/2023,0,1036.64,62
1213,1214,Schmidt Inc,Healthcare,Asia-Pacific,5/28/2022,Free,9,1,6/17/2022,0,77.57,-1
1214,1215,Butler LLC,Logistics,Latin America,5/12/2024,Basic,11,0,1/13/2025,0,289.58,-15
1215,1216,Morris PLC,Retail,North America,1/20/2026,Free,4,1,7/17/2026,1,33.19,52
1216,1217,Brown LLC,Manufacturing,Europe,10/11/2025,Enterprise,57,2,12/1/2025,0,5565.11,71
1217,1218,Davis and Sons,Retail,North America,9/11/2024,Free,6,1,10/15/2024,1,25.4,-32
1218,1219,"Martin, Davenport and Casey",Healthcare,North America,5/3/2024,Free,4,0,8/27/2024,1,8.17,45
1219,1220,"Franklin, Wright and Steele",Finance,Asia-Pacific,10/29/2024,Free,4,0,12/13/2024,1,12.52,24
1220,1221,"Peters, Wolf and Schmidt",Manufacturing,North America,2/17/2024,Free,5,1,2/23/2024,1,33.57,4
1221,1222,"Freeman, Norris and Farrell",Retail,Latin America,5/9/2023,Free,4,0,6/12/2023,1,19.8,4
1222,1223,Pace and Sons,Technology,North America,8/27/2024,Enterprise,41,1,8/27/2024,0,5183.18,59
1223,1224,Woods-Hatfield,Logistics,North America,7/5/2024,Free,3,0,9/29/2024,1,10.46,-11
1224,1225,Rodriguez-Miller,Finance,North America,2/6/2025,Enterprise,53,3,2/21/2025,0,5428.06,65
1225,1226,Gonzales Group,Manufacturing,Europe,7/24/2022,Free,2,0,9/7/2022,1,11.76,22
1226,1227,"Pierce, Brown and Sheppard",Logistics,North America,7/29/2025,Pro,30,2,8/4/2025,0,877.95,32
1227,1228,Osborn-Collins,Manufacturing,Europe,9/2/2025,Free,3,0,10/27/2025,1,23.91,5
1228,1229,Ramos and Sons,Healthcare,North America,11/20/2022,Free,9,0,1/13/2023,0,74.62,-7
1229,1230,Palmer LLC,Technology,North America,2/27/2024,Basic,20,0,5/14/2024,0,344.02,18
1230,1231,Lawrence Inc,Retail,Europe,5/5/2023,Basic,20,0,8/14/2023,0,392.47,35
1231,1232,"Brown, White and Carr",Healthcare,Asia-Pacific,8/23/2022,Free,2,0,9/13/2022,1,16.61,24
1232,1233,Rivers-Valentine,Logistics,Asia-Pacific,1/20/2025,Free,4,0,4/10/2025,1,22.23,-4
1233,1234,Wang PLC,Technology,North America,5/30/2023,Pro,25,1,6/28/2023,0,939.63,59
1234,1235,James Ltd,Healthcare,North America,4/10/2024,Pro,28,2,4/10/2024,0,864.36,61
1235,1236,Chambers LLC,Finance,North America,3/13/2024,Free,8,0,4/13/2024,0,66.01,42
1236,1237,Zhang and Sons,Manufacturing,Europe,6/13/2024,Enterprise,48,3,6/14/2024,0,5378.49,39
1237,1238,Nguyen-Pierce,Technology,Asia-Pacific,4/5/2026,Free,1,0,4/20/2026,1,9.89,30
1238,1239,Villarreal Ltd,Manufacturing,North America,3/21/2023,Free,1,0,7/5/2023,1,9.29,-26
1239,1240,Lucas Inc,Healthcare,North America,11/8/2025,Pro,19,0,1/28/2026,0,959.88,38
1240,1241,"Cantu, Potter and Schroeder",Technology,North America,8/14/2022,Free,6,0,9/6/2022,1,47.47,-11
1241,1242,Chandler Ltd,Finance,Asia-Pacific,3/28/2024,Free,4,0,3/29/2024,1,17.1,22
1242,1243,"Harrell, Howard and Perez",Logistics,Europe,4/5/2023,Free,2,0,2/4/2024,1,16.7,85
1243,1244,Nguyen-Todd,Logistics,Asia-Pacific,8/10/2022,Basic,14,0,12/10/2022,0,333.92,9
1244,1245,"Smith, Lara and Nguyen",Retail,North America,7/29/2022,Free,8,0,8/10/2022,0,51.72,45
1245,1246,Weaver Ltd,Logistics,Asia-Pacific,11/9/2022,Basic,17,0,12/10/2022,0,274.06,35
1246,1247,Mcdonald-Cox,Finance,North America,7/15/2022,Free,5,0,8/3/2022,1,32.07,15
1247,1248,Robertson and Sons,Technology,Europe,12/30/2022,Free,6,0,9/22/2023,1,12.28,34
1248,1249,Allen-Horton,Manufacturing,North America,1/5/2024,Enterprise,50,2,2/15/2024,0,5210.79,56
1249,1250,Trevino and Sons,Manufacturing,North America,12/10/2025,Free,7,0,1/30/2026,1,17.14,-40
1250,1251,"Mccoy, Fisher and White",Technology,Asia-Pacific,11/4/2022,Free,4,1,11/18/2022,1,13.27,-76
1251,1252,"Smith, Cole and Robles",Retail,Asia-Pacific,11/29/2024,Pro,36,1,1/30/2025,0,983.57,64
1252,1253,Lyons and Sons,Logistics,Europe,5/10/2024,Pro,15,2,5/14/2024,0,926.09,35
1253,1254,Lopez Group,Logistics,Asia-Pacific,12/11/2023,Basic,15,0,12/24/2023,0,316.22,21
1254,1255,Martinez PLC,Technology,North America,1/4/2024,Free,11,0,4/12/2024,0,89.65,-30
1255,1256,"Moore, Wheeler and Kelly",Finance,Asia-Pacific,2/4/2025,Pro,29,2,2/20/2025,0,945.16,66
1256,1257,Williams Group,Retail,North America,3/8/2024,Pro,33,1,6/28/2024,0,1042.38,16
1257,1258,Garner-Steele,Manufacturing,North America,10/27/2022,Free,4,0,12/11/2022,1,16.23,7
1258,1259,Davis-Johnson,Technology,North America,12/12/2023,Free,5,0,1/4/2024,1,22.25,-30
1259,1260,Hill Ltd,Manufacturing,North America,2/3/2026,Pro,30,4,2/20/2026,0,913.05,26
1260,1261,Gilbert-Morales,Logistics,Asia-Pacific,2/9/2023,Pro,30,3,4/25/2023,0,895,51
1261,1262,Morales PLC,Logistics,Asia-Pacific,7/31/2022,Basic,15,0,8/16/2022,0,294.73,-17
1262,1263,"Smith, Young and Austin",Logistics,North America,2/25/2023,Free,4,0,3/7/2023,1,18.71,-41
1263,1264,Chavez-Freeman,Healthcare,Asia-Pacific,6/2/2023,Free,4,0,7/28/2023,1,29.99,3
1264,1265,"Suarez, Bridges and Hall",Retail,Asia-Pacific,1/25/2023,Free,3,0,2/12/2023,1,15.11,13
1265,1266,Arellano PLC,Healthcare,North America,2/27/2024,Basic,16,0,3/13/2024,0,320.42,-12
1266,1267,"Ibarra, Rogers and Ortiz",Healthcare,Asia-Pacific,8/4/2023,Basic,11,1,9/8/2023,0,306.56,5
1267,1268,Reynolds-Jones,Technology,North America,12/7/2024,Pro,40,1,3/24/2025,0,1010.85,37
1268,1269,Thompson Inc,Finance,North America,11/25/2023,Pro,34,1,2/20/2024,0,1049.32,58
1269,1270,"Barr, Thomas and Hoffman",Logistics,Asia-Pacific,4/7/2025,Enterprise,48,0,4/10/2025,0,5174.85,86
1270,1271,"Duke, Tate and Sanchez",Technology,Latin America,12/23/2022,Basic,10,1,1/9/2023,0,298.71,99
1271,1272,Daniels Group,Healthcare,North America,9/25/2024,Basic,6,0,10/14/2024,1,254.92,12
1272,1273,Copeland-Sanders,Retail,North America,6/18/2022,Pro,28,1,6/22/2022,0,977.35,-12
1273,1274,Murphy PLC,Healthcare,Asia-Pacific,11/18/2022,Free,1,1,12/17/2022,1,2.33,-29
1274,1275,Williams-Byrd,Logistics,Asia-Pacific,11/9/2022,Free,5,0,11/10/2022,1,17.45,12
1275,1276,Reyes PLC,Manufacturing,Latin America,12/23/2024,Free,6,0,7/2/2025,1,51.92,2
1276,1277,Lewis Group,Healthcare,Asia-Pacific,11/24/2025,Basic,12,1,1/10/2026,0,302.78,35
1277,1278,Tanner-Howard,Technology,Asia-Pacific,10/26/2024,Basic,16,0,2/26/2025,0,322.59,0
1278,1279,"Silva, Silva and Cordova",Finance,Asia-Pacific,9/22/2023,Free,6,0,10/15/2023,1,40.67,-2
1279,1280,Avila-Gallegos,Technology,Latin America,2/4/2023,Basic,17,1,5/10/2023,0,321.1,49
1280,1281,Harris-Adams,Finance,North America,10/1/2023,Free,0,0,11/14/2023,1,0,-40
1281,1282,Johnson Ltd,Finance,Europe,10/14/2023,Basic,15,1,11/29/2023,0,278.56,36
1282,1283,Henry-Jackson,Healthcare,Europe,10/23/2024,Free,3,0,12/11/2024,1,19.42,33
1283,1284,"Martinez, Smith and Short",Healthcare,Asia-Pacific,4/1/2023,Free,1,0,4/2/2023,1,5.72,-18
1284,1285,Cox-Williams,Logistics,Asia-Pacific,7/6/2023,Pro,34,6,12/30/2023,0,936.75,39
1285,1286,"Crosby, Brennan and Cruz",Technology,Europe,10/15/2025,Free,8,1,1/23/2026,0,23.18,-14
1286,1287,Proctor-Brown,Technology,North America,3/7/2026,Free,4,0,4/22/2026,1,26.72,-9
1287,1288,Holden PLC,Retail,North America,5/7/2023,Free,1,2,5/20/2023,1,2.99,20
1288,1289,Moore Inc,Technology,North America,10/31/2023,Free,7,0,4/17/2024,1,23.81,-8
1289,1290,Nelson PLC,Healthcare,Europe,1/18/2025,Free,3,0,2/12/2025,1,6.69,-21
1290,1291,Daniel-Blankenship,Technology,Europe,3/7/2024,Basic,17,1,3/15/2024,0,313.58,66
1291,1292,"Brewer, Waters and Carson",Finance,Europe,3/4/2023,Enterprise,43,3,5/5/2023,0,5311.17,68
1292,1293,Andrade-Jackson,Manufacturing,North America,9/24/2022,Pro,43,4,1/8/2023,0,935.36,48
1293,1294,"Mills, Sims and Cox",Logistics,North America,3/1/2023,Free,4,0,5/22/2023,1,12.92,-7
1294,1295,Oneill-Davis,Healthcare,North America,8/7/2024,Basic,17,0,9/18/2024,0,350.6,29
1295,1296,Wood-Hodges,Finance,North America,2/4/2025,Enterprise,42,5,3/11/2025,0,5353.2,46
1296,1297,Moyer-Brown,Manufacturing,Latin America,3/12/2023,Enterprise,55,5,3/27/2023,0,5291.1,52
1297,1298,Hall PLC,Finance,North America,4/19/2023,Basic,11,0,7/4/2023,0,260.81,-8
1298,1299,Long PLC,Healthcare,Europe,4/7/2023,Pro,23,1,5/6/2023,0,860.95,-2
1299,1300,"Hodge, Foster and Parker",Logistics,Europe,8/17/2023,Free,8,1,12/31/2023,0,33.48,38
1300,1301,Walton-Wallace,Finance,Asia-Pacific,2/28/2025,Pro,22,1,6/7/2025,0,851.26,56
1301,1302,"Hall, Lee and Orr",Technology,Europe,3/24/2026,Pro,43,2,4/7/2026,0,1191.26,38
1302,1303,"Webster, Perez and Greene",Manufacturing,Europe,10/9/2024,Basic,20,2,2/3/2025,0,369.5,-7
1303,1304,Fox Group,Finance,Asia-Pacific,11/19/2022,Basic,11,1,2/26/2023,0,244.86,11
1304,1305,Arellano-Zuniga,Manufacturing,North America,9/6/2022,Free,3,0,9/29/2022,1,27.68,53
1305,1306,Miller Ltd,Retail,North America,10/29/2023,Pro,26,0,11/6/2023,0,877.89,43
1306,1307,Elliott PLC,Healthcare,North America,9/22/2024,Free,4,0,3/5/2025,1,26.47,10
1307,1308,"Johnson, Gonzalez and West",Logistics,Europe,9/5/2023,Pro,30,3,10/2/2023,0,1050.42,51
1308,1309,Richardson-Wilson,Manufacturing,North America,5/13/2026,Basic,17,0,5/18/2026,0,320.75,14
1309,1310,Jennings-Gonzalez,Manufacturing,North America,11/17/2023,Pro,29,1,1/20/2024,0,963.28,16
1310,1311,"Alexander, Boone and Gray",Retail,North America,11/11/2023,Pro,33,1,2/14/2024,0,923.58,29
1311,1312,Gallegos and Sons,Logistics,North America,3/25/2024,Basic,15,0,4/26/2024,0,306.1,48
1312,1313,Williams LLC,Finance,Latin America,10/16/2023,Free,7,0,1/23/2024,1,61.75,-5
1313,1314,Monroe-Edwards,Retail,North America,3/18/2025,Pro,24,1,6/17/2025,0,987.52,62
1314,1315,"Richards, Davis and Morrison",Manufacturing,Europe,7/1/2025,Pro,27,2,11/21/2025,0,972.15,21
1315,1316,"Carlson, Hatfield and Becker",Manufacturing,Europe,5/21/2025,Basic,21,2,10/13/2025,0,263.26,-3
1316,1317,"Potter, Browning and Lynch",Healthcare,Europe,9/23/2024,Free,1,0,10/24/2024,1,3.85,19
1317,1318,"Morris, Smith and Thomas",Healthcare,North America,11/17/2022,Pro,30,0,12/9/2022,0,874.27,50
1318,1319,"Shaw, Evans and Gonzalez",Finance,North America,8/24/2025,Free,5,0,10/9/2025,1,42.09,5
1319,1320,Smith and Sons,Technology,North America,1/2/2023,Pro,26,1,2/13/2023,0,947.2,45
1320,1321,"Ewing, Carroll and Hayes",Healthcare,Latin America,6/30/2022,Basic,18,0,3/9/2023,0,331.42,26
1321,1322,Perez Group,Retail,Asia-Pacific,7/4/2025,Free,2,0,8/10/2025,1,19.1,-31
1322,1323,Ramirez-Jones,Manufacturing,Asia-Pacific,11/9/2022,Basic,8,0,1/13/2023,0,244.39,46
1323,1324,Russo Group,Retail,Latin America,6/24/2024,Basic,16,0,7/21/2024,0,306.56,7
1324,1325,White Group,Manufacturing,Europe,9/13/2025,Free,8,0,10/4/2025,0,53.29,-10
1325,1326,Diaz LLC,Healthcare,Asia-Pacific,1/24/2024,Free,5,0,6/20/2024,1,45.12,9
1326,1327,Sanders-Phillips,Logistics,North America,6/5/2023,Pro,24,0,11/17/2023,0,943.87,81
1327,1328,Gutierrez Ltd,Manufacturing,Europe,2/7/2024,Basic,13,0,3/3/2024,0,264.32,54
1328,1329,"Taylor, Olson and Travis",Technology,Europe,4/5/2024,Free,6,0,8/7/2024,1,16.69,31
1329,1330,"Jackson, King and Rodriguez",Technology,Asia-Pacific,10/8/2023,Free,7,1,10/18/2023,1,61.1,25
1330,1331,Smith-Greer,Logistics,Europe,8/3/2025,Free,6,0,9/9/2025,1,31.52,-44
1331,1332,Horn Group,Retail,Europe,1/30/2024,Free,3,0,3/9/2024,1,10.99,24
1332,1333,Lopez-Williamson,Logistics,North America,3/26/2025,Basic,14,0,5/26/2025,0,229.38,33
1333,1334,Blackburn-Cole,Retail,Europe,12/13/2025,Basic,17,0,1/27/2026,0,352.92,47
1334,1335,Long-Taylor,Healthcare,North America,6/2/2023,Free,6,1,6/8/2023,1,23.42,29
1335,1336,Cervantes-Rodriguez,Manufacturing,North America,6/27/2022,Free,1,0,7/5/2022,1,6.89,15
1336,1337,Richardson Ltd,Logistics,North America,7/13/2023,Free,2,0,12/11/2023,1,18.34,35
1337,1338,Pope-White,Manufacturing,North America,2/13/2025,Enterprise,42,4,3/19/2025,0,5231.25,67
1338,1339,Bailey Ltd,Healthcare,North America,10/17/2025,Pro,32,1,11/13/2025,0,1113.34,42
1339,1340,Boone-Reese,Technology,Latin America,12/25/2024,Basic,18,1,3/10/2025,0,257.87,-62
1340,1341,Davis and Sons,Logistics,North America,8/8/2023,Free,2,0,8/29/2023,1,19.43,-17
1341,1342,"Rivera, Long and Marshall",Finance,Europe,6/20/2024,Basic,14,0,7/13/2024,0,231.92,5
1342,1343,Burgess LLC,Finance,North America,10/17/2025,Basic,10,0,12/29/2025,0,242.59,-2
1343,1344,"Russell, Smith and Elliott",Finance,North America,8/6/2024,Free,5,0,9/1/2024,1,27.47,13
1344,1345,Reyes and Sons,Healthcare,North America,4/29/2023,Free,3,0,6/18/2023,1,11.38,10
1345,1346,"Butler, Salazar and Blankenship",Logistics,Latin America,5/9/2023,Free,6,0,6/29/2023,1,25.17,36
1346,1347,Griffin LLC,Logistics,Asia-Pacific,3/2/2026,Free,2,0,3/2/2026,1,17.85,22
1347,1348,Perez-Jordan,Technology,North America,6/2/2023,Pro,26,1,6/6/2023,0,1018.37,8
1348,1349,"Schultz, Cruz and Smith",Healthcare,Europe,5/31/2025,Basic,21,1,6/9/2025,0,329.6,14
1349,1350,"Nguyen, Nguyen and Schmidt",Finance,Europe,3/23/2026,Basic,17,1,6/4/2026,0,362.15,-10
1350,1351,Stone-Daniels,Retail,Asia-Pacific,11/15/2023,Free,7,0,1/11/2024,1,51.95,9
1351,1352,Hood LLC,Healthcare,North America,8/21/2022,Free,5,0,9/11/2022,1,32.28,-12
1352,1353,Hudson-Whitney,Technology,North America,5/22/2023,Pro,25,2,5/30/2023,0,1028.66,58
1353,1354,"Daniels, Delgado and Walker",Finance,Asia-Pacific,2/13/2024,Free,9,1,5/13/2024,0,68.77,22
1354,1355,"Hansen, Payne and Hughes",Manufacturing,Europe,11/19/2025,Pro,31,2,12/5/2025,0,1021.74,28
1355,1356,Ingram LLC,Finance,Europe,11/20/2025,Pro,31,1,2/2/2026,0,868.63,63
1356,1357,Ramos-Madden,Manufacturing,North America,10/22/2024,Free,2,0,3/6/2025,1,19,0
1357,1358,Bush LLC,Finance,Asia-Pacific,1/28/2025,Basic,23,0,2/13/2025,0,346.15,21
1358,1359,"Robertson, Taylor and Conrad",Manufacturing,North America,10/2/2023,Free,3,0,10/14/2023,1,23.31,-4
1359,1360,Richardson Group,Technology,North America,9/2/2022,Free,10,0,9/20/2022,0,74.31,-25
1360,1361,"Holmes, Davis and Turner",Healthcare,Asia-Pacific,3/6/2026,Free,3,0,3/6/2026,1,6.57,47
1361,1362,Neal-Anderson,Retail,North America,11/14/2024,Enterprise,51,0,2/15/2025,0,5467.09,38
1362,1363,"Hardin, Shaffer and Collins",Logistics,Europe,1/9/2025,Basic,18,1,5/6/2025,0,304.55,4
1363,1364,Holloway Inc,Healthcare,North America,7/9/2024,Pro,25,0,7/20/2024,0,1017.94,10
1364,1365,Barnes and Sons,Manufacturing,North America,7/23/2025,Pro,42,4,10/22/2025,0,998.36,32
1365,1366,Terrell and Sons,Healthcare,North America,5/10/2023,Basic,23,2,7/24/2023,0,409.05,46
1366,1367,Jackson-Reed,Healthcare,North America,6/18/2023,Free,3,0,10/11/2023,1,22.08,-14
1367,1368,Allen-Jennings,Retail,Europe,4/18/2024,Free,6,0,4/21/2024,1,22.8,-13
1368,1369,"Galloway, Rodriguez and Gray",Logistics,North America,11/8/2025,Basic,21,0,5/9/2026,0,404.46,25
1369,1370,Brown PLC,Manufacturing,Europe,10/23/2023,Pro,22,3,12/29/2023,0,904.03,63
1370,1371,"Burton, Edwards and Andrews",Finance,North America,9/22/2022,Pro,26,2,10/31/2022,0,981.26,26
1371,1372,James-Diaz,Manufacturing,North America,5/10/2023,Basic,17,0,5/24/2023,0,297.17,34
1372,1373,Davis-Hawkins,Logistics,North America,12/1/2022,Enterprise,48,0,1/21/2023,0,5271.24,69
1373,1374,Allen-Fields,Manufacturing,Europe,1/15/2023,Free,10,2,2/19/2023,0,54.72,-2
1374,1375,Dorsey PLC,Logistics,Latin America,11/14/2022,Basic,16,0,1/4/2023,0,253.86,30
1375,1376,Richardson and Sons,Logistics,Latin America,8/31/2025,Enterprise,55,4,11/16/2025,0,5147.27,65
1376,1377,Bean-Rivera,Finance,North America,8/13/2023,Basic,14,4,11/18/2023,0,312.41,4
1377,1378,"Patel, Landry and Booker",Manufacturing,Asia-Pacific,3/1/2026,Free,5,0,4/13/2026,1,47.87,-68
1378,1379,"Owen, Flynn and Owen",Finance,Asia-Pacific,8/30/2023,Enterprise,40,1,9/8/2023,0,5085.95,50
1379,1380,"Hamilton, Mcguire and Wade",Technology,Asia-Pacific,6/19/2023,Pro,34,0,11/9/2023,0,1004.64,55
1380,1381,"Anderson, Cook and Hardy",Finance,Europe,3/31/2026,Basic,17,0,5/8/2026,0,266.99,-34
1381,1382,Lee Ltd,Manufacturing,Asia-Pacific,4/16/2024,Basic,20,2,5/7/2024,0,261.56,-14
1382,1383,"Clark, Phillips and Flores",Manufacturing,North America,12/7/2025,Basic,18,0,12/24/2025,0,298.83,0
1383,1384,Hodges PLC,Healthcare,Europe,12/10/2024,Basic,15,0,1/12/2025,0,243.7,20
1384,1385,"Craig, Moses and Sanchez",Healthcare,North America,7/11/2025,Pro,29,2,5/12/2026,0,882.83,19
1385,1386,"Bell, Navarro and Hughes",Healthcare,Europe,12/13/2023,Free,3,0,3/10/2024,1,18.63,33
1386,1387,"Perez, White and Garrett",Healthcare,North America,6/19/2023,Enterprise,50,2,10/5/2023,0,5344.98,52
1387,1388,"Phillips, Alvarado and Galvan",Retail,North America,11/22/2022,Basic,13,3,2/1/2023,0,302.41,-23
1388,1389,"Mays, Vaughan and Hampton",Technology,North America,1/16/2024,Enterprise,48,3,4/8/2024,0,5107.85,83
1389,1390,"Page, Hunt and Johnson",Technology,Asia-Pacific,3/31/2023,Free,3,0,4/20/2023,1,13.48,63
1390,1391,Cain Ltd,Healthcare,Asia-Pacific,7/2/2022,Basic,17,2,7/23/2022,0,246.91,21
1391,1392,"Smith, Green and Howard",Finance,Asia-Pacific,11/17/2022,Pro,29,1,12/16/2022,0,1085.3,29
1392,1393,"Smith, Walsh and Bowman",Logistics,Europe,10/22/2022,Pro,22,0,10/23/2022,0,922.65,19
1393,1394,"Sampson, Miller and Kelly",Manufacturing,North America,4/19/2023,Basic,16,4,6/29/2023,0,299.5,47
1394,1395,Cook Group,Manufacturing,Asia-Pacific,2/1/2024,Free,5,0,2/1/2024,1,13.2,-11
1395,1396,Miller-Larson,Finance,North America,10/15/2024,Basic,10,1,11/14/2024,0,280.61,10
1396,1397,Daniels and Sons,Manufacturing,Asia-Pacific,1/24/2023,Basic,13,0,2/27/2023,0,324.32,12
1397,1398,Martin PLC,Manufacturing,Europe,6/5/2024,Free,1,0,6/15/2024,1,3.57,21
1398,1399,"Wiley, Ward and Warren",Finance,Latin America,12/24/2022,Free,6,1,1/25/2023,1,22.54,64
1399,1400,"Smith, Barnes and Herrera",Technology,Europe,5/31/2022,Free,7,0,6/2/2022,1,40.05,-16
1400,1401,Benjamin Group,Finance,North America,3/11/2023,Basic,14,1,3/14/2023,0,285.03,-8
1401,1402,"Williams, Turner and Jenkins",Healthcare,Latin America,3/3/2025,Free,6,0,4/4/2025,1,13.16,23
1402,1403,Watson Ltd,Retail,North America,4/13/2025,Basic,14,2,5/14/2025,0,283.58,20
1403,1404,"Myers, Mendoza and Jones",Retail,Latin America,11/23/2025,Pro,28,2,12/25/2025,0,1007.79,78
1404,1405,"Harmon, Lewis and Martin",Logistics,Asia-Pacific,9/17/2024,Pro,32,2,11/8/2024,0,907.24,33
1405,1406,"Carr, Love and Armstrong",Logistics,Europe,6/3/2022,Enterprise,56,9,7/5/2022,0,5404.33,66
1406,1407,Adams-Harris,Manufacturing,Europe,3/17/2026,Pro,33,1,3/21/2026,0,1048.89,52
1407,1408,Perry-Lopez,Finance,North America,11/4/2023,Free,5,1,1/13/2024,1,43.07,-40
1408,1409,Smith-Ramirez,Technology,North America,6/19/2023,Basic,11,1,8/29/2023,0,305.74,-3
1409,1410,"Hopkins, Williams and Carey",Technology,Latin America,2/13/2025,Pro,25,2,4/30/2025,0,891.07,13
1410,1411,Flores LLC,Logistics,North America,5/16/2025,Free,2,0,5/22/2025,1,6.3,16
1411,1412,"Owen, Cooper and Mendoza",Finance,North America,11/15/2025,Enterprise,39,0,1/15/2026,0,5258.45,52
1412,1413,Brown and Sons,Healthcare,North America,12/27/2023,Pro,34,1,2/21/2024,0,999.95,49
1413,1414,Davis-Chang,Retail,Europe,5/24/2023,Pro,31,2,6/27/2023,0,993.11,19
1414,1415,Bennett PLC,Healthcare,North America,1/25/2023,Basic,9,0,1/28/2023,0,258.66,28
1415,1416,"Wilson, Peters and Gonzalez",Technology,North America,3/31/2026,Free,3,0,4/11/2026,1,6.76,18
1416,1417,Dixon Group,Technology,Latin America,4/21/2023,Free,10,2,5/1/2023,0,98.26,-47
1417,1418,"Maddox, Garza and Baldwin",Technology,Asia-Pacific,5/21/2023,Basic,18,1,6/14/2023,0,330.04,7
1418,1419,Reid and Sons,Finance,Asia-Pacific,6/17/2024,Free,4,0,6/20/2024,1,15.52,-49
1419,1420,Acosta-Richmond,Manufacturing,North America,8/24/2022,Free,1,0,9/26/2022,1,2.9,-19
1420,1421,Hudson Inc,Retail,Europe,11/11/2024,Free,7,0,11/22/2024,1,59,1
1421,1422,"Oliver, Neal and Solis",Retail,Asia-Pacific,8/13/2025,Enterprise,57,2,10/9/2025,0,5561.37,78
1422,1423,"Kaufman, Valdez and Page",Logistics,North America,2/23/2023,Pro,44,3,3/8/2023,0,1109.14,51
1423,1424,Wheeler-Gardner,Finance,North America,4/5/2025,Pro,33,1,6/5/2025,0,899.53,58
1424,1425,Stanley-Mccall,Retail,Latin America,9/4/2024,Free,4,0,10/1/2024,1,30.63,24
1425,1426,"Arroyo, Thomas and Valdez",Manufacturing,Europe,6/2/2024,Free,7,0,7/11/2024,1,64.62,-54
1426,1427,"Page, Pacheco and Johnson",Healthcare,North America,1/28/2023,Pro,28,3,4/16/2023,0,953.19,67
1427,1428,Herrera-Schroeder,Technology,Asia-Pacific,4/22/2026,Enterprise,50,4,5/6/2026,0,5481.34,71
1428,1429,Gonzalez LLC,Retail,Asia-Pacific,11/11/2025,Enterprise,55,2,1/4/2026,0,5361.19,68
1429,1430,Clayton-Boyle,Finance,Asia-Pacific,6/11/2025,Basic,10,0,1/15/2026,0,231.17,30
1430,1431,"Cunningham, Bowen and West",Retail,Asia-Pacific,9/4/2023,Free,3,0,10/15/2023,1,21.3,-2
1431,1432,"Watson, Perry and Anderson",Retail,North America,6/14/2025,Enterprise,46,5,7/19/2025,0,5336.76,77
1432,1433,Campbell Ltd,Retail,North America,3/19/2026,Basic,10,0,3/26/2026,0,263.28,14
1433,1434,"Castro, Acosta and Stuart",Finance,Asia-Pacific,12/18/2024,Free,4,0,12/23/2024,1,16.21,-35
1434,1435,Hahn-Lara,Retail,North America,12/23/2025,Free,2,0,2/27/2026,1,14.55,33
1435,1436,Miller Ltd,Healthcare,North America,8/12/2024,Free,5,0,12/8/2024,1,33.14,-7
1436,1437,Davis Group,Finance,North America,5/29/2022,Free,5,0,8/3/2022,1,22.61,27
1437,1438,Peterson and Sons,Logistics,North America,3/29/2024,Free,4,2,3/30/2024,1,33.68,15
1438,1439,Hernandez-Armstrong,Manufacturing,Asia-Pacific,6/2/2024,Free,6,0,10/23/2024,1,34.5,29
1439,1440,"Hartman, Beard and Graham",Healthcare,Latin America,4/25/2026,Free,3,0,8/1/2026,1,10.81,-21
1440,1441,White and Sons,Finance,North America,3/19/2024,Basic,14,0,3/28/2024,0,234.29,-33
1441,1442,"Santiago, Paul and Miller",Finance,North America,10/29/2023,Enterprise,49,1,12/31/2023,0,5344.15,29
1442,1443,Meyer Ltd,Manufacturing,Europe,3/22/2025,Free,4,0,7/5/2025,1,21.32,-2
1443,1444,Humphrey-Murphy,Logistics,Asia-Pacific,2/8/2025,Free,5,0,4/8/2025,1,18.29,38
1444,1445,"Gutierrez, Smith and Ingram",Healthcare,North America,2/25/2026,Free,11,1,4/25/2026,0,77.39,85
1445,1446,Holt-Kennedy,Healthcare,Europe,1/8/2024,Pro,30,1,7/26/2024,0,1069.17,58
1446,1447,Smith-Taylor,Logistics,Asia-Pacific,2/18/2026,Free,5,0,5/14/2026,1,33.82,-6
1447,1448,Meza-Spencer,Healthcare,North America,3/9/2024,Pro,46,0,5/28/2024,0,1160.66,36
1448,1449,"Parks, Barnett and Fleming",Logistics,Latin America,8/7/2025,Enterprise,43,4,10/12/2025,0,5398.07,56
1449,1450,Miller-Gordon,Retail,North America,10/8/2024,Pro,31,1,6/10/2025,0,920.59,20
1450,1451,"Gibson, Parker and Summers",Manufacturing,Latin America,5/12/2026,Free,5,1,6/6/2026,1,14.36,30
1451,1452,"Page, Phelps and Snyder",Healthcare,North America,3/26/2023,Enterprise,57,3,4/6/2023,0,5504.12,66
1452,1453,Hart-Jones,Finance,Latin America,7/2/2023,Basic,15,0,7/11/2023,0,276.66,-7
1453,1454,Taylor-Terry,Retail,North America,8/12/2025,Free,6,0,8/17/2025,1,28.31,-14
1454,1455,Reyes-Miller,Technology,Europe,1/5/2024,Basic,12,1,1/8/2024,0,291.55,-38
1455,1456,Taylor and Sons,Retail,Europe,12/21/2023,Enterprise,63,3,1/18/2024,0,5388.84,74
1456,1457,Reynolds Inc,Finance,Asia-Pacific,8/20/2023,Pro,32,1,9/19/2023,0,870.98,35
1457,1458,Johnson-Flores,Retail,North America,6/24/2022,Enterprise,59,4,7/19/2022,0,5470.44,23
1458,1459,Gross LLC,Logistics,Europe,11/10/2022,Free,3,0,1/1/2023,1,16.52,-27
1459,1460,Perez PLC,Logistics,North America,10/18/2025,Pro,31,3,2/17/2026,0,985.7,69
1460,1461,Perry-Wang,Technology,Europe,10/28/2025,Basic,12,0,12/27/2025,0,308.51,40
1461,1462,Carr Ltd,Technology,Asia-Pacific,3/8/2026,Free,7,2,3/29/2026,1,46.81,2
1462,1463,"Higgins, Adkins and Rivers",Retail,North America,11/24/2022,Basic,14,0,2/3/2023,0,237.82,32
1463,1464,Prince Group,Manufacturing,Latin America,8/25/2025,Basic,13,0,9/29/2025,0,302,5
1464,1465,Gonzalez LLC,Logistics,Europe,8/19/2022,Enterprise,45,3,10/5/2022,0,5351.2,56
1465,1466,"Johnson, Lewis and Diaz",Manufacturing,North America,2/28/2025,Basic,19,0,6/7/2025,0,277.8,24
1466,1467,Henry-Acevedo,Retail,Europe,7/2/2024,Pro,32,1,11/3/2024,0,977.67,70
1467,1468,"Berry, Wilson and Jones",Technology,Europe,12/15/2022,Basic,13,0,12/15/2022,0,299.83,6
1468,1469,"Chavez, Key and Cohen",Manufacturing,Europe,7/10/2023,Basic,11,3,12/16/2023,0,306.44,32
1469,1470,Barrera LLC,Technology,Europe,3/15/2024,Enterprise,37,3,4/14/2024,0,5291.26,55
1470,1471,"Walker, Fields and Davidson",Finance,North America,10/19/2023,Free,4,0,2/14/2024,1,26.03,8
1471,1472,Foster Ltd,Retail,Europe,7/16/2023,Free,6,0,8/4/2023,1,19.01,-14
1472,1473,Wiggins PLC,Logistics,North America,8/7/2023,Free,4,1,8/30/2023,1,9.83,-33
1473,1474,"Smith, Irwin and Davis",Logistics,North America,11/1/2022,Free,6,0,11/10/2022,1,57.85,-6
1474,1475,Fields-Kirby,Technology,Europe,8/29/2023,Free,2,0,11/1/2023,1,17.29,20
1475,1476,"Bowers, Williams and Jones",Healthcare,North America,2/9/2023,Free,2,0,3/24/2023,1,9.62,-37
1476,1477,Ramos-Navarro,Retail,North America,11/22/2024,Basic,15,0,12/30/2024,0,319.19,38
1477,1478,Gomez Inc,Finance,Latin America,9/2/2025,Pro,34,1,11/11/2025,0,923.81,39
1478,1479,"Hull, Medina and Goodman",Logistics,North America,4/20/2026,Free,6,0,5/21/2026,1,15,25
1479,1480,"Williams, Medina and Ingram",Retail,Europe,11/1/2025,Basic,16,1,11/10/2025,0,299.94,-18
1480,1481,Daniels Inc,Logistics,Latin America,4/20/2026,Basic,17,0,7/16/2026,0,234.83,-38
1481,1482,Rubio PLC,Retail,North America,10/9/2024,Free,8,0,1/29/2025,0,23.18,-46
1482,1483,Davis-Leach,Technology,North America,12/14/2025,Basic,13,0,12/19/2025,0,252.21,20
1483,1484,Robertson Group,Healthcare,Europe,7/12/2023,Basic,16,0,7/26/2023,0,242.42,16
1484,1485,"Moore, Scott and Wagner",Logistics,North America,12/26/2023,Free,4,0,2/23/2024,1,18.53,-14
1485,1486,Vance Inc,Retail,North America,6/30/2023,Free,4,0,9/7/2023,1,19.75,-10
1486,1487,Little Inc,Finance,Europe,7/14/2024,Free,2,0,7/15/2024,1,9.96,-50
1487,1488,Simmons and Sons,Technology,North America,7/24/2023,Basic,17,0,8/29/2023,0,297.71,-13
1488,1489,Garcia Group,Logistics,Latin America,5/4/2024,Free,3,0,8/31/2024,1,23.93,4
1489,1490,Mclaughlin Inc,Healthcare,North America,10/16/2022,Free,6,0,12/29/2022,1,16.21,-47
1490,1491,Simpson-Warren,Manufacturing,Europe,2/28/2025,Basic,18,0,5/12/2025,0,312.57,44
1491,1492,Jones PLC,Healthcare,North America,4/29/2025,Pro,32,0,4/29/2025,0,1096.43,52
1492,1493,Lewis-Nichols,Manufacturing,Europe,8/17/2022,Free,4,1,8/25/2022,1,35.34,7
1493,1494,"Jacobson, Contreras and Anderson",Finance,North America,11/24/2022,Free,5,1,5/24/2023,1,25.81,16
1494,1495,"Robinson, Mitchell and Mcfarland",Technology,North America,8/8/2022,Basic,11,1,8/26/2022,0,295.74,-12
1495,1496,Robinson-Davis,Healthcare,Europe,10/21/2022,Free,7,0,12/21/2022,1,59.91,-25
1496,1497,Baldwin-Bender,Manufacturing,Asia-Pacific,5/16/2022,Basic,24,3,6/21/2022,0,365.14,27
1497,1498,"Anderson, Waters and Lester",Finance,Latin America,4/16/2025,Enterprise,51,2,1/22/2026,0,5332.99,52
1498,1499,"Rivera, Walsh and Williams",Manufacturing,North America,11/8/2025,Enterprise,49,1,11/22/2025,0,5119.43,51
1499,1500,"Manning, Jones and Jackson",Retail,Latin America,7/14/2024,Free,6,1,7/14/2024,1,12.4,0
1500,1501,"Chase, Archer and Franco",Healthcare,Asia-Pacific,6/30/2024,Basic,18,1,7/31/2024,0,272.12,-3
1501,1502,Edwards Group,Logistics,North America,12/26/2023,Basic,13,0,12/30/2023,0,242.26,26
1502,1503,Cameron-Campbell,Healthcare,Asia-Pacific,5/6/2024,Basic,14,3,5/24/2024,0,319.9,35
1503,1504,Kelly and Sons,Finance,Asia-Pacific,11/29/2025,Pro,29,2,7/14/2026,0,1082.24,22
1504,1505,"Ellis, Klein and Smith",Healthcare,North America,12/30/2023,Pro,34,1,1/16/2024,0,981.65,15
1505,1506,"Booker, Smith and Tanner",Logistics,North America,3/1/2026,Pro,30,4,7/19/2026,0,981.17,50
1506,1507,Hamilton Ltd,Finance,Latin America,11/21/2025,Basic,16,2,2/7/2026,0,263.49,22
1507,1508,Hernandez-Hunt,Healthcare,North America,6/19/2022,Basic,18,2,7/18/2022,0,309.01,62
1508,1509,Wilson-Ellis,Logistics,Europe,10/26/2024,Basic,12,0,3/9/2025,0,244.51,25
1509,1510,Freeman Inc,Manufacturing,Asia-Pacific,3/7/2025,Free,7,0,3/10/2025,1,57.47,3
1510,1511,Johnston PLC,Logistics,North America,8/15/2023,Pro,29,3,11/12/2023,0,1060.35,5
1511,1512,Lawrence PLC,Finance,Europe,5/4/2024,Free,4,0,6/15/2024,1,28.94,18
1512,1513,Leon-Harris,Finance,North America,6/28/2023,Free,7,0,10/4/2023,1,46.8,-6
1513,1514,Hunter Inc,Technology,Latin America,5/17/2022,Free,6,0,5/22/2022,1,33.05,-41
1514,1515,"Wong, Jimenez and Mayo",Healthcare,Europe,5/18/2025,Basic,13,0,6/25/2025,0,257.94,25
1515,1516,"Guerrero, Baker and West",Retail,Asia-Pacific,5/15/2025,Enterprise,50,0,8/22/2025,0,5394,70
1516,1517,Perez-Liu,Technology,North America,2/27/2024,Basic,12,1,3/4/2024,0,250.99,8
1517,1518,"Harper, Mcdonald and Bailey",Healthcare,North America,5/22/2024,Free,6,0,9/2/2024,1,28.28,8
1518,1519,"Sanders, Saunders and Burgess",Healthcare,Latin America,7/21/2025,Pro,29,4,9/20/2025,0,1060.12,20
1519,1520,Robinson LLC,Retail,Europe,6/12/2023,Basic,10,0,6/22/2023,0,277.87,23
1520,1521,Robertson-Davidson,Finance,Europe,5/3/2024,Free,2,0,5/20/2024,1,9.99,28
1521,1522,Mcgee-Baird,Retail,Latin America,9/30/2023,Enterprise,46,4,11/4/2023,0,5342.6,66
1522,1523,Park-Martinez,Finance,North America,1/4/2023,Pro,34,1,5/13/2023,0,1113.8,47
1523,1524,"Mitchell, Allen and Mitchell",Manufacturing,North America,11/3/2022,Basic,10,0,1/16/2023,0,268.94,44
1524,1525,Miller and Sons,Manufacturing,North America,1/5/2024,Basic,17,1,3/27/2024,0,257.27,78
1525,1526,Chambers-Spencer,Manufacturing,North America,1/28/2025,Basic,20,5,2/26/2025,0,274.28,20
1526,1527,"Mercer, Henry and Mcbride",Manufacturing,Asia-Pacific,5/23/2025,Free,7,1,5/30/2025,1,47.9,-51
1527,1528,Reynolds and Sons,Finance,North America,6/15/2024,Free,7,0,7/6/2024,1,61.53,5
1528,1529,"Pollard, Ferguson and Andrews",Manufacturing,Asia-Pacific,3/9/2023,Basic,13,0,3/12/2023,0,227.41,8
1529,1530,Estes Ltd,Technology,North America,3/9/2023,Free,6,0,9/20/2023,1,42.48,-25
1530,1531,"Burke, Martinez and Romero",Manufacturing,North America,3/2/2024,Basic,14,0,6/12/2024,0,297.6,-20
1531,1532,"Spence, Bishop and Brown",Logistics,North America,3/21/2024,Basic,13,1,5/6/2024,0,237.47,51
1532,1533,Pearson-Adkins,Finance,Latin America,2/13/2024,Free,1,0,3/1/2024,1,6.71,-70
1533,1534,Robbins-Norton,Logistics,Asia-Pacific,3/17/2024,Pro,24,1,7/7/2024,0,924.13,0
1534,1535,Carter-Armstrong,Technology,Europe,5/17/2024,Pro,28,1,5/20/2024,0,1013.26,35
1535,1536,Kennedy PLC,Technology,Latin America,1/24/2024,Pro,35,1,2/28/2024,0,920.5,72
1536,1537,Rivera and Sons,Logistics,North America,1/1/2024,Free,6,0,1/15/2024,1,58.02,56
1537,1538,"Flores, Russell and Herman",Finance,North America,4/28/2025,Free,4,1,4/28/2025,1,12.99,-15
1538,1539,Hale-Hamilton,Finance,North America,10/12/2025,Pro,34,1,2/18/2026,0,1084.36,7
1539,1540,"Snyder, Lamb and Morales",Healthcare,North America,3/13/2023,Free,8,1,4/29/2023,0,78.66,-20
1540,1541,"Mcgee, Smith and Acevedo",Finance,Asia-Pacific,6/4/2023,Free,7,0,9/5/2023,1,50.88,4
1541,1542,Mckinney-Brown,Finance,Europe,1/22/2024,Pro,22,2,6/26/2024,0,888.57,25
1542,1543,Patel Ltd,Logistics,Europe,6/18/2025,Enterprise,52,1,8/23/2025,0,5104.59,90
1543,1544,Kennedy-Rodriguez,Manufacturing,Europe,4/17/2026,Basic,10,0,5/30/2026,0,252.83,43
1544,1545,Mcguire LLC,Healthcare,Asia-Pacific,4/12/2025,Pro,30,1,4/22/2025,0,1077.11,41
1545,1546,Berry and Sons,Technology,Asia-Pacific,8/26/2022,Basic,15,0,10/3/2022,0,235.69,25
1546,1547,Collins Inc,Healthcare,Latin America,1/2/2023,Basic,15,1,2/10/2023,0,341.54,24
1547,1548,Wolf-Davis,Manufacturing,Asia-Pacific,10/8/2025,Basic,19,0,11/19/2025,0,260.35,-2
1548,1549,Henry-Knapp,Healthcare,Europe,1/25/2025,Free,9,1,4/10/2025,0,46.65,-14
1549,1550,Little Inc,Technology,Asia-Pacific,3/5/2023,Free,3,0,7/2/2023,1,21.05,56
1550,1551,Bryant LLC,Logistics,Asia-Pacific,12/21/2024,Free,8,0,12/25/2024,0,30.29,-17
1551,1552,Holland-Brown,Finance,North America,3/21/2026,Free,5,0,3/29/2026,1,21.84,36
1552,1553,Robinson Group,Technology,Asia-Pacific,6/2/2024,Free,6,0,7/11/2024,1,33.44,37
1553,1554,"Lee, Smith and Sweeney",Healthcare,Asia-Pacific,2/11/2026,Pro,31,1,3/7/2026,0,1069.12,77
1554,1555,"Sims, Palmer and Melton",Retail,North America,5/5/2026,Free,3,1,7/1/2026,1,6.04,-7
1555,1556,Green-Lewis,Manufacturing,North America,11/8/2025,Basic,19,0,2/3/2026,0,279.2,26
1556,1557,Lucas-Johnson,Healthcare,North America,8/3/2025,Pro,25,1,1/6/2026,0,976.42,30
1557,1558,Jackson-Pierce,Logistics,North America,12/24/2024,Free,4,0,12/29/2024,1,26.91,16
1558,1559,Compton-Smith,Technology,North America,11/7/2023,Basic,15,1,12/27/2023,0,292.15,61
1559,1560,"Gould, Cooke and Grant",Manufacturing,North America,1/12/2026,Pro,32,2,2/6/2026,0,1089.03,7
1560,1561,"Thomas, Castro and Weaver",Finance,Europe,11/3/2025,Enterprise,55,0,11/28/2025,0,5361.92,50
1561,1562,"Chang, Smith and Lopez",Logistics,North America,8/16/2022,Basic,14,0,1/2/2023,0,294.64,36
1562,1563,"Ward, Tucker and Young",Logistics,Asia-Pacific,12/31/2025,Free,1,0,1/6/2026,1,3.4,-53
1563,1564,Drake-White,Logistics,Asia-Pacific,9/14/2024,Basic,18,2,2/8/2025,0,336.72,-3
1564,1565,Simon Inc,Retail,North America,10/11/2025,Pro,29,1,11/27/2025,0,1004.64,14
1565,1566,"Molina, White and Morris",Manufacturing,Asia-Pacific,8/18/2022,Free,3,1,9/10/2022,1,17.38,9
1566,1567,"Jimenez, Green and Gibson",Technology,Europe,12/25/2025,Basic,16,0,1/18/2026,0,304.86,-2
1567,1568,"Banks, Ward and Wise",Healthcare,Europe,7/12/2022,Free,4,1,8/27/2022,1,28.51,-18
1568,1569,"Lewis, Wilson and James",Manufacturing,Latin America,1/29/2023,Free,2,0,2/11/2023,1,4.23,46
1569,1570,"Walton, Lucas and Martin",Technology,Latin America,7/17/2023,Free,9,0,12/14/2023,0,87.1,-47
1570,1571,"Crawford, Pierce and Weber",Retail,Latin America,7/30/2024,Pro,29,2,9/19/2024,0,957.09,51
1571,1572,"Bradshaw, Rivera and Reese",Finance,North America,7/3/2022,Basic,7,0,10/21/2022,1,218.22,56
1572,1573,West Group,Technology,Asia-Pacific,2/24/2025,Free,6,0,3/13/2025,1,48.32,24
1573,1574,Mitchell Ltd,Healthcare,North America,1/4/2026,Basic,16,0,1/14/2026,0,236.51,14
1574,1575,Sanchez PLC,Manufacturing,North America,2/8/2026,Basic,18,0,2/23/2026,0,260.37,-2
1575,1576,"Gibson, Mills and Anderson",Finance,Asia-Pacific,8/29/2023,Enterprise,49,3,12/10/2023,0,5148.53,66
1576,1577,Spencer LLC,Finance,North America,2/28/2024,Pro,35,1,3/27/2024,0,1145.72,36
1577,1578,Krueger-Holland,Retail,Asia-Pacific,11/17/2022,Basic,16,0,11/22/2022,0,287.47,9
1578,1579,Miller-Sullivan,Logistics,North America,12/22/2022,Free,3,0,4/18/2023,1,6.38,34
1579,1580,Palmer-Oliver,Manufacturing,North America,11/22/2023,Free,9,0,2/11/2024,0,30.48,16
1580,1581,"Delacruz, Smith and Mccoy",Technology,North America,9/4/2022,Enterprise,54,2,9/12/2022,0,5468.27,58
1581,1582,"Martinez, Gonzalez and Johnson",Healthcare,Latin America,7/23/2025,Basic,13,1,8/30/2025,0,270.81,60
1582,1583,Castro-Curtis,Technology,Europe,6/25/2024,Basic,13,2,4/10/2025,0,317.11,37
1583,1584,Robertson-Brown,Logistics,Europe,11/13/2024,Basic,16,0,1/27/2025,0,318.79,2
1584,1585,Vaughn-Huynh,Technology,North America,3/13/2024,Basic,23,0,4/15/2024,0,265.51,36
1585,1586,Martin-Mcdonald,Manufacturing,Asia-Pacific,10/2/2023,Pro,32,0,10/17/2023,0,1108.01,57
1586,1587,"Gonzalez, Hendrix and Brown",Finance,North America,7/22/2022,Free,9,0,9/17/2022,0,42.77,-10
1587,1588,"Landry, Clark and Sullivan",Manufacturing,Latin America,6/22/2025,Free,7,0,7/30/2025,1,64.32,11
1588,1589,"West, Evans and Anderson",Technology,North America,11/29/2022,Pro,35,1,12/26/2022,0,946.26,18
1589,1590,Anderson Group,Manufacturing,Latin America,2/24/2025,Free,2,0,7/30/2025,1,14.66,32
1590,1591,Lopez-Rich,Technology,North America,9/4/2025,Free,4,0,2/26/2026,1,27.57,60
1591,1592,Jimenez-Hughes,Technology,Asia-Pacific,3/7/2026,Free,3,0,3/29/2026,1,10.12,-17
1592,1593,Chapman Group,Healthcare,North America,3/12/2025,Free,2,1,3/19/2025,1,17.77,-10
1593,1594,Phelps-Brown,Technology,Latin America,9/19/2022,Basic,14,0,9/27/2022,0,273.65,26
1594,1595,"Atkins, Callahan and Ball",Technology,Asia-Pacific,2/19/2024,Free,7,2,5/19/2024,1,49.9,-6
1595,1596,"Bailey, Harris and Baxter",Healthcare,North America,4/30/2026,Enterprise,60,4,6/24/2026,0,5287.84,55
1596,1597,Young-Lee,Retail,North America,10/20/2023,Free,6,1,2/8/2024,1,20.39,-31
1597,1598,"Ross, Miller and Garner",Retail,Europe,4/26/2025,Basic,15,1,4/26/2025,0,249.3,14
1598,1599,"Rice, Moore and Hawkins",Healthcare,Latin America,1/4/2026,Free,6,0,2/14/2026,1,26.28,-18
1599,1600,Ryan LLC,Manufacturing,Asia-Pacific,10/10/2022,Enterprise,46,5,1/21/2023,0,5129.89,56
1600,1601,"Gillespie, Mitchell and Morton",Logistics,Asia-Pacific,12/27/2025,Pro,37,0,5/3/2026,0,944.95,30
1601,1602,Maldonado LLC,Retail,Europe,9/12/2022,Free,3,0,9/13/2022,1,20.56,-8
1602,1603,"Mathis, Wilson and Rush",Retail,North America,12/21/2023,Free,5,0,1/12/2024,1,41.08,35
1603,1604,"Paul, Hull and Alexander",Finance,North America,4/16/2025,Basic,13,3,6/11/2025,0,258.32,-27
1604,1605,Dixon-Browning,Healthcare,Europe,5/12/2023,Basic,14,0,8/2/2023,0,315.9,6
1605,1606,Taylor Group,Retail,Latin America,6/12/2025,Free,8,1,7/6/2025,0,79.04,-5
1606,1607,Collins-Mckinney,Manufacturing,North America,8/11/2022,Free,8,0,2/6/2023,0,45.48,-13
1607,1608,Glenn LLC,Healthcare,North America,2/20/2025,Free,10,2,5/31/2025,0,72.18,24
1608,1609,Wang Ltd,Healthcare,Europe,7/18/2024,Free,7,1,11/15/2024,1,67.69,34
1609,1610,Lewis-Williams,Logistics,North America,10/20/2023,Basic,18,0,12/3/2023,0,240.44,50
1610,1611,Brown-Robinson,Technology,Latin America,4/10/2025,Basic,13,0,10/2/2025,0,233.18,24
1611,1612,Peterson and Sons,Healthcare,Europe,4/16/2026,Pro,43,3,5/29/2026,0,940,57
1612,1613,Sexton-Bray,Logistics,Latin America,11/5/2022,Enterprise,39,1,11/20/2022,0,5328.5,38
1613,1614,Lee-Hughes,Logistics,North America,5/28/2023,Basic,13,2,8/23/2023,0,246.46,34
1614,1615,Moore-Mcmillan,Manufacturing,North America,8/16/2024,Pro,29,0,11/26/2024,0,925.51,44
1615,1616,Garcia-Yates,Manufacturing,Europe,1/3/2023,Basic,15,1,1/28/2023,0,349.71,37
1616,1617,"Morris, Graham and Pena",Manufacturing,Latin America,6/26/2025,Basic,21,0,12/17/2025,0,370.09,68
1617,1618,Reyes-Castro,Logistics,North America,1/7/2025,Basic,17,0,2/23/2025,0,366.23,36
1618,1619,Vaughn Inc,Technology,Asia-Pacific,12/28/2025,Free,6,0,1/18/2026,1,31.13,49
1619,1620,"Conrad, Robbins and Flynn",Retail,North America,11/7/2025,Basic,12,2,11/25/2025,0,272.92,19
1620,1621,Johnson LLC,Healthcare,North America,4/29/2024,Pro,34,2,7/3/2024,0,1021.25,31
1621,1622,"Carpenter, Carlson and Griffin",Technology,Europe,10/17/2022,Basic,16,0,3/23/2023,0,241.8,-20
1622,1623,"Brown, Ruiz and Richards",Finance,North America,5/25/2022,Free,8,1,8/17/2022,0,30.75,37
1623,1624,Pugh-Arnold,Logistics,Latin America,7/15/2022,Free,9,0,2/5/2023,0,18.43,26
1624,1625,Jones-Boyer,Finance,Europe,8/10/2022,Free,5,0,9/18/2022,1,28.72,-12
1625,1626,Berg PLC,Retail,North America,2/15/2026,Free,6,0,5/11/2026,1,50.94,16
1626,1627,Baxter LLC,Technology,Europe,9/29/2023,Pro,37,3,11/25/2023,0,1056.92,56
1627,1628,Moreno and Sons,Finance,Europe,3/11/2025,Free,5,0,7/19/2025,1,36.89,22
1628,1629,"Saunders, Tran and Banks",Technology,Europe,4/2/2023,Free,6,0,8/20/2023,1,16.27,16
1629,1630,"Phillips, Vincent and Li",Manufacturing,North America,3/16/2023,Free,4,0,4/3/2023,1,15.59,-14
1630,1631,Johnson Ltd,Healthcare,North America,2/17/2023,Enterprise,43,0,3/1/2023,0,5159.43,49
1631,1632,"Hall, Garcia and Ferguson",Logistics,Asia-Pacific,7/19/2022,Basic,21,1,8/23/2022,0,338.83,-18
1632,1633,Jones Ltd,Manufacturing,North America,12/2/2024,Free,4,0,12/28/2024,1,28.99,15
1633,1634,Wagner-Mitchell,Retail,Europe,1/27/2023,Pro,36,3,3/14/2023,0,902.43,21
1634,1635,Carr PLC,Manufacturing,Asia-Pacific,10/5/2025,Enterprise,61,6,12/6/2025,0,5399.76,51
1635,1636,"Sparks, Waller and Jackson",Manufacturing,North America,7/6/2022,Enterprise,52,2,9/26/2022,0,5181.76,66
1636,1637,Ross-Martin,Technology,Latin America,4/14/2025,Pro,29,5,6/22/2025,0,1074.14,5
1637,1638,"Wells, Villa and Garcia",Retail,North America,12/20/2025,Basic,15,2,2/10/2026,0,251.16,19
1638,1639,"Robbins, Ray and Taylor",Finance,Europe,5/31/2025,Basic,14,1,10/9/2025,0,266.52,32
1639,1640,Navarro-Mitchell,Technology,North America,1/5/2025,Pro,35,2,3/19/2025,0,902.56,55
1640,1641,Sanders Group,Retail,Asia-Pacific,4/16/2026,Free,1,0,4/17/2026,1,6.43,-30
1641,1642,Jones-Griffin,Healthcare,North America,10/28/2024,Enterprise,60,2,10/28/2024,0,5416.81,53
1642,1643,Wright-Barry,Logistics,Europe,3/13/2024,Pro,29,1,7/4/2024,0,965.1,12
1643,1644,"Jones, Moore and Thompson",Finance,Europe,3/21/2025,Free,5,0,7/22/2025,1,18.65,-10
1644,1645,"Rios, Cervantes and Bailey",Finance,Asia-Pacific,1/29/2025,Free,2,0,3/11/2025,1,9.5,11
1645,1646,Oneal Inc,Healthcare,North America,3/22/2026,Enterprise,60,1,6/8/2026,0,5176.2,76
1646,1647,Nolan PLC,Finance,North America,10/16/2023,Basic,17,1,11/10/2023,0,326.2,51
1647,1648,"Morgan, Powell and Jackson",Manufacturing,Europe,11/5/2022,Basic,11,1,11/18/2022,0,280.95,9
1648,1649,Scott-Waller,Logistics,North America,6/24/2022,Basic,17,0,6/30/2022,0,248.78,30
1649,1650,Sawyer LLC,Logistics,Europe,10/13/2023,Enterprise,56,6,12/11/2023,0,5452.52,50
1650,1651,Huerta PLC,Finance,Latin America,1/13/2025,Basic,20,2,4/7/2025,0,383.71,-1
1651,1652,Mitchell LLC,Retail,North America,8/17/2025,Pro,28,1,9/10/2025,0,1063.62,31
1652,1653,Harris-Harvey,Retail,Asia-Pacific,12/2/2024,Enterprise,49,5,12/9/2024,0,5275.69,62
1653,1654,Short Inc,Retail,Asia-Pacific,5/17/2022,Free,4,0,6/1/2022,1,10.66,3
1654,1655,"Moore, Ball and Marshall",Logistics,Europe,8/10/2025,Free,8,0,11/15/2025,0,20.08,-25
1655,1656,Rice and Sons,Retail,Latin America,8/5/2024,Basic,19,1,9/13/2024,0,336.66,35
1656,1657,Ford-Hudson,Finance,Asia-Pacific,6/14/2022,Free,3,0,7/24/2022,1,23.98,14
1657,1658,Brown-Rubio,Finance,North America,5/15/2024,Pro,31,1,5/20/2024,0,1022.86,38
1658,1659,Walker-Oconnor,Healthcare,Europe,12/13/2022,Pro,33,1,12/20/2022,0,964.92,47
1659,1660,"Bradley, Gonzales and Escobar",Logistics,Europe,11/18/2024,Basic,10,0,1/2/2025,0,221.12,73
1660,1661,"Powell, Hood and Garcia",Technology,Europe,6/19/2024,Basic,24,0,6/25/2024,0,380.71,32
1661,1662,"Stevens, Harrell and Brooks",Healthcare,Europe,7/2/2025,Pro,24,2,7/11/2025,0,1025.85,47
1662,1663,Bennett PLC,Manufacturing,Asia-Pacific,4/17/2024,Free,3,1,4/24/2024,1,23.34,-11
1663,1664,Ballard LLC,Technology,Asia-Pacific,10/27/2024,Enterprise,49,2,11/25/2024,0,5427.1,52
1664,1665,Gutierrez-Garcia,Finance,Latin America,1/10/2023,Basic,14,0,1/15/2023,0,231.86,27
1665,1666,"Travis, Walker and Johns",Finance,North America,4/14/2025,Free,5,0,5/5/2025,1,39.02,45
1666,1667,Williams Inc,Retail,North America,7/14/2024,Free,6,0,11/1/2024,1,53.11,8
1667,1668,"West, Klein and Mcknight",Retail,Latin America,10/20/2022,Basic,15,3,2/18/2023,0,253.28,-26
1668,1669,"Maxwell, Brown and Hebert",Manufacturing,North America,5/17/2022,Free,7,1,6/1/2022,1,46.65,-47
1669,1670,"Barton, Wilson and Riley",Finance,Latin America,3/8/2023,Enterprise,64,5,3/31/2023,0,5177.91,54
1670,1671,Wu-Logan,Retail,North America,10/14/2022,Basic,16,2,3/10/2023,0,315.38,44
1671,1672,Brown and Sons,Manufacturing,North America,3/13/2025,Free,4,0,6/10/2025,1,34.34,-7
1672,1673,"Cabrera, Vega and Rosales",Finance,Asia-Pacific,1/19/2025,Free,5,1,2/28/2025,1,20.13,-12
1673,1674,Obrien Group,Logistics,Latin America,8/24/2025,Free,2,1,10/23/2025,1,6.33,20
1674,1675,Oconnor-Villegas,Technology,North America,2/20/2023,Basic,13,0,3/19/2023,0,306.79,28
1675,1676,"Holden, Campbell and Robertson",Technology,Asia-Pacific,9/14/2025,Enterprise,49,2,12/4/2025,0,5324.95,41
1676,1677,Hickman-Torres,Finance,Latin America,5/30/2025,Pro,22,1,6/16/2025,0,928.28,47
1677,1678,Johnson Group,Logistics,North America,4/6/2023,Enterprise,45,5,4/26/2023,0,5370.29,50
1678,1679,Brooks LLC,Technology,North America,7/28/2025,Pro,35,1,9/13/2025,0,1101.3,54
1679,1680,Jenkins LLC,Retail,North America,5/23/2023,Basic,11,0,7/29/2023,0,293.51,36
1680,1681,"Harris, Watson and Barker",Retail,Latin America,8/1/2022,Free,1,0,8/15/2022,1,8.01,-10
1681,1682,Foster-Reeves,Technology,Europe,1/29/2023,Basic,8,0,7/21/2023,0,263.57,24
1682,1683,"Lindsey, Lopez and Oconnor",Healthcare,Latin America,3/8/2023,Pro,31,1,4/17/2023,0,1079.27,1
1683,1684,"Mcmillan, Anderson and Vance",Healthcare,North America,9/12/2022,Free,2,0,9/24/2022,1,7.35,-25
1684,1685,"Levy, Luna and Orozco",Logistics,Asia-Pacific,7/4/2022,Free,3,0,10/2/2022,1,22.63,23
1685,1686,Johnson-Chapman,Retail,North America,12/13/2024,Free,4,0,12/23/2024,1,14.86,-31
1686,1687,Schmidt Inc,Retail,Europe,9/10/2025,Free,4,0,9/10/2025,1,32.85,-2
1687,1688,Roth Inc,Retail,Europe,7/13/2022,Basic,15,0,10/2/2022,0,293.75,35
1688,1689,Huber LLC,Finance,Asia-Pacific,1/22/2023,Basic,12,1,2/4/2023,0,229.4,21
1689,1690,Vega-Johnson,Manufacturing,North America,3/24/2025,Enterprise,57,3,6/11/2025,0,5366.5,80
1690,1691,Tyler and Sons,Manufacturing,Asia-Pacific,11/18/2024,Free,2,0,4/22/2025,1,7.07,-1
1691,1692,Pena LLC,Healthcare,Europe,12/22/2025,Pro,33,0,4/27/2026,0,965.17,32
1692,1693,"Miller, Long and Meadows",Manufacturing,North America,3/4/2024,Pro,28,2,3/25/2024,0,1040.3,43
1693,1694,Morrison-Wright,Retail,Europe,3/11/2025,Pro,39,3,4/3/2025,0,1059.3,46
1694,1695,"Montoya, Callahan and Thomas",Technology,Europe,11/25/2022,Free,8,0,12/23/2022,0,37.25,-13
1695,1696,Schultz and Sons,Manufacturing,North America,5/27/2022,Pro,32,1,7/12/2022,0,898.77,23
1696,1697,"Gray, Olsen and Davis",Finance,Asia-Pacific,1/3/2023,Basic,12,5,1/10/2023,0,268.65,50
1697,1698,"Jackson, Payne and Ramirez",Finance,Europe,4/22/2024,Free,4,0,6/27/2024,1,17.53,-18
1698,1699,Miller-Collins,Logistics,North America,2/4/2023,Basic,21,1,5/13/2023,0,387,45
1699,1700,Moore Inc,Retail,North America,12/8/2023,Pro,40,1,2/12/2024,0,1078.89,35
1700,1701,"Hoover, Howard and Smith",Logistics,North America,4/28/2026,Basic,13,0,5/3/2026,0,265.89,2
1701,1702,Franklin and Sons,Manufacturing,North America,1/26/2024,Free,7,0,4/12/2024,1,46.11,-40
1702,1703,Howell-Lee,Logistics,Europe,11/23/2023,Free,8,1,11/26/2023,0,62.62,4
1703,1704,"Walker, Little and Harrington",Retail,North America,7/22/2024,Basic,18,0,10/27/2024,0,327.92,9
1704,1705,"Gonzales, Cook and Taylor",Finance,Asia-Pacific,2/28/2025,Enterprise,58,3,4/5/2025,0,5316.42,44
1705,1706,"Dominguez, Jones and Schneider",Retail,Latin America,1/25/2026,Pro,20,0,5/1/2026,0,974.36,34
1706,1707,"Melton, Lopez and Castaneda",Healthcare,Europe,6/17/2025,Pro,25,1,6/20/2025,0,1043.62,39
1707,1708,Kennedy Ltd,Manufacturing,Latin America,7/24/2025,Basic,15,0,9/1/2025,0,304.19,47
1708,1709,"Chavez, Gibson and Peters",Technology,Europe,8/10/2023,Basic,13,2,8/12/2023,0,303.18,2
1709,1710,Orr LLC,Manufacturing,Asia-Pacific,10/30/2022,Free,5,1,12/1/2022,1,27.18,-19
1710,1711,Reed and Sons,Retail,North America,4/14/2023,Enterprise,54,3,4/24/2023,0,5245.79,40
1711,1712,Lynn-Bailey,Healthcare,Europe,2/22/2023,Enterprise,51,0,4/18/2023,0,5449.59,68
1712,1713,Henry-Garrett,Logistics,Europe,9/16/2024,Free,6,0,10/7/2024,1,35.86,5
1713,1714,"Zuniga, Montgomery and Guerra",Retail,Europe,3/22/2024,Pro,20,1,3/27/2024,0,874.31,28
1714,1715,Flowers-Swanson,Healthcare,North America,6/7/2025,Enterprise,53,2,6/29/2025,0,5402.71,50
1715,1716,Baird Inc,Manufacturing,Latin America,12/26/2024,Enterprise,45,2,2/20/2025,0,5371.92,40
1716,1717,Arnold PLC,Technology,Asia-Pacific,2/22/2024,Pro,35,1,11/24/2024,0,952.22,45
1717,1718,Watkins-Garcia,Technology,Asia-Pacific,8/16/2024,Pro,39,2,10/24/2024,0,1000.59,21
1718,1719,Olson LLC,Retail,Europe,3/4/2025,Free,6,0,4/28/2025,1,53.94,23
1719,1720,"King, Rubio and Reyes",Manufacturing,Europe,2/22/2025,Free,7,1,3/8/2025,1,58.87,2
1720,1721,Hall-Horne,Technology,North America,5/26/2025,Free,2,0,7/11/2025,1,5.45,8
1721,1722,"Smith, Barber and Cobb",Technology,Europe,10/24/2024,Free,5,0,11/8/2024,1,34.51,35
1722,1723,Mccullough Inc,Finance,Europe,3/25/2025,Free,13,1,6/13/2025,0,47.09,-25
1723,1724,"Russell, Miller and Cook",Retail,North America,11/11/2023,Free,3,0,12/3/2023,1,23.54,-26
1724,1725,"Humphrey, Hickman and Anderson",Finance,North America,10/19/2025,Basic,12,0,11/8/2025,0,281.73,31
1725,1726,Spence-Hanson,Retail,North America,6/28/2025,Basic,13,0,12/6/2025,0,227.57,28
1726,1727,Gonzalez PLC,Retail,Latin America,4/22/2024,Pro,38,5,5/27/2024,0,1081.21,21
1727,1728,Morris Inc,Retail,Europe,3/10/2024,Basic,14,0,5/15/2024,0,315.03,-16
1728,1729,Montgomery-Hampton,Manufacturing,North America,4/16/2024,Pro,32,1,5/13/2024,0,1106.25,44
1729,1730,Anthony-Obrien,Technology,Europe,7/18/2022,Pro,37,4,8/31/2022,0,960.99,41
1730,1731,"Hart, Ortiz and Spencer",Manufacturing,North America,11/21/2024,Free,2,0,11/29/2024,1,14.36,-13
1731,1732,Villarreal-Jones,Healthcare,North America,7/21/2025,Basic,15,0,3/11/2026,0,303.15,42
1732,1733,"Estrada, Young and Quinn",Healthcare,Europe,2/13/2025,Free,4,0,3/8/2025,1,22.15,35
1733,1734,"Maldonado, Hall and Olsen",Retail,Latin America,3/4/2026,Pro,31,1,5/3/2026,0,1025.12,15
1734,1735,"Roberts, Griffin and Sanchez",Logistics,North America,2/19/2023,Free,4,0,3/18/2023,1,36.1,-11
1735,1736,George and Sons,Logistics,North America,8/30/2024,Basic,11,0,10/1/2024,0,248.23,-2
1736,1737,Jimenez-Perez,Logistics,Asia-Pacific,2/9/2024,Basic,11,1,5/21/2024,0,244.45,21
1737,1738,Rodriguez-Baker,Technology,North America,1/20/2026,Pro,40,1,3/20/2026,0,945.2,24
1738,1739,Garcia-Shepherd,Finance,Asia-Pacific,10/1/2025,Basic,14,1,11/7/2025,0,274.76,2
1739,1740,"Smith, Morrison and Diaz",Retail,Europe,1/4/2023,Free,4,0,2/26/2023,1,24.87,-11
1740,1741,Miller Group,Finance,Europe,5/1/2023,Free,4,0,7/23/2023,1,15.14,-4
1741,1742,"Kelly, Parker and Callahan",Retail,Europe,7/3/2023,Pro,38,2,10/15/2023,0,998.61,46
1742,1743,"Jefferson, Duncan and Chang",Manufacturing,Europe,5/14/2024,Pro,31,2,6/2/2024,0,1047.61,25
1743,1744,"Roberts, Miller and Perkins",Logistics,North America,10/28/2023,Basic,17,3,10/29/2023,0,274.08,33
1744,1745,Klein PLC,Healthcare,Latin America,12/14/2023,Basic,19,1,1/8/2024,0,259.36,8
1745,1746,Diaz-Fletcher,Technology,North America,6/23/2023,Free,8,1,10/5/2023,0,37.12,20
1746,1747,"Taylor, Stevenson and Turner",Healthcare,North America,10/1/2023,Basic,17,0,11/7/2023,0,300.36,2
1747,1748,"Martin, Gomez and Richardson",Manufacturing,Europe,3/21/2026,Pro,34,2,3/28/2026,0,1105.15,63
1748,1749,"Jones, Davis and Mason",Logistics,Asia-Pacific,8/11/2024,Free,3,1,8/21/2024,1,12.46,-54
1749,1750,Weber-Newton,Healthcare,Asia-Pacific,8/11/2025,Basic,19,1,10/2/2025,0,263.98,-20
1750,1751,Ryan-Meza,Healthcare,North America,8/23/2025,Free,6,1,9/30/2025,1,53.17,19
1751,1752,"Garcia, Schaefer and Taylor",Manufacturing,Asia-Pacific,2/13/2023,Basic,18,1,2/17/2023,0,273.89,15
1752,1753,Jackson Ltd,Retail,North America,8/29/2025,Basic,10,1,9/1/2025,0,263.19,8
1753,1754,"Gonzalez, Torres and Garcia",Healthcare,North America,1/27/2024,Basic,12,0,3/27/2024,0,245.07,34
1754,1755,Soto LLC,Retail,Latin America,8/28/2024,Enterprise,50,4,11/20/2024,0,5353.27,65
1755,1756,Stevens and Sons,Manufacturing,North America,2/27/2024,Enterprise,54,1,2/28/2024,0,5184.15,52
1756,1757,Moore Inc,Logistics,North America,11/7/2024,Free,6,0,11/12/2024,1,31.71,51
1757,1758,Mcfarland LLC,Manufacturing,North America,3/2/2026,Free,6,0,7/3/2026,1,36.73,-28
1758,1759,Perez Inc,Technology,Europe,11/22/2024,Basic,11,0,12/27/2024,0,259.45,19
1759,1760,Rodriguez and Sons,Finance,North America,6/11/2023,Free,3,0,8/4/2023,1,28.3,6
1760,1761,Osborne-Hicks,Manufacturing,Europe,6/1/2023,Free,5,0,6/16/2023,1,24.2,-15
1761,1762,Lewis-Brown,Retail,Latin America,8/31/2024,Enterprise,45,0,9/10/2024,0,5238.94,78
1762,1763,"Patel, Pham and Diaz",Manufacturing,North America,7/13/2024,Basic,12,0,8/5/2024,0,313.24,50
1763,1764,Byrd-Tucker,Finance,North America,2/21/2023,Free,5,0,4/6/2023,1,16.19,38
1764,1765,Ingram-Dodson,Technology,Asia-Pacific,7/15/2024,Pro,37,2,10/7/2024,0,1026.42,14
1765,1766,Lawrence LLC,Manufacturing,North America,2/3/2024,Free,9,2,6/2/2024,0,42.32,-37
1766,1767,Silva Inc,Retail,Europe,1/27/2024,Free,2,0,3/6/2024,1,7.38,-14
1767,1768,Mcbride Ltd,Manufacturing,Asia-Pacific,8/20/2024,Pro,32,3,8/27/2024,0,1114.64,33
1768,1769,Thompson LLC,Healthcare,Asia-Pacific,1/23/2026,Free,8,0,1/26/2026,0,32.79,33
1769,1770,Chung-Mejia,Finance,Latin America,10/14/2023,Enterprise,56,3,11/17/2023,0,5224.88,50
1770,1771,"Shelton, Jennings and Long",Finance,Europe,4/6/2026,Basic,8,0,4/14/2026,0,248.17,16
1771,1772,Gibson-Jensen,Manufacturing,Europe,12/21/2025,Basic,11,1,12/27/2025,0,307.66,60
1772,1773,Smith-Sanchez,Retail,North America,9/27/2022,Pro,39,3,12/13/2022,0,1047.71,47
1773,1774,Miller PLC,Logistics,Europe,11/1/2025,Basic,15,0,3/29/2026,0,316.03,5
1774,1775,Chan and Sons,Manufacturing,Asia-Pacific,4/30/2023,Enterprise,44,2,5/11/2023,0,5190.15,58
1775,1776,Salazar-Neal,Technology,Latin America,6/17/2024,Free,7,0,7/6/2024,1,31.89,-26
1776,1777,Sandoval-Salazar,Logistics,Latin America,4/13/2025,Free,2,0,6/8/2025,1,10.49,6
1777,1778,"Marshall, Mccann and Johnston",Finance,North America,3/27/2026,Basic,22,0,4/5/2026,0,309.5,49
1778,1779,"Torres, Shelton and Burch",Logistics,Asia-Pacific,12/3/2023,Basic,16,0,1/26/2024,0,311.23,12
1779,1780,Greene-Thompson,Logistics,Asia-Pacific,3/11/2025,Free,5,0,4/10/2025,1,48.78,-4
1780,1781,Richardson-Bishop,Logistics,North America,3/9/2024,Pro,28,1,3/29/2024,0,907.31,80
1781,1782,Taylor-Hughes,Logistics,Asia-Pacific,8/12/2025,Basic,9,0,8/16/2025,0,280.11,35
1782,1783,Blankenship-Lane,Manufacturing,Asia-Pacific,10/4/2024,Free,9,1,8/26/2025,0,28.56,14
1783,1784,"Bennett, Williams and Miller",Finance,North America,3/3/2024,Free,5,0,3/12/2024,1,25.29,15
1784,1785,Allen Inc,Healthcare,North America,9/25/2022,Basic,15,1,2/13/2023,0,339.86,7
1785,1786,Romero and Sons,Logistics,Europe,7/6/2022,Free,6,0,7/15/2022,1,12.26,-8
1786,1787,Espinoza PLC,Finance,Europe,6/26/2025,Basic,16,3,10/26/2025,0,336.82,8
1787,1788,Gonzalez-Rios,Retail,Asia-Pacific,11/24/2025,Pro,23,0,12/8/2025,0,867.02,20
1788,1789,Cox and Sons,Healthcare,Europe,5/18/2025,Basic,22,1,5/23/2025,0,290.42,15
1789,1790,Gentry Group,Manufacturing,North America,4/19/2023,Basic,7,1,5/27/2023,1,263.13,27
1790,1791,"Gibson, Drake and Blanchard",Retail,North America,12/7/2022,Pro,35,1,3/13/2023,0,1049.58,56
1791,1792,Blanchard and Sons,Technology,North America,1/16/2025,Free,3,0,2/25/2025,1,29.68,-30
1792,1793,Williams-Taylor,Retail,North America,3/26/2024,Free,5,0,4/5/2024,1,45.92,23
1793,1794,Richards LLC,Retail,North America,3/24/2023,Free,3,0,5/6/2023,1,7.63,36
1794,1795,Burns Group,Logistics,Asia-Pacific,1/19/2024,Enterprise,58,3,3/9/2024,0,5505.77,77
1795,1796,Hester-Hahn,Logistics,Europe,7/20/2024,Free,5,0,10/28/2024,1,24.21,-10
1796,1797,Wilson Inc,Healthcare,Asia-Pacific,9/14/2022,Enterprise,38,2,9/26/2022,0,5193.82,60
1797,1798,"Hickman, Marks and Phillips",Healthcare,Europe,10/25/2023,Free,2,0,2/24/2024,1,11.36,-6
1798,1799,"Jones, Garcia and Guzman",Retail,Latin America,8/8/2024,Free,5,1,8/10/2024,1,47.58,51
1799,1800,Salazar Ltd,Technology,Latin America,8/31/2022,Basic,17,1,11/15/2022,0,307.67,34
1800,1801,"Willis, Cooper and Lewis",Logistics,Europe,4/21/2024,Free,9,2,10/10/2024,0,81.51,20
1801,1802,Martinez Group,Finance,Asia-Pacific,6/29/2025,Free,5,0,10/9/2025,1,30.53,-47
1802,1803,"Gallegos, Smith and Oneill",Retail,Europe,4/17/2024,Pro,30,3,1/9/2025,0,885.69,38
1803,1804,Anderson Group,Retail,North America,12/24/2024,Basic,20,0,6/11/2025,0,348.51,27
1804,1805,Castro Ltd,Logistics,Europe,7/6/2022,Pro,27,0,7/18/2022,0,897.38,61
1805,1806,Taylor-Mcintosh,Healthcare,North America,3/9/2023,Basic,15,2,7/4/2023,0,259.29,0
1806,1807,Roth-Taylor,Logistics,North America,8/16/2022,Basic,16,0,12/8/2022,0,331.51,-6
1807,1808,"Barnes, Jackson and Snyder",Healthcare,Europe,4/21/2025,Pro,32,2,5/21/2025,0,1057.34,82
1808,1809,Medina-Tucker,Finance,Europe,2/21/2026,Free,3,0,3/26/2026,1,27.88,15
1809,1810,Rivera and Sons,Technology,Latin America,3/18/2026,Pro,26,0,3/23/2026,0,924.42,21
1810,1811,Mccarthy-Juarez,Logistics,Asia-Pacific,1/25/2026,Basic,18,2,3/24/2026,0,350.27,31
1811,1812,Donovan-Phillips,Healthcare,North America,3/21/2023,Basic,16,2,4/11/2023,0,332.31,34
1812,1813,"Nelson, Webb and Jordan",Retail,North America,3/4/2024,Free,5,0,6/8/2024,1,13.93,-78
1813,1814,"Wilson, Frey and Gentry",Logistics,North America,8/16/2025,Enterprise,51,4,9/1/2025,0,5344.98,42
1814,1815,"Ramos, Riley and Chapman",Healthcare,North America,9/4/2022,Pro,26,1,9/25/2022,0,964.53,3
1815,1816,"Martinez, Castillo and Lawson",Finance,Europe,6/21/2023,Enterprise,36,3,1/19/2024,0,5145.02,55
1816,1817,Hatfield LLC,Healthcare,Asia-Pacific,10/8/2025,Free,4,0,11/23/2025,1,36.96,16
1817,1818,Gilbert Group,Manufacturing,Europe,7/18/2025,Pro,41,1,9/13/2025,0,1027.32,11
1818,1819,Hampton-Harrington,Healthcare,North America,10/7/2024,Pro,25,3,10/16/2024,0,1023.13,47
1819,1820,"Wall, Craig and Hubbard",Retail,Asia-Pacific,8/13/2024,Pro,30,1,2/23/2025,0,1025.91,37
1820,1821,Cruz Ltd,Manufacturing,Europe,4/12/2023,Pro,32,2,5/1/2023,0,1057.9,26
1821,1822,"Carter, Melton and Solis",Retail,North America,12/24/2025,Free,4,0,1/10/2026,1,9.25,-14
1822,1823,Griffin Group,Technology,Europe,1/17/2023,Basic,10,1,3/27/2023,0,238.64,46
1823,1824,Murphy-Bishop,Finance,North America,3/23/2025,Free,3,1,7/15/2025,1,12.34,-32
1824,1825,Warren-Montgomery,Logistics,Latin America,7/25/2025,Basic,15,0,7/26/2025,0,262,25
1825,1826,"Snyder, Smith and Newman",Technology,North America,12/23/2022,Basic,15,1,2/26/2023,0,248.67,36
1826,1827,"Black, Reilly and Gross",Technology,North America,1/17/2025,Free,5,0,1/27/2025,1,25.68,-46
1827,1828,Jackson-Hines,Technology,North America,1/24/2026,Basic,13,1,1/26/2026,0,242.6,34
1828,1829,Henry-Brown,Technology,Latin America,1/26/2025,Basic,10,2,4/11/2025,0,290.94,49
1829,1830,Hartman-Martinez,Manufacturing,Europe,12/15/2024,Basic,9,0,1/20/2025,0,263.61,54
1830,1831,Oconnor-Fowler,Manufacturing,Europe,3/18/2023,Free,2,0,11/11/2023,1,9.18,23
1831,1832,Kelly and Sons,Finance,North America,11/30/2022,Enterprise,38,0,12/13/2022,0,5150.77,83
1832,1833,"Khan, Martin and Fletcher",Logistics,Asia-Pacific,11/3/2022,Free,8,0,11/29/2022,0,63.32,45
1833,1834,Scott Ltd,Retail,Asia-Pacific,6/13/2022,Basic,21,2,8/29/2022,0,327.91,13
1834,1835,"Macdonald, Henry and Taylor",Technology,North America,6/2/2025,Free,7,0,6/9/2025,1,61.22,-12
1835,1836,Payne-Harrison,Healthcare,Asia-Pacific,9/26/2022,Basic,17,0,3/16/2023,0,347.06,-34
1836,1837,Peterson and Sons,Manufacturing,Latin America,5/25/2022,Free,10,1,10/3/2022,0,75.83,-83
1837,1838,"Cline, Carter and Pitts",Retail,North America,5/16/2022,Free,7,1,6/9/2022,1,61.35,14
1838,1839,"Arias, Hernandez and Barnes",Technology,Europe,12/22/2025,Free,3,0,2/12/2026,1,15.27,61
1839,1840,"Stewart, Adams and Newman",Manufacturing,Europe,4/16/2026,Basic,17,1,7/5/2026,0,317.51,-7
1840,1841,Smith-Smith,Manufacturing,North America,8/12/2022,Free,7,0,9/8/2022,1,33.53,19
1841,1842,Fleming and Sons,Logistics,North America,1/11/2025,Pro,20,1,9/18/2025,0,875.99,66
1842,1843,Hays-Stein,Technology,Europe,11/13/2024,Basic,13,0,1/28/2025,0,249.71,39
1843,1844,Gentry Group,Healthcare,North America,6/13/2024,Free,5,0,12/29/2024,1,49.85,-27
1844,1845,Stafford Inc,Finance,Latin America,11/10/2025,Free,3,0,11/22/2025,1,12.65,-20
1845,1846,Hogan Ltd,Healthcare,North America,9/30/2024,Pro,27,0,11/22/2024,0,1015.22,23
1846,1847,Johnson Ltd,Healthcare,Europe,5/28/2024,Free,6,0,7/6/2024,1,29.57,8
1847,1848,Jimenez Inc,Finance,Asia-Pacific,2/5/2023,Free,0,0,2/16/2023,1,0,-5
1848,1849,Williams-Lee,Technology,Europe,2/20/2023,Basic,11,1,2/24/2023,0,248.55,41
1849,1850,"Hines, Cummings and Parker",Retail,Europe,9/17/2022,Pro,29,2,11/22/2022,0,1047.28,20
1850,1851,"Medina, Bush and Hunt",Retail,Asia-Pacific,11/12/2024,Free,4,0,12/8/2024,1,37.52,34
1851,1852,Stewart PLC,Retail,Asia-Pacific,11/9/2025,Free,6,0,1/20/2026,1,54.08,31
1852,1853,Garcia PLC,Manufacturing,Europe,12/10/2023,Basic,13,0,12/17/2023,0,231.09,0
1853,1854,"Kaufman, Murphy and Lin",Healthcare,Asia-Pacific,5/24/2024,Enterprise,45,2,7/2/2024,0,5228.08,46
1854,1855,Weaver and Sons,Logistics,Latin America,2/18/2024,Pro,31,2,4/1/2024,0,889.8,17
1855,1856,"Joseph, Bowman and King",Manufacturing,North America,7/29/2022,Free,6,0,9/10/2022,1,58.18,22
1856,1857,"Hicks, Brown and Knox",Technology,North America,9/28/2022,Basic,14,3,12/21/2022,0,301.1,-20
1857,1858,Wagner-Howard,Finance,Latin America,10/7/2024,Pro,28,1,10/22/2024,0,1018.08,30
1858,1859,Patrick-Merritt,Logistics,Asia-Pacific,7/28/2025,Basic,15,0,10/20/2025,0,306.84,14
1859,1860,Taylor-Navarro,Finance,Latin America,7/1/2023,Free,5,0,7/20/2023,1,18.67,1
1860,1861,"Fisher, Romero and Garcia",Logistics,Latin America,2/15/2026,Basic,15,0,3/6/2026,0,264.03,-1
1861,1862,Rogers-Scott,Manufacturing,North America,12/26/2024,Basic,10,0,4/28/2025,0,226.84,24
1862,1863,Wilkinson LLC,Manufacturing,Asia-Pacific,3/24/2023,Pro,28,0,4/23/2023,0,1063.89,10
1863,1864,Walters-Franco,Finance,Europe,5/23/2022,Basic,11,1,7/2/2022,0,307.03,0
1864,1865,Williams-Valentine,Retail,North America,5/8/2025,Free,4,0,10/3/2025,1,11.69,12
1865,1866,Gilbert-Zuniga,Logistics,Asia-Pacific,10/24/2023,Free,4,0,1/28/2024,1,9.91,-9
1866,1867,"Johnson, Cook and Campbell",Finance,North America,7/31/2025,Basic,15,0,10/27/2025,0,245.9,40
1867,1868,Hansen-Wise,Retail,North America,11/23/2025,Pro,18,2,3/12/2026,0,971.38,50
1868,1869,Walker-Dixon,Retail,North America,6/26/2024,Free,3,0,8/15/2024,1,6.94,5
1869,1870,"Martin, Nelson and Griffith",Manufacturing,North America,12/28/2022,Pro,29,0,1/27/2023,0,1028.47,39
1870,1871,Cruz PLC,Technology,North America,6/10/2024,Pro,31,1,10/26/2024,0,1058.69,15
1871,1872,Henderson and Sons,Manufacturing,North America,3/8/2024,Free,9,1,10/5/2024,0,25.75,7
1872,1873,Levine-Martinez,Healthcare,Latin America,2/7/2026,Pro,36,1,4/4/2026,0,931.39,33
1873,1874,Ballard LLC,Manufacturing,North America,1/3/2023,Basic,13,0,4/22/2023,0,228.9,35
1874,1875,Rivers Ltd,Healthcare,North America,4/15/2023,Free,4,0,5/30/2023,1,10.31,-38
1875,1876,"Perkins, Conley and Mills",Retail,North America,7/31/2022,Enterprise,48,3,8/12/2022,0,5155.69,68
1876,1877,"Evans, Bradley and Lewis",Manufacturing,North America,6/20/2025,Basic,16,0,8/11/2025,0,350.36,6
1877,1878,"Terry, Juarez and Andrews",Finance,Europe,10/14/2023,Free,4,0,11/8/2023,1,20.82,-6
1878,1879,Ewing-Kim,Finance,Latin America,12/14/2024,Pro,26,1,1/19/2025,0,978.93,44
1879,1880,Gonzalez and Sons,Manufacturing,North America,5/2/2024,Free,6,0,10/7/2024,1,47.98,-42
1880,1881,Fox-Bartlett,Finance,North America,3/30/2026,Free,4,0,5/22/2026,1,29.44,22
1881,1882,Foster Group,Manufacturing,Asia-Pacific,11/12/2024,Free,6,1,12/7/2024,1,35.21,24
1882,1883,Payne PLC,Manufacturing,Asia-Pacific,3/7/2025,Enterprise,45,3,3/25/2025,0,5206.99,64
1883,1884,"Cameron, Ellis and Wagner",Retail,North America,9/13/2025,Free,5,1,10/5/2025,1,32.63,10
1884,1885,"Ellis, Summers and Cross",Manufacturing,North America,3/16/2024,Pro,23,1,4/23/2024,0,940.65,23
1885,1886,Novak and Sons,Healthcare,Europe,9/15/2023,Pro,35,0,5/31/2024,0,929.05,34
1886,1887,Cortez and Sons,Retail,Latin America,3/5/2026,Basic,12,1,5/6/2026,0,233.18,-25
1887,1888,Smith and Sons,Finance,Asia-Pacific,12/2/2023,Pro,30,1,1/21/2024,0,898.78,41
1888,1889,"Graham, Robertson and Franklin",Healthcare,Asia-Pacific,9/12/2024,Enterprise,51,3,10/13/2024,0,5424.53,78
1889,1890,Smith-Austin,Manufacturing,North America,1/28/2024,Basic,8,1,4/2/2024,0,238.2,-9
1890,1891,"Lucas, Summers and Rivas",Technology,Europe,6/18/2025,Free,5,0,10/9/2025,1,25.27,-39
1891,1892,Horton-Morgan,Retail,Asia-Pacific,1/27/2023,Basic,17,1,10/28/2023,0,343.47,-29
1892,1893,Nixon-Webster,Technology,Latin America,10/31/2022,Free,5,0,2/4/2023,1,47.66,7
1893,1894,"Fuller, Stanley and Riddle",Finance,Europe,1/13/2025,Pro,32,4,2/16/2025,0,1119.21,56
1894,1895,Gill-Bell,Retail,North America,10/21/2024,Free,11,0,2/25/2025,0,24.53,7
1895,1896,"Alvarez, Moon and Tran",Retail,Latin America,9/21/2022,Pro,35,0,10/1/2022,0,1133.49,68
1896,1897,Roberts-Ross,Finance,Europe,10/7/2024,Basic,13,1,3/5/2025,0,250.16,2
1897,1898,Carter Group,Retail,Europe,8/13/2023,Enterprise,59,5,11/2/2023,0,5533.75,60
1898,1899,Barnes Group,Finance,Asia-Pacific,5/22/2023,Basic,14,0,6/15/2023,0,283.3,-22
1899,1900,Turner-Berg,Finance,Asia-Pacific,6/26/2024,Free,8,0,6/28/2024,0,30.13,36
1900,1901,Ruiz-Matthews,Manufacturing,Asia-Pacific,8/29/2022,Free,9,0,8/30/2022,0,20.9,-9
1901,1902,Lara-Green,Manufacturing,Europe,3/23/2025,Basic,13,0,5/21/2025,0,286.89,8
1902,1903,Watkins Group,Technology,Europe,3/20/2025,Basic,17,1,4/1/2025,0,308.43,21
1903,1904,"Brown, Smith and Ballard",Manufacturing,North America,11/2/2023,Free,3,0,11/17/2023,1,19.38,-43
1904,1905,"Humphrey, Molina and Romero",Logistics,Europe,10/1/2022,Basic,15,0,4/21/2023,0,292.52,-6
1905,1906,"Randall, Meyer and Parker",Logistics,North America,3/28/2025,Pro,36,1,4/5/2025,0,1046.14,35
1906,1907,Cox Inc,Healthcare,Europe,10/24/2025,Pro,29,2,10/25/2025,0,909,17
1907,1908,"Harvey, Smith and Stevens",Technology,North America,1/9/2026,Basic,15,0,7/21/2026,0,286.58,-11
1908,1909,Mckinney PLC,Logistics,North America,4/3/2023,Free,3,1,5/16/2023,1,24.36,-15
1909,1910,Henry Inc,Technology,Latin America,7/10/2025,Free,2,0,9/9/2025,1,7.45,10
1910,1911,Carter and Sons,Technology,Europe,11/13/2022,Pro,33,1,12/3/2022,0,930.02,59
1911,1912,Johnson Ltd,Logistics,North America,4/3/2023,Basic,10,0,5/4/2023,0,276.7,9
1912,1913,Smith-Cooper,Healthcare,Europe,2/8/2024,Basic,12,1,5/14/2024,0,259.84,8
1913,1914,Bryan Ltd,Retail,Europe,6/4/2023,Pro,26,5,6/30/2023,0,993.81,59
1914,1915,Moyer-Banks,Retail,Latin America,11/12/2023,Basic,14,1,1/8/2024,0,327.99,50
1915,1916,Duffy-Frye,Retail,Asia-Pacific,9/26/2025,Basic,14,0,9/30/2025,0,328.09,8
1916,1917,Lee Ltd,Manufacturing,North America,7/2/2022,Pro,34,2,10/3/2022,0,919.57,8
1917,1918,Stewart-Haynes,Finance,North America,5/12/2025,Pro,34,3,5/20/2025,0,1021.43,34
1918,1919,Ortiz Group,Technology,North America,5/23/2024,Free,5,0,6/25/2024,1,14.76,49
1919,1920,Taylor-Ross,Logistics,North America,12/26/2024,Free,3,0,4/26/2025,1,13.32,49
1920,1921,"Bartlett, Wood and Smith",Logistics,North America,12/20/2024,Pro,34,0,1/18/2025,0,1130.81,45
1921,1922,"Thompson, Marshall and Valenzuela",Healthcare,Asia-Pacific,7/1/2024,Free,5,0,7/9/2024,1,17.83,-97
1922,1923,Carrillo-Weber,Finance,North America,12/23/2022,Pro,19,1,1/30/2023,0,888.21,42
1923,1924,Wright Ltd,Healthcare,Asia-Pacific,3/19/2026,Pro,45,2,4/20/2026,0,912.18,44
1924,1925,Smith-Smith,Retail,North America,6/20/2024,Basic,13,2,9/28/2024,0,329.53,7
1925,1926,Johnson and Sons,Manufacturing,Europe,2/8/2023,Enterprise,39,2,8/18/2023,0,5309.2,47
1926,1927,Riley-Boyd,Finance,Asia-Pacific,2/20/2026,Enterprise,50,3,4/8/2026,0,5345.44,37
1927,1928,Bailey Group,Manufacturing,North America,7/24/2025,Enterprise,45,3,8/29/2025,0,5442.85,54
1928,1929,"Robinson, Jacobson and Thompson",Manufacturing,Europe,1/17/2025,Basic,16,0,1/29/2025,0,278.98,30
1929,1930,Wagner-Taylor,Manufacturing,Europe,4/14/2023,Free,8,0,5/29/2023,0,47.12,2
1930,1931,Walters-Mckinney,Technology,North America,2/9/2023,Free,6,0,3/1/2023,1,36.96,49
1931,1932,"Garcia, Drake and Ward",Logistics,Asia-Pacific,3/16/2023,Basic,23,3,4/21/2023,0,342.66,-1
1932,1933,Henry-Clark,Retail,Europe,6/17/2022,Pro,32,0,7/2/2022,0,899.81,61
1933,1934,Gray-Martin,Retail,Europe,5/16/2022,Basic,12,2,8/23/2022,0,304.64,24
1934,1935,Fuller and Sons,Logistics,Latin America,1/2/2025,Free,3,0,1/22/2025,1,11.83,6
1935,1936,Gilbert-English,Healthcare,North America,12/28/2024,Free,6,0,6/28/2025,1,33.8,-20
1936,1937,Mason-Coleman,Finance,Latin America,12/25/2024,Enterprise,61,5,1/9/2025,0,5362.7,46
1937,1938,Bowers-Garcia,Retail,North America,4/16/2023,Basic,13,0,5/22/2023,0,316.08,2
1938,1939,"Myers, Bennett and Acosta",Finance,Europe,6/18/2025,Free,4,0,10/3/2025,1,8.31,-39
1939,1940,"Perry, Stone and Aguilar",Manufacturing,North America,5/22/2025,Pro,24,1,7/8/2025,0,919.25,45
1940,1941,"King, Diaz and Koch",Finance,Latin America,12/19/2023,Basic,14,0,3/26/2024,0,269.72,14
1941,1942,Mitchell-Mathis,Manufacturing,North America,9/23/2024,Pro,24,0,11/9/2024,0,961.37,70
1942,1943,Smith and Sons,Logistics,Europe,12/22/2022,Free,5,1,2/1/2023,1,46.84,11
1943,1944,"Nelson, Thomas and Hernandez",Retail,North America,3/11/2023,Free,4,0,6/11/2023,1,10.24,-25
1944,1945,Larson-Dorsey,Manufacturing,North America,3/17/2023,Basic,20,2,3/21/2023,0,330.88,2
1945,1946,"Smith, Smith and Hopkins",Retail,North America,3/26/2023,Free,5,1,4/9/2023,1,41.51,-7
1946,1947,Pierce Ltd,Retail,North America,2/11/2024,Pro,34,2,5/18/2024,0,873.11,33
1947,1948,"Campos, Cooper and Cortez",Healthcare,Europe,1/10/2023,Free,7,0,1/29/2023,1,28.12,57
1948,1949,Anderson Inc,Manufacturing,North America,5/4/2024,Free,6,0,10/14/2024,1,25.03,11
1949,1950,"Vasquez, Evans and Collins",Manufacturing,Europe,11/22/2023,Basic,6,0,11/30/2023,1,243.89,34
1950,1951,"Miller, Vance and Hall",Logistics,Asia-Pacific,10/30/2024,Pro,35,2,11/9/2024,0,880.64,56
1951,1952,Brown LLC,Healthcare,North America,10/24/2025,Free,8,0,1/15/2026,0,68.28,-7
1952,1953,Watson Ltd,Logistics,Latin America,9/19/2024,Basic,13,0,11/5/2024,0,235.59,22
1953,1954,Lewis-Marshall,Logistics,Europe,12/18/2023,Basic,11,0,12/27/2023,0,253.78,26
1954,1955,Jones-Black,Logistics,Europe,4/27/2026,Free,4,0,6/23/2026,1,31.65,-32
1955,1956,"Neal, Friedman and Walters",Technology,Latin America,1/1/2023,Free,6,0,1/29/2023,1,35.19,63
1956,1957,Stephenson Ltd,Finance,Asia-Pacific,1/24/2025,Basic,16,2,2/27/2025,0,252.79,2
1957,1958,"Scott, Wall and Rodriguez",Logistics,Asia-Pacific,8/13/2022,Pro,29,2,9/20/2022,0,1012.63,55
1958,1959,Proctor Ltd,Retail,Asia-Pacific,3/8/2024,Basic,14,1,6/23/2024,0,295.71,-2
1959,1960,"Knight, Moore and Suarez",Retail,North America,4/14/2024,Free,7,2,7/3/2024,1,57.41,-6
1960,1961,Burke-Sims,Manufacturing,Asia-Pacific,5/4/2024,Basic,14,1,7/29/2024,0,248.28,43
1961,1962,Gardner LLC,Retail,Latin America,12/16/2025,Free,5,0,12/28/2025,1,32.89,10
1962,1963,Shelton-Mendez,Manufacturing,Asia-Pacific,4/20/2025,Free,7,1,3/23/2026,1,39.34,-36
1963,1964,Gutierrez Ltd,Finance,North America,1/20/2024,Free,3,0,9/23/2024,1,28.94,-7
1964,1965,Wright Ltd,Retail,Europe,10/7/2022,Basic,12,1,10/24/2022,0,283.37,18
1965,1966,Anderson-Schneider,Manufacturing,North America,5/12/2023,Enterprise,39,2,8/11/2023,0,5369.44,40
1966,1967,Wilson Group,Retail,Europe,11/21/2022,Basic,11,0,2/16/2023,0,233.57,17
1967,1968,Daniels-Fowler,Finance,Asia-Pacific,7/2/2024,Basic,12,0,8/13/2024,0,255.16,26
1968,1969,Brewer-Hughes,Manufacturing,North America,11/5/2024,Basic,12,0,2/23/2025,0,233.12,19
1969,1970,Kaufman Ltd,Healthcare,Europe,9/7/2024,Pro,26,1,7/14/2025,0,976.8,49
1970,1971,Anderson-Patel,Logistics,North America,1/24/2025,Free,7,0,4/27/2025,1,52.71,53
1971,1972,Cline Ltd,Technology,Asia-Pacific,4/4/2025,Basic,15,1,7/15/2025,0,268.84,28
1972,1973,Bauer-Kramer,Retail,North America,2/8/2023,Free,3,0,4/25/2023,1,28.55,-35
1973,1974,Little-King,Healthcare,North America,9/9/2023,Basic,20,0,9/25/2023,0,387.48,27
1974,1975,"Cantu, Newman and Palmer",Logistics,North America,4/21/2023,Free,4,0,5/15/2023,1,16.89,-8
1975,1976,Hampton-Chandler,Retail,North America,3/18/2026,Free,7,1,3/26/2026,1,54.25,-13
1976,1977,"Gomez, Walker and Olsen",Manufacturing,North America,1/10/2025,Pro,28,2,1/30/2025,0,856.96,66
1977,1978,Hunter Inc,Healthcare,Asia-Pacific,10/28/2022,Free,4,0,1/22/2023,1,27.73,12
1978,1979,Armstrong-Reid,Manufacturing,Europe,1/15/2026,Pro,34,2,2/11/2026,0,1011.95,27
1979,1980,"Gamble, Jordan and Aguilar",Finance,North America,8/17/2025,Free,4,0,8/28/2025,1,35.49,-14
1980,1981,Williams Inc,Manufacturing,Asia-Pacific,3/8/2025,Basic,16,2,4/27/2025,0,256.94,19
1981,1982,"Atkins, Price and Walton",Manufacturing,Europe,3/6/2025,Free,4,0,3/22/2025,1,14.47,13
1982,1983,Pace-Green,Retail,Latin America,5/3/2024,Enterprise,49,4,9/3/2024,0,5322.89,73
1983,1984,Montoya Group,Logistics,Europe,11/6/2023,Pro,30,0,11/19/2023,0,885.5,22
1984,1985,"Ward, Valencia and Thomas",Technology,North America,11/20/2025,Free,8,0,11/22/2025,0,76.93,-10
1985,1986,"Jensen, Oneill and Taylor",Retail,North America,5/18/2025,Basic,16,1,6/17/2025,0,349.69,11
1986,1987,"Curtis, Fuller and Smith",Healthcare,Latin America,6/5/2025,Pro,29,2,11/20/2025,0,937.41,47
1987,1988,"Martin, Garcia and Gray",Technology,Europe,7/28/2022,Basic,20,2,9/4/2022,0,333.64,22
1988,1989,Hayes-Williams,Healthcare,Europe,4/4/2023,Free,3,0,8/9/2023,1,11.03,44
1989,1990,Horn Ltd,Retail,North America,3/8/2024,Pro,20,0,5/3/2024,0,981.71,53
1990,1991,"Herman, Brown and Daniel",Logistics,North America,8/9/2025,Basic,16,0,9/24/2025,0,266.65,61
1991,1992,Taylor-Rojas,Finance,Europe,3/26/2026,Basic,11,1,4/27/2026,0,281.17,25
1992,1993,Bishop Group,Retail,Asia-Pacific,5/23/2024,Enterprise,55,5,7/24/2024,0,5166.62,84
1993,1994,Bond Ltd,Manufacturing,North America,8/26/2025,Free,2,0,3/14/2026,1,10.94,2
1994,1995,"Jimenez, Johnson and West",Logistics,North America,10/10/2022,Pro,34,0,1/30/2023,0,1051.63,44
1995,1996,"Allen, Woods and Young",Manufacturing,Europe,10/20/2022,Free,3,0,10/26/2022,1,22.16,-4
1996,1997,Pham Group,Healthcare,North America,12/24/2024,Free,3,0,1/14/2025,1,18.92,-16
1997,1998,"Delacruz, Walker and Reyes",Manufacturing,Europe,4/4/2023,Free,4,0,9/7/2023,1,17.66,-46
1998,1999,"Harvey, Jackson and Clark",Healthcare,Europe,6/14/2022,Basic,7,0,6/15/2022,1,226.71,-7
1999,2000,Graham Ltd,Manufacturing,North America,10/31/2022,Free,2,0,1/7/2023,1,4.38,0
2000,2001,Hansen-Lane,Healthcare,Europe,11/26/2022,Enterprise,56,4,1/10/2023,0,5276.15,61
2001,2002,Newman-Frazier,Healthcare,Asia-Pacific,1/16/2026,Basic,15,1,2/5/2026,0,237.77,22
2002,2003,Mcintyre LLC,Technology,Europe,4/16/2025,Enterprise,51,1,5/12/2025,0,5380.89,59
2003,2004,Odom PLC,Finance,North America,1/30/2025,Basic,12,0,2/14/2025,0,249.8,-19
2004,2005,Murphy Inc,Finance,North America,7/8/2025,Basic,14,0,7/26/2025,0,316.92,0
2005,2006,"Porter, Ashley and Green",Manufacturing,North America,12/22/2025,Pro,24,1,5/8/2026,0,932.83,31
2006,2007,Walters-Foster,Logistics,North America,1/27/2026,Basic,14,0,2/11/2026,0,305.25,17
2007,2008,Craig-Golden,Finance,Asia-Pacific,12/6/2025,Basic,13,0,12/8/2025,0,315.85,-24
2008,2009,Wilson LLC,Healthcare,Europe,6/24/2024,Pro,34,3,6/29/2024,0,1108.71,38
2009,2010,Wolfe-Wright,Technology,Europe,9/29/2023,Free,5,0,9/30/2023,1,12.4,-50
2010,2011,Alexander Group,Finance,Europe,11/2/2024,Free,6,0,2/8/2025,1,33.72,-15
2011,2012,Davis Inc,Finance,Europe,12/30/2023,Basic,16,0,1/10/2024,0,268.14,28
2012,2013,Ferguson-Collins,Healthcare,North America,5/29/2023,Free,5,0,7/8/2023,1,47.22,-3
2013,2014,Williams and Sons,Logistics,North America,2/27/2023,Free,4,0,3/10/2023,1,19.96,-37
2014,2015,Brooks-Hall,Manufacturing,North America,9/19/2022,Free,5,0,11/12/2022,1,22.33,43
2015,2016,Dixon and Sons,Logistics,Asia-Pacific,6/1/2022,Basic,15,0,6/28/2022,0,270.65,20
2016,2017,Stewart-Dickson,Technology,Asia-Pacific,5/12/2026,Pro,40,0,7/22/2026,0,1011.33,59
2017,2018,"Reyes, Ortiz and Callahan",Manufacturing,North America,8/22/2022,Enterprise,47,0,8/27/2022,0,5129.12,77
2018,2019,King and Sons,Manufacturing,North America,8/26/2022,Enterprise,46,3,10/25/2022,0,5191.95,61
2019,2020,Faulkner and Sons,Manufacturing,Europe,2/25/2025,Free,3,0,5/4/2025,1,29.51,0
2020,2021,Long Inc,Finance,Asia-Pacific,7/5/2024,Basic,16,2,7/15/2024,0,232.23,4
2021,2022,Martin-Murphy,Healthcare,North America,8/13/2023,Free,6,0,8/19/2023,1,57.41,-7
2022,2023,Goodman Ltd,Healthcare,Asia-Pacific,11/25/2025,Pro,23,1,12/30/2025,0,859.72,67
2023,2024,"Anderson, Walter and Colon",Technology,Latin America,4/5/2025,Basic,15,0,5/16/2025,0,345.43,45
2024,2025,"Conner, Smith and Kim",Manufacturing,North America,2/27/2025,Free,6,0,3/28/2025,1,37.74,-27
2025,2026,Wilson LLC,Logistics,Asia-Pacific,9/9/2022,Pro,29,1,11/27/2022,0,1003.32,24
2026,2027,Martin-Williams,Logistics,North America,1/29/2026,Free,2,0,3/30/2026,1,19.06,-18
2027,2028,"Ramirez, Klein and Torres",Healthcare,North America,1/30/2026,Free,6,0,3/30/2026,1,28.77,22
2028,2029,"Powers, Garrett and Owens",Healthcare,North America,2/22/2026,Basic,7,0,3/7/2026,1,256.1,25
2029,2030,"Solomon, King and Villegas",Manufacturing,Europe,10/18/2022,Basic,11,2,2/28/2023,0,225.65,-4
2030,2031,"Yates, Powell and Alvarez",Logistics,Europe,4/16/2025,Free,1,0,12/3/2025,1,5.24,28
2031,2032,Jenkins-Bates,Technology,North America,2/2/2026,Free,8,0,2/8/2026,0,30.23,81
2032,2033,Smith-Smith,Manufacturing,North America,1/29/2025,Pro,20,2,2/9/2025,0,850.62,46
2033,2034,"Jones, Garner and Pace",Manufacturing,North America,8/22/2025,Pro,27,1,9/14/2025,0,997.78,27
2034,2035,Wall-Hernandez,Retail,Asia-Pacific,1/22/2024,Free,6,1,2/12/2024,1,21.89,-26
2035,2036,Santana-Miller,Finance,North America,8/16/2023,Basic,16,2,12/19/2023,0,325.15,19
2036,2037,Stevens-Davis,Logistics,North America,4/5/2025,Free,8,0,9/3/2025,0,17.31,-38
2037,2038,"Hart, Williams and Nelson",Finance,Asia-Pacific,8/26/2022,Basic,17,1,10/1/2022,0,277.76,-16
2038,2039,"Carter, Young and Edwards",Manufacturing,North America,10/23/2025,Enterprise,50,0,11/6/2025,0,5350.47,44
2039,2040,"Frederick, Johnson and Jackson",Retail,North America,7/21/2023,Basic,15,0,7/25/2023,0,319.07,65
2040,2041,Jennings-Dawson,Technology,Asia-Pacific,4/6/2024,Basic,14,0,4/19/2024,0,270.31,19
2041,2042,"Martinez, Adkins and Livingston",Manufacturing,Europe,7/25/2022,Basic,12,0,9/6/2022,0,281.11,-21
2042,2043,Hall Group,Logistics,Latin America,1/4/2026,Pro,26,2,4/6/2026,0,899.69,13
2043,2044,Wright and Sons,Logistics,Latin America,6/21/2025,Basic,12,1,6/22/2025,0,285.4,14
2044,2045,Tapia-Morales,Logistics,North America,4/30/2024,Basic,14,2,6/5/2024,0,265.23,-16
2045,2046,Hopkins LLC,Finance,North America,1/30/2026,Basic,16,0,2/8/2026,0,275.16,1
2046,2047,Brown-Sparks,Finance,North America,10/16/2024,Basic,17,1,12/24/2024,0,242.71,25
2047,2048,King-Tucker,Finance,Latin America,4/4/2024,Pro,33,0,4/14/2024,0,1048.35,53
2048,2049,"Walter, Edwards and Santiago",Manufacturing,Asia-Pacific,10/20/2023,Basic,17,3,1/31/2024,0,322.42,-15
2049,2050,Brown Ltd,Technology,Asia-Pacific,5/14/2023,Basic,13,0,5/29/2023,0,231.63,0
2050,2051,"Davenport, Frazier and Torres",Technology,Asia-Pacific,1/16/2024,Basic,16,0,1/17/2024,0,245.63,-5
2051,2052,Skinner and Sons,Healthcare,Europe,4/20/2024,Pro,38,1,6/10/2024,0,951.96,49
2052,2053,"Davis, Zimmerman and Coleman",Logistics,North America,5/30/2023,Free,7,1,7/4/2023,1,35.11,-4
2053,2054,"Martinez, Knapp and Rhodes",Logistics,North America,8/12/2025,Basic,20,2,8/14/2025,0,349.61,67
2054,2055,"Williams, Mcmillan and Robinson",Retail,Asia-Pacific,1/31/2023,Free,1,0,2/20/2023,1,9.54,-63
2055,2056,"Evans, Taylor and Bell",Logistics,Europe,11/20/2025,Basic,23,3,1/26/2026,0,328.62,18
2056,2057,"Elliott, Hardin and Russell",Finance,Europe,3/4/2026,Pro,34,0,6/23/2026,0,883.37,32
2057,2058,Clark-Brown,Healthcare,North America,11/30/2022,Basic,11,2,12/20/2022,0,234.14,42
2058,2059,Evans-Houston,Manufacturing,Europe,5/26/2025,Basic,28,1,5/31/2025,0,341.56,-24
2059,2060,Riddle-Curtis,Manufacturing,North America,5/29/2023,Free,7,0,6/11/2023,1,49.59,34
2060,2061,Gates-Meyers,Finance,Asia-Pacific,11/17/2025,Pro,29,0,11/25/2025,0,961.46,21
2061,2062,"Moore, Wilson and Wilson",Logistics,Europe,11/11/2025,Free,5,0,2/16/2026,1,19.4,-14
2062,2063,Campbell Ltd,Finance,North America,4/24/2024,Pro,24,1,7/10/2024,0,941.19,75
2063,2064,Jones and Sons,Manufacturing,Asia-Pacific,3/30/2024,Basic,11,1,6/21/2024,0,272.71,34
2064,2065,Rush-Schroeder,Technology,North America,9/2/2025,Free,5,0,1/26/2026,1,24.52,33
2065,2066,"Brown, Petty and Crawford",Healthcare,Europe,2/11/2024,Pro,34,2,4/2/2024,0,975.08,19
2066,2067,Cruz-Ellison,Healthcare,North America,2/2/2024,Basic,17,0,2/10/2024,0,302.64,-5
2067,2068,"Macdonald, Ferguson and Shepard",Manufacturing,North America,6/9/2022,Free,3,0,6/15/2022,1,17.14,4
2068,2069,"Foley, Lang and Fowler",Finance,Europe,11/8/2022,Free,3,0,12/17/2022,1,7.75,38
2069,2070,Wilson Inc,Technology,North America,2/24/2026,Free,7,0,5/20/2026,1,31.49,-30
2070,2071,Stewart-Keller,Finance,North America,6/2/2024,Enterprise,47,5,10/26/2024,0,5455.24,17
2071,2072,Moore-Farmer,Healthcare,Asia-Pacific,3/24/2025,Pro,29,2,5/2/2025,0,892.56,16
2072,2073,"Riley, Sanchez and Jones",Retail,Asia-Pacific,11/11/2022,Pro,26,1,12/4/2022,0,1033.3,51
2073,2074,Rodriguez Ltd,Finance,North America,6/19/2022,Basic,17,0,8/14/2022,0,234.08,42
2074,2075,"Martin, Boyle and Roberts",Finance,North America,6/1/2024,Pro,31,2,7/12/2024,0,1063.19,70
2075,2076,Galvan and Sons,Technology,Europe,1/8/2024,Basic,18,1,2/12/2024,0,324.96,31
2076,2077,Cowan-Daniels,Technology,North America,6/1/2025,Free,5,0,10/3/2025,1,20.36,-25
2077,2078,"Lucas, Bennett and Eaton",Healthcare,Europe,8/27/2024,Free,4,0,11/28/2024,1,30.24,-45
2078,2079,"King, Flowers and Baker",Logistics,North America,6/22/2022,Enterprise,40,1,11/4/2022,0,5150.07,66
2079,2080,Brown PLC,Finance,North America,12/18/2024,Basic,19,2,1/16/2025,0,342.99,-23
2080,2081,Jones LLC,Finance,North America,5/15/2023,Pro,30,1,8/3/2023,0,863.9,35
2081,2082,Delgado Group,Technology,North America,4/9/2025,Basic,19,3,6/30/2025,0,357.87,19
2082,2083,Perez LLC,Technology,Asia-Pacific,1/4/2024,Free,6,0,3/2/2024,1,40.83,-43
2083,2084,Reyes Inc,Healthcare,North America,3/10/2024,Basic,13,0,8/8/2024,0,287.2,41
2084,2085,Scott-Richard,Finance,North America,4/20/2024,Basic,13,1,6/6/2024,0,249.49,48
2085,2086,Cardenas-Sullivan,Logistics,Europe,2/8/2026,Enterprise,53,5,2/11/2026,0,5469.09,62
2086,2087,Lane-Mueller,Technology,North America,2/3/2023,Free,7,0,3/11/2023,1,31.03,-43
2087,2088,Watkins LLC,Healthcare,North America,9/21/2025,Free,9,1,9/29/2025,0,34.57,17
2088,2089,Ramirez-Mueller,Finance,North America,4/29/2023,Free,6,0,7/11/2023,1,43.44,-35
2089,2090,Warren Group,Technology,North America,5/3/2025,Pro,30,1,10/14/2025,0,1010.91,74
2090,2091,Morris-Hamilton,Retail,Asia-Pacific,6/2/2024,Free,2,0,11/28/2024,1,7.46,18
2091,2092,Lynn Group,Retail,North America,10/20/2025,Basic,18,0,11/28/2025,0,365.47,-2
2092,2093,Richardson LLC,Healthcare,North America,11/8/2022,Free,4,0,11/11/2022,1,20.1,21
2093,2094,Maxwell-Coleman,Finance,Latin America,7/11/2022,Enterprise,43,0,10/10/2022,0,5224.44,84
2094,2095,Hanna-Wright,Technology,Europe,11/2/2024,Free,8,0,11/14/2024,0,16.15,-15
2095,2096,"Bates, Perez and Banks",Healthcare,Europe,2/26/2025,Basic,15,3,5/22/2025,0,279.24,-12
2096,2097,"Shah, Johnston and Cole",Healthcare,Europe,8/10/2022,Free,4,0,8/18/2022,1,26.59,17
2097,2098,Walker-Skinner,Technology,North America,11/10/2025,Basic,16,0,1/29/2026,0,280.66,12
2098,2099,"Decker, Silva and James",Logistics,Europe,8/29/2024,Basic,15,0,9/17/2024,0,323.63,43
2099,2100,Daniels and Sons,Retail,Europe,8/6/2024,Basic,19,0,11/15/2024,0,309.09,50
2100,2101,Frazier Inc,Manufacturing,Latin America,11/21/2023,Free,7,0,5/22/2024,1,60.86,-19
2101,2102,Dominguez Ltd,Technology,North America,4/25/2025,Enterprise,62,2,8/13/2025,0,5354.45,59
2102,2103,"Alexander, Hoffman and Dunn",Logistics,Asia-Pacific,9/30/2025,Free,6,0,10/16/2025,1,37.83,-8
2103,2104,Jones and Sons,Technology,North America,2/25/2024,Basic,15,3,6/8/2024,0,316.16,0
2104,2105,Scott PLC,Logistics,Europe,9/13/2024,Pro,34,1,11/30/2024,0,909.49,22
2105,2106,Schneider PLC,Technology,Asia-Pacific,9/12/2025,Free,8,0,9/26/2025,0,50.4,-19
2106,2107,Pierce-Kelley,Logistics,Asia-Pacific,2/16/2026,Free,8,0,4/9/2026,0,58.47,24
2107,2108,Hernandez-Smith,Healthcare,North America,12/22/2023,Pro,22,0,1/8/2024,0,860.92,25
2108,2109,Stone Group,Healthcare,Asia-Pacific,6/15/2023,Free,9,0,9/21/2023,0,34.17,0
2109,2110,Wiggins Group,Healthcare,Europe,11/28/2022,Free,4,0,12/14/2022,1,9,14
2110,2111,White Inc,Finance,North America,11/1/2024,Pro,36,3,3/4/2025,0,960.16,33
2111,2112,Daniels-Gonzalez,Manufacturing,North America,1/31/2025,Basic,18,1,2/3/2025,0,316.66,-42
2112,2113,Ortiz-Ward,Logistics,North America,4/29/2025,Pro,24,2,5/14/2025,0,1018.89,22
2113,2114,Lopez-Nolan,Manufacturing,Europe,5/11/2025,Free,1,0,6/3/2025,1,5.21,6
2114,2115,"Hoffman, Robinson and Burnett",Finance,Asia-Pacific,2/25/2025,Pro,33,5,4/4/2025,0,913.07,47
2115,2116,Wright and Sons,Retail,North America,1/1/2025,Free,5,1,1/3/2025,1,37.3,13
2116,2117,"Osborne, Smith and Rodriguez",Technology,Europe,6/10/2023,Free,5,1,6/23/2023,1,14.45,-10
2117,2118,Brown LLC,Manufacturing,Latin America,5/21/2024,Pro,30,2,8/21/2024,0,944.26,31
2118,2119,Campbell-Garcia,Finance,Europe,2/1/2024,Basic,14,1,3/7/2024,0,253.1,39
2119,2120,Burns-Irwin,Finance,North America,4/16/2023,Pro,25,2,4/22/2023,0,1026.99,50
2120,2121,"Meyer, Yoder and Miller",Finance,Asia-Pacific,3/12/2024,Free,7,0,6/5/2024,1,50.49,-29
2121,2122,Perez-Roman,Retail,Latin America,1/8/2026,Pro,28,0,6/5/2026,0,920.44,57
2122,2123,Stone Ltd,Manufacturing,North America,10/15/2025,Basic,19,0,10/22/2025,0,387.59,25
2123,2124,Taylor Ltd,Manufacturing,Asia-Pacific,1/6/2024,Basic,13,1,2/2/2024,0,261.37,30
2124,2125,Sandoval Ltd,Retail,Europe,9/14/2022,Enterprise,54,0,10/2/2022,0,5288.7,62
2125,2126,Roman and Sons,Technology,Europe,6/23/2024,Pro,16,1,9/10/2024,0,901.15,50
2126,2127,Johnson-Prince,Finance,North America,5/16/2023,Free,4,0,10/21/2023,1,33.73,-29
2127,2128,"Miller, Hicks and Mason",Manufacturing,Asia-Pacific,2/7/2025,Free,10,0,4/7/2025,0,56.49,-2
2128,2129,"Brown, Ball and Jackson",Technology,Asia-Pacific,9/11/2023,Free,7,0,1/11/2024,1,55.39,-7
2129,2130,Brown-Sherman,Logistics,North America,5/26/2024,Free,5,0,8/25/2024,1,33.44,-9
2130,2131,Bailey-Dunn,Manufacturing,Europe,4/2/2024,Free,5,0,4/24/2024,1,47.05,35
2131,2132,Patton Ltd,Retail,North America,12/14/2023,Basic,14,1,2/18/2024,0,284.75,-12
2132,2133,Rios LLC,Healthcare,North America,8/23/2024,Free,13,0,12/27/2024,0,39.24,12
2133,2134,Warner-Carlson,Logistics,North America,11/5/2024,Basic,15,0,1/8/2025,0,336.22,39
2134,2135,"Bell, Marks and Reynolds",Healthcare,Asia-Pacific,4/25/2023,Basic,12,1,3/26/2024,0,311.33,49
2135,2136,"Owen, Jackson and Chang",Finance,North America,10/5/2024,Free,4,0,11/16/2024,1,33.65,-13
2136,2137,Cruz-Espinoza,Healthcare,Europe,2/9/2023,Free,9,1,5/16/2023,0,62.44,-40
2137,2138,Conner-Brown,Manufacturing,North America,2/9/2025,Free,2,0,3/17/2025,1,7.32,10
2138,2139,"Harrison, Romero and Johnson",Retail,North America,12/6/2023,Pro,31,1,1/29/2024,0,889.62,19
2139,2140,Martin Group,Retail,North America,4/5/2024,Pro,14,1,4/28/2024,0,828.34,75
2140,2141,Martinez-Taylor,Healthcare,Europe,2/22/2023,Free,5,0,3/17/2023,1,17.84,6
2141,2142,Fernandez-Durham,Healthcare,Europe,9/24/2025,Enterprise,62,1,10/13/2025,0,5415.92,62
2142,2143,Adkins Inc,Finance,Europe,7/25/2025,Free,6,1,10/18/2025,1,36.09,-35
2143,2144,"Miller, Hamilton and Zimmerman",Finance,North America,5/23/2023,Free,2,0,10/16/2023,1,13.9,84
2144,2145,Calderon Ltd,Retail,North America,12/6/2022,Basic,18,3,2/4/2023,0,237.03,2
2145,2146,Glass-Martinez,Manufacturing,North America,1/28/2024,Enterprise,56,1,3/16/2024,0,5280.15,54
2146,2147,Winters-Beck,Finance,Asia-Pacific,1/15/2026,Basic,16,0,1/29/2026,0,281.4,60
2147,2148,Bush-Henry,Technology,North America,8/29/2023,Free,5,0,9/15/2023,1,45.75,13
2148,2149,Wheeler and Sons,Manufacturing,Europe,10/11/2022,Free,7,2,11/11/2022,1,31.39,-30
2149,2150,"Brewer, Curtis and Shelton",Retail,North America,5/6/2026,Basic,12,1,9/14/2026,0,306.3,32
2150,2151,Norris and Sons,Finance,Asia-Pacific,12/19/2024,Basic,16,0,4/4/2025,0,281.24,51
2151,2152,Perez-Smith,Finance,Europe,10/19/2025,Free,8,0,12/18/2025,0,71.05,-16
2152,2153,Myers LLC,Finance,Asia-Pacific,1/5/2024,Pro,30,0,9/14/2024,0,1084.68,48
2153,2154,"Cox, Rogers and Rivera",Technology,Latin America,2/28/2026,Free,1,0,3/25/2026,1,8.8,-39
2154,2155,"Welch, Sanchez and Reyes",Logistics,Europe,7/25/2025,Free,3,1,8/19/2025,1,12.8,15
2155,2156,Brewer-Webb,Finance,Europe,11/29/2022,Basic,13,0,2/19/2023,0,310.91,10
2156,2157,Dyer-Reed,Retail,Asia-Pacific,6/16/2023,Enterprise,52,2,7/11/2023,0,5488.77,89
2157,2158,"Berry, Gomez and Mayo",Retail,North America,11/30/2022,Pro,36,1,12/10/2022,0,903.11,33
2158,2159,"Walker, Harris and Avery",Logistics,Asia-Pacific,11/9/2023,Free,7,0,12/5/2023,1,16.72,5
2159,2160,Rocha Group,Technology,Europe,10/19/2023,Free,4,0,1/2/2024,1,35.91,0
2160,2161,Larson LLC,Logistics,Europe,3/18/2026,Basic,16,1,4/2/2026,0,317.59,-13
2161,2162,"Brown, Richard and Duncan",Retail,Latin America,11/2/2024,Basic,20,1,1/16/2025,0,364.14,36
2162,2163,"Ross, Rodriguez and Hartman",Technology,Asia-Pacific,8/10/2022,Pro,25,1,9/30/2022,0,1033.12,9
2163,2164,"Yang, Kelley and Baxter",Healthcare,Asia-Pacific,11/25/2023,Pro,35,0,12/24/2023,0,1033.82,48
2164,2165,"Palmer, Johnston and Hunter",Logistics,North America,11/4/2024,Free,5,0,11/17/2024,1,30.9,12
2165,2166,"Goodman, Leonard and Burgess",Healthcare,North America,9/18/2022,Basic,7,1,9/19/2022,1,243.14,6
2166,2167,"Richardson, Chen and Allen",Logistics,North America,8/22/2022,Free,5,0,12/18/2022,1,40.75,40
2167,2168,"Butler, Calhoun and Mendoza",Healthcare,Europe,7/1/2023,Basic,17,0,9/5/2023,0,256.27,30
2168,2169,"Rogers, Curtis and Russell",Retail,Latin America,8/6/2024,Pro,26,0,10/6/2024,0,1016.51,57
2169,2170,White PLC,Healthcare,North America,11/17/2023,Free,2,0,2/14/2024,1,17.01,-41
2170,2171,Thompson-Simon,Logistics,North America,6/18/2024,Free,6,0,2/17/2025,1,23.14,-17
2171,2172,Michael-Schmidt,Manufacturing,North America,8/27/2025,Pro,32,2,11/1/2025,0,1016.15,52
2172,2173,Robinson Group,Logistics,North America,9/21/2023,Free,0,0,12/15/2023,1,0,-15
2173,2174,Cook-Salas,Healthcare,North America,9/13/2025,Enterprise,37,1,1/18/2026,0,5282.39,63
2174,2175,Young-Richardson,Technology,Asia-Pacific,12/9/2022,Basic,17,1,1/11/2023,0,326.02,19
2175,2176,Russell-Moore,Manufacturing,Asia-Pacific,11/9/2023,Pro,34,1,3/29/2024,0,906.76,49
2176,2177,Miller LLC,Healthcare,Europe,8/15/2022,Basic,14,0,9/5/2022,0,233.55,52
2177,2178,Chambers-Davila,Manufacturing,Asia-Pacific,2/26/2025,Enterprise,48,2,7/4/2025,0,5133.08,62
2178,2179,"Greer, Richardson and Thompson",Logistics,North America,6/15/2023,Pro,34,0,7/8/2023,0,1028.75,64
2179,2180,Morgan LLC,Finance,Latin America,8/25/2025,Free,2,1,8/25/2025,1,4.89,-4
2180,2181,"Tanner, Arias and Huffman",Finance,North America,9/6/2024,Basic,16,0,10/6/2024,0,263.25,29
2181,2182,"Shelton, Powell and Smith",Manufacturing,North America,9/4/2023,Basic,14,0,9/4/2023,0,292.46,34
2182,2183,Matthews-Townsend,Manufacturing,Europe,7/26/2023,Basic,17,0,8/14/2023,0,355.33,-5
2183,2184,"Cortez, Martinez and Watson",Finance,North America,1/6/2023,Basic,18,0,2/2/2023,0,305.86,36
2184,2185,"Holmes, House and Smith",Manufacturing,Europe,10/24/2025,Enterprise,48,3,12/28/2025,0,5096.06,60
2185,2186,Smith-Mitchell,Manufacturing,Europe,8/10/2025,Free,3,0,8/22/2025,1,6.97,-10
2186,2187,Brown-Nguyen,Technology,Europe,6/20/2022,Free,2,0,10/2/2022,1,14.8,33
2187,2188,"Stevens, Howard and Woods",Technology,North America,9/13/2024,Enterprise,41,1,11/22/2024,0,5273.52,58
2188,2189,Wright-Jones,Healthcare,North America,2/5/2025,Enterprise,54,2,2/22/2025,0,5241.21,79
2189,2190,Carter-Reed,Technology,North America,5/5/2026,Free,6,0,5/5/2026,1,33.02,-26
2190,2191,Fitzpatrick-Stark,Retail,North America,3/14/2023,Basic,10,1,5/11/2023,0,258.11,23
2191,2192,Bailey and Sons,Healthcare,Europe,10/18/2023,Pro,28,1,12/31/2023,0,945.37,43
2192,2193,"Deleon, Manning and Peck",Retail,Europe,1/2/2025,Free,3,0,3/10/2025,1,24.5,-58
2193,2194,"Hoffman, Lang and Obrien",Logistics,Asia-Pacific,1/23/2025,Basic,20,0,2/6/2025,0,267.2,47
2194,2195,Friedman and Sons,Healthcare,North America,11/7/2024,Free,4,0,12/22/2024,1,39.03,10
2195,2196,"Martinez, Tran and Brown",Manufacturing,North America,2/2/2026,Enterprise,44,3,2/7/2026,0,5115.9,70
2196,2197,Kim Group,Healthcare,Latin America,2/12/2025,Basic,15,2,6/23/2025,0,309.85,44
2197,2198,"Cardenas, Rodriguez and Rush",Logistics,North America,2/21/2025,Basic,11,1,4/1/2025,0,290.83,19
2198,2199,Green-Wright,Finance,North America,2/10/2026,Pro,24,2,3/2/2026,0,874.73,23
2199,2200,"Gibson, Dunn and Austin",Healthcare,Asia-Pacific,5/5/2024,Basic,9,2,5/20/2024,0,260.39,37
2200,2201,Walter Ltd,Healthcare,North America,9/30/2023,Enterprise,50,4,12/8/2023,0,5436.08,66
2201,2202,Bradley-Salinas,Finance,Europe,12/2/2024,Basic,13,0,3/12/2025,0,281.34,28
2202,2203,Fox-Miller,Retail,Asia-Pacific,4/10/2025,Basic,17,2,5/6/2025,0,273.64,9
2203,2204,"Chavez, Rivers and Butler",Finance,Asia-Pacific,3/26/2026,Pro,33,1,4/27/2026,0,1011.06,23
2204,2205,Williams LLC,Manufacturing,Europe,4/3/2023,Free,3,0,4/22/2023,1,21.94,27
2205,2206,Smith-Edwards,Finance,North America,7/29/2023,Free,3,0,10/12/2023,1,16.69,47
2206,2207,Smith-Long,Manufacturing,North America,11/1/2022,Pro,22,1,12/5/2022,0,868.88,46
2207,2208,"Roy, Kelly and Miller",Logistics,Asia-Pacific,10/12/2022,Basic,19,1,2/9/2023,0,369.07,39
2208,2209,"Young, Lambert and Skinner",Healthcare,Latin America,1/14/2025,Basic,20,0,7/20/2025,0,263.49,-11
2209,2210,Ford LLC,Logistics,Europe,4/13/2026,Free,5,0,5/17/2026,1,47.51,-17
2210,2211,"Holland, Fuller and Griffin",Logistics,Europe,3/26/2024,Free,3,1,5/1/2024,1,12.96,-7
2211,2212,"Bradley, Scott and Johnson",Healthcare,North America,9/23/2022,Basic,13,1,4/14/2023,0,272.1,15
2212,2213,Kim-Ellis,Manufacturing,Asia-Pacific,11/15/2025,Basic,16,2,1/25/2026,0,306.83,-51
2213,2214,"Hernandez, Ray and Clark",Healthcare,Europe,10/22/2024,Pro,27,0,11/4/2024,0,933.12,29
2214,2215,Boone-Goodwin,Manufacturing,North America,2/4/2025,Basic,12,1,6/30/2025,0,224.52,7
2215,2216,Hendrix Ltd,Healthcare,North America,10/11/2023,Pro,27,3,2/11/2024,0,902.82,27
2216,2217,"Lambert, Lynn and Myers",Healthcare,Latin America,1/15/2024,Basic,14,2,1/17/2024,0,337.74,0
2217,2218,Young Inc,Retail,Europe,7/28/2023,Free,3,0,10/12/2023,1,29.1,29
2218,2219,Gonzalez Inc,Finance,Europe,5/8/2024,Free,6,0,7/2/2024,1,18.46,4
2219,2220,Collins Ltd,Healthcare,Latin America,5/11/2026,Free,3,0,5/14/2026,1,27.54,21
2220,2221,"Love, Anderson and Hunt",Finance,North America,7/31/2023,Free,7,0,9/13/2023,1,14.79,-32
2221,2222,Miller PLC,Manufacturing,North America,3/19/2023,Free,5,0,7/6/2023,1,20.08,-34
2222,2223,Rojas-Miller,Logistics,North America,9/29/2025,Free,7,1,10/8/2025,1,57.34,15
2223,2224,Nolan Group,Manufacturing,Europe,9/9/2025,Free,8,0,9/19/2025,0,64.38,20
2224,2225,"Duncan, Shaw and Daniels",Technology,Latin America,4/11/2023,Basic,8,2,6/25/2023,0,225.23,-4
2225,2226,"Vazquez, Harris and Williams",Finance,North America,8/4/2025,Free,10,0,11/21/2025,0,76.66,29
2226,2227,"Green, Anderson and Garza",Finance,Latin America,1/14/2026,Free,5,1,1/16/2026,1,19.78,0
2227,2228,Barber-Davis,Technology,North America,2/25/2026,Free,2,1,12/25/2026,1,13.71,-2
2228,2229,"Armstrong, Johnson and Davis",Finance,Europe,10/11/2022,Pro,35,3,11/17/2022,0,1036.66,71
2229,2230,Parker-Simmons,Healthcare,Asia-Pacific,6/20/2022,Enterprise,47,6,7/23/2022,0,5374.25,45
2230,2231,Santos and Sons,Technology,Latin America,4/6/2023,Free,4,0,6/7/2023,1,11.74,5
2231,2232,"Bowers, Hayes and Sanchez",Manufacturing,North America,1/19/2024,Basic,21,0,4/23/2024,0,409.35,-12
2232,2233,"Taylor, Washington and Knight",Retail,Latin America,4/30/2024,Pro,32,0,9/27/2024,0,922.28,63
2233,2234,"Munoz, Ross and Russell",Healthcare,Europe,9/3/2022,Free,5,0,9/22/2022,1,47.78,43
2234,2235,Campbell-Brewer,Retail,Asia-Pacific,12/13/2022,Enterprise,44,2,3/31/2023,0,5172.16,76
2235,2236,Barnes-Jones,Technology,Asia-Pacific,7/3/2025,Basic,12,1,8/6/2025,0,249.27,-4
2236,2237,Nelson Group,Healthcare,North America,12/7/2024,Basic,17,0,2/13/2025,0,266.76,33
2237,2238,Smith-Callahan,Logistics,North America,6/22/2024,Basic,19,1,8/14/2024,0,330.05,33
2238,2239,"Carlson, Villegas and David",Finance,Europe,2/2/2026,Enterprise,47,1,2/11/2026,0,5469.08,73
2239,2240,Parks-Livingston,Healthcare,North America,3/22/2023,Basic,11,0,4/19/2023,0,306.97,17
2240,2241,Lewis PLC,Healthcare,North America,12/3/2025,Pro,39,3,12/31/2025,0,1007.2,45
2241,2242,Beasley and Sons,Healthcare,Asia-Pacific,12/9/2024,Basic,10,0,12/29/2024,0,245.95,24
2242,2243,Duarte Inc,Healthcare,North America,6/5/2024,Free,5,0,6/7/2024,1,23.95,-47
2243,2244,"Scott, Bishop and Ramos",Technology,Asia-Pacific,7/13/2023,Free,1,0,5/19/2024,1,3.03,-16
2244,2245,"Merritt, Walters and Lawrence",Healthcare,Asia-Pacific,2/23/2025,Free,4,0,3/8/2025,1,16.35,-19
2245,2246,Montoya-Davis,Technology,North America,10/27/2025,Pro,30,2,12/8/2025,0,873.95,33
2246,2247,Hill and Sons,Manufacturing,North America,7/5/2025,Free,5,0,9/11/2025,1,30.77,23
2247,2248,Phillips Ltd,Logistics,Asia-Pacific,11/5/2022,Basic,17,1,1/2/2023,0,274.84,16
2248,2249,Cox Group,Healthcare,Latin America,1/7/2025,Basic,12,1,1/21/2025,0,249.73,2
2249,2250,"Williams, Ponce and Mathews",Technology,North America,3/18/2025,Pro,36,1,3/20/2025,0,1065.53,25
2250,2251,"Wells, Smith and Juarez",Technology,Latin America,11/10/2025,Pro,26,1,11/10/2025,0,928.56,30
2251,2252,Smith-Stewart,Logistics,Europe,7/1/2023,Basic,12,1,7/28/2023,0,279.82,22
2252,2253,Wells-Jordan,Finance,North America,7/11/2022,Free,8,1,8/8/2022,0,61.78,65
2253,2254,Taylor-Stevens,Retail,North America,1/29/2026,Pro,38,3,2/2/2026,0,1062.66,35
2254,2255,"Ramirez, Torres and Daniels",Healthcare,North America,9/20/2025,Basic,21,0,10/18/2025,0,281.86,21
2255,2256,"Kennedy, Hubbard and Williams",Finance,Europe,12/8/2025,Enterprise,66,2,1/26/2026,0,5205.05,56
2256,2257,"Smith, Sullivan and Mullins",Finance,Asia-Pacific,8/23/2025,Pro,36,2,12/23/2025,0,1076.93,36
2257,2258,Scott-Gibson,Retail,North America,5/18/2022,Basic,14,3,7/18/2022,0,284.13,-4
2258,2259,Nichols-Grant,Manufacturing,Europe,5/1/2024,Free,7,2,5/18/2024,1,67.74,15
2259,2260,Dixon-Moran,Retail,North America,11/6/2025,Free,5,2,11/12/2025,1,44.56,14
2260,2261,"Castro, Cummings and Murray",Finance,Europe,3/17/2026,Basic,12,1,10/13/2026,0,290.8,8
2261,2262,Oconnell-Hays,Finance,Asia-Pacific,5/26/2024,Enterprise,53,4,10/15/2024,0,5269.1,60
2262,2263,Williams-Weiss,Technology,North America,2/12/2023,Free,7,0,2/26/2023,1,48.67,24
2263,2264,Jackson-Figueroa,Technology,Latin America,10/8/2023,Basic,16,0,2/22/2024,0,247.07,11
2264,2265,Lynch and Sons,Finance,Europe,3/14/2024,Free,4,0,3/25/2024,1,25.74,-58
2265,2266,"Price, Barnes and Guzman",Finance,North America,8/17/2024,Free,5,0,9/16/2024,1,15.34,28
2266,2267,Jackson-Dixon,Technology,Europe,1/13/2023,Basic,16,1,2/22/2023,0,325.49,30
2267,2268,Thompson Inc,Healthcare,North America,9/23/2024,Basic,22,0,2/6/2025,0,330.55,20
2268,2269,Jones-Castro,Healthcare,North America,3/27/2024,Basic,15,1,4/14/2024,0,293.76,18
2269,2270,Williams-Richardson,Manufacturing,Europe,1/2/2024,Free,5,0,1/20/2024,1,35.48,-38
2270,2271,Vaughan-Jackson,Logistics,Europe,7/7/2023,Basic,13,2,9/19/2023,0,303.06,0
2271,2272,"Jacobs, Jones and Hernandez",Retail,North America,8/5/2024,Free,11,4,10/22/2024,0,36.15,-11
2272,2273,Herrera-Grant,Technology,Europe,4/16/2024,Pro,38,4,7/3/2024,0,892.53,35
2273,2274,"Kelly, Page and Fisher",Retail,North America,1/3/2026,Free,3,0,1/18/2026,1,23.62,19
2274,2275,"Day, Garcia and Christian",Finance,North America,9/7/2024,Pro,28,4,4/16/2025,0,874.18,18
2275,2276,Doyle Group,Logistics,Europe,4/16/2023,Basic,19,1,6/27/2023,0,282.06,40
2276,2277,"Mcdonald, Williams and Heath",Logistics,Latin America,5/4/2023,Basic,14,1,6/17/2023,0,263.06,69
2277,2278,Mercado-Russell,Manufacturing,Latin America,3/19/2025,Enterprise,50,4,4/26/2025,0,5115.43,76
2278,2279,Gill and Sons,Finance,North America,8/27/2024,Free,5,0,10/28/2024,1,19.12,46
2279,2280,"Short, Rivera and Gutierrez",Manufacturing,Asia-Pacific,7/11/2025,Free,6,2,8/16/2025,1,35.6,-50
2280,2281,Maxwell LLC,Manufacturing,Asia-Pacific,12/8/2023,Free,8,0,1/6/2024,0,24.93,-18
2281,2282,Taylor-Kelley,Logistics,Asia-Pacific,2/22/2023,Basic,17,0,7/11/2023,0,364.21,11
2282,2283,Carson-Frank,Retail,North America,1/13/2023,Pro,28,0,1/28/2023,0,1005.32,66
2283,2284,"Russell, Compton and Webb",Finance,North America,2/1/2025,Basic,16,0,7/24/2025,0,306.18,31
2284,2285,Allison Inc,Finance,Asia-Pacific,4/28/2026,Enterprise,47,3,5/8/2026,0,5302.48,84
2285,2286,"Watts, Snyder and Hernandez",Finance,North America,6/25/2022,Free,3,1,8/8/2022,1,20.52,-5
2286,2287,Hernandez Ltd,Logistics,North America,6/11/2024,Free,6,0,8/1/2024,1,15.63,-43
2287,2288,Turner-Rodriguez,Healthcare,North America,1/28/2025,Enterprise,54,1,2/3/2025,0,5413.93,72
2288,2289,Salinas and Sons,Healthcare,Europe,4/29/2025,Free,2,0,6/21/2025,1,9.27,-8
2289,2290,Brown-Collins,Retail,North America,12/10/2025,Pro,26,2,1/12/2026,0,1057.77,52
2290,2291,Young-Dickson,Logistics,Europe,5/15/2022,Free,6,2,5/16/2022,1,46.38,-11
2291,2292,Taylor LLC,Manufacturing,North America,10/31/2022,Free,5,0,11/5/2022,1,47.46,-4
2292,2293,Mitchell-Walker,Finance,Latin America,6/11/2022,Basic,23,1,6/16/2022,0,309.41,58
2293,2294,Smith LLC,Finance,North America,7/5/2022,Basic,17,2,7/21/2022,0,345.51,44
2294,2295,Parks and Sons,Finance,North America,9/12/2025,Free,1,2,9/14/2025,1,4.25,7
2295,2296,Taylor Ltd,Logistics,North America,1/21/2023,Basic,9,1,5/9/2023,0,227.4,4
2296,2297,Zhang Ltd,Retail,Latin America,11/8/2022,Free,5,0,12/18/2022,1,36.01,-54
2297,2298,Bradley-Aguirre,Finance,Latin America,12/6/2023,Free,6,0,3/26/2024,1,16.96,-23
2298,2299,Jones-Martinez,Logistics,North America,6/10/2025,Enterprise,59,2,6/22/2025,0,5451.8,40
2299,2300,Fleming-Anderson,Technology,Europe,10/13/2024,Free,7,2,10/16/2024,1,23.09,-36
2300,2301,Hamilton Group,Healthcare,North America,11/4/2022,Enterprise,55,6,12/26/2022,0,5260.27,69
2301,2302,James PLC,Logistics,Europe,3/7/2025,Free,5,0,4/5/2025,1,48.41,35
2302,2303,Gallagher-Merritt,Technology,North America,9/6/2022,Free,3,1,9/23/2022,1,29.69,-2
2303,2304,Porter Group,Healthcare,Europe,1/23/2026,Pro,29,2,5/2/2026,0,893.22,28
2304,2305,Simmons-Cantu,Healthcare,Asia-Pacific,8/1/2024,Basic,14,0,9/2/2024,0,259.42,-14
2305,2306,Taylor-James,Healthcare,Asia-Pacific,11/14/2023,Basic,18,1,11/15/2023,0,300.15,-12
2306,2307,Morales-Mcgee,Manufacturing,Latin America,12/15/2025,Basic,13,0,3/4/2026,0,275.7,-9
2307,2308,"Durham, Hall and Vargas",Logistics,North America,10/30/2025,Enterprise,42,3,1/21/2026,0,5231.25,62
2308,2309,Hurst-Fernandez,Finance,Asia-Pacific,5/26/2022,Basic,11,0,10/21/2022,0,223.01,0
2309,2310,Jones-Hill,Manufacturing,North America,5/17/2022,Pro,31,0,5/30/2022,0,969.25,38
2310,2311,"Davis, Clark and Barnes",Manufacturing,North America,10/24/2022,Free,5,0,11/5/2022,1,21.08,33
2311,2312,"Fuller, Tanner and Walker",Retail,Europe,2/15/2026,Free,7,0,3/10/2026,1,23.65,-14
2312,2313,Daniels Ltd,Manufacturing,Europe,1/12/2025,Pro,26,1,1/16/2025,0,1015.31,30
2313,2314,Ruiz-Smith,Healthcare,Europe,7/9/2025,Basic,14,0,7/27/2025,0,315.72,14
2314,2315,Rodriguez-Long,Finance,Latin America,1/3/2026,Free,4,2,4/17/2026,1,30.85,-25
2315,2316,"Gordon, Mercer and Sims",Logistics,North America,6/1/2022,Pro,25,2,9/6/2022,0,1003.85,59
2316,2317,Smith-Wang,Technology,Europe,5/3/2024,Basic,12,1,5/8/2024,0,260.7,56
2317,2318,"Dougherty, Vang and Frazier",Technology,Europe,6/10/2025,Free,7,1,9/25/2025,1,65.48,-30
2318,2319,Henry Inc,Manufacturing,North America,9/1/2024,Enterprise,50,2,9/11/2024,0,5184.31,55
2319,2320,Turner-Miller,Manufacturing,Asia-Pacific,8/2/2025,Free,6,0,9/22/2025,1,54.63,0
2320,2321,"Cook, Mason and Lam",Manufacturing,Europe,9/4/2024,Pro,24,1,9/28/2024,0,966.55,53
2321,2322,Nguyen-Armstrong,Manufacturing,North America,11/7/2025,Enterprise,54,0,1/11/2026,0,5414.69,57
2322,2323,Hubbard-Bray,Technology,Asia-Pacific,7/27/2023,Free,4,0,9/17/2023,1,11.91,5
2323,2324,Macdonald-Smith,Healthcare,North America,5/1/2025,Pro,28,0,5/16/2025,0,1059.09,50
2324,2325,"Hall, Herring and Morrison",Technology,Europe,11/12/2024,Pro,29,2,3/13/2025,0,889.66,7
2325,2326,Estrada LLC,Logistics,Asia-Pacific,2/17/2024,Free,7,0,7/25/2024,1,53.96,-34
2326,2327,Frederick-Campbell,Healthcare,Europe,2/6/2024,Basic,13,0,2/13/2024,0,285.98,-3
2327,2328,Wilcox-Maxwell,Manufacturing,North America,1/22/2026,Free,4,1,2/21/2026,1,25.38,33
2328,2329,"Reed, Cooper and Anderson",Logistics,North America,10/13/2023,Free,2,1,10/25/2023,1,16.03,-14
2329,2330,"Johnson, Johnson and Hart",Healthcare,North America,6/29/2024,Basic,14,2,8/27/2024,0,247.98,29
2330,2331,Lane LLC,Technology,Europe,1/30/2026,Basic,19,1,3/31/2026,0,373.6,-20
2331,2332,"Cross, Sanchez and Dixon",Retail,Asia-Pacific,9/11/2023,Free,4,1,9/25/2023,1,30.13,39
2332,2333,Lane-Delgado,Logistics,Asia-Pacific,9/27/2025,Free,2,0,2/21/2026,1,10.99,-5
2333,2334,"Mckinney, Walton and Williams",Finance,Latin America,9/25/2022,Pro,29,1,9/26/2022,0,879.47,70
2334,2335,Brooks-Quinn,Healthcare,Asia-Pacific,12/23/2025,Free,10,0,3/10/2026,0,93.63,-8
2335,2336,Aguilar Inc,Finance,North America,11/4/2025,Basic,16,1,4/2/2026,0,254.1,26
2336,2337,Burnett PLC,Logistics,Asia-Pacific,5/9/2026,Basic,16,1,6/23/2026,0,359.04,4
2337,2338,Baker-Allen,Manufacturing,North America,9/3/2023,Pro,37,2,10/31/2023,0,1113.09,22
2338,2339,Pierce Group,Logistics,Europe,2/18/2023,Basic,18,0,5/6/2023,0,312.27,37
2339,2340,"Brown, Meyer and Murphy",Technology,North America,9/2/2022,Basic,15,2,9/23/2022,0,319.6,39
2340,2341,Lopez PLC,Healthcare,Asia-Pacific,2/25/2025,Pro,27,4,3/21/2025,0,883.84,41
2341,2342,Lopez-Payne,Manufacturing,Latin America,9/23/2023,Basic,11,0,11/19/2023,0,251.47,33
2342,2343,"Jones, Tate and Bartlett",Logistics,North America,2/17/2024,Pro,37,2,5/3/2024,0,1091.79,38
2343,2344,"Ryan, Johnston and Andrews",Logistics,Europe,8/23/2023,Basic,14,1,12/7/2023,0,255.54,-12
2344,2345,Cline-Solomon,Healthcare,North America,2/28/2026,Basic,15,0,8/1/2026,0,257.83,-1
2345,2346,"Larsen, Warren and Anderson",Manufacturing,Latin America,8/1/2023,Basic,17,0,8/13/2023,0,246.02,-32
2346,2347,Pittman PLC,Finance,Asia-Pacific,3/24/2023,Basic,17,1,3/29/2023,0,332.62,22
2347,2348,Brown-Chavez,Technology,North America,6/3/2023,Basic,5,1,6/22/2023,1,241.71,19
2348,2349,Holmes Group,Retail,Latin America,2/22/2024,Free,2,0,2/25/2024,1,8.08,4
2349,2350,Joseph-Martinez,Healthcare,Europe,11/8/2022,Free,4,0,11/12/2022,1,26.49,-21
2350,2351,"Nguyen, Jacobs and Young",Logistics,Europe,9/19/2024,Free,5,0,9/20/2024,1,25.59,29
2351,2352,Carroll LLC,Retail,Latin America,4/21/2023,Enterprise,48,4,4/22/2023,0,5327.28,76
2352,2353,"Carter, Strong and Murray",Healthcare,Europe,4/27/2026,Pro,34,2,5/30/2026,0,889.61,20
2353,2354,Morgan-Willis,Retail,Europe,1/17/2023,Pro,26,1,9/4/2023,0,970.19,66
2354,2355,Davis-King,Logistics,Europe,11/26/2025,Pro,36,2,2/19/2026,0,1097.55,25
2355,2356,"Williams, Green and Jordan",Healthcare,Europe,7/9/2022,Pro,31,1,9/24/2022,0,962.51,14
2356,2357,Jimenez Ltd,Manufacturing,North America,6/26/2024,Basic,8,1,7/23/2024,0,236.17,10
2357,2358,Walker and Sons,Retail,Europe,5/13/2026,Free,6,2,10/15/2026,1,14.26,-22
2358,2359,Lee Inc,Logistics,North America,5/20/2023,Free,6,0,7/30/2023,1,51.58,-50
2359,2360,Jenkins-Kelly,Manufacturing,Europe,8/11/2024,Free,3,0,8/11/2024,1,13.21,24
2360,2361,Wright Group,Manufacturing,Europe,6/16/2023,Free,11,0,11/11/2023,0,94.19,-51
2361,2362,"Johns, Mitchell and Cooper",Manufacturing,North America,3/10/2024,Basic,14,0,6/8/2024,0,257.38,47
2362,2363,Price-Bell,Healthcare,Europe,12/5/2022,Free,10,2,3/11/2023,0,23.49,23
2363,2364,Franklin Ltd,Retail,Asia-Pacific,2/21/2025,Pro,35,3,4/19/2025,0,927.35,48
2364,2365,Finley-Rogers,Retail,Asia-Pacific,1/20/2025,Basic,16,2,2/19/2025,0,288.72,-5
2365,2366,Mcgee-Gonzales,Retail,Asia-Pacific,2/1/2026,Free,2,0,3/26/2026,1,12.55,-16
2366,2367,"Rogers, Potter and Mullen",Manufacturing,North America,4/12/2023,Basic,14,1,5/27/2023,0,259.86,53
2367,2368,"Herrera, Cline and Smith",Technology,Asia-Pacific,8/2/2022,Free,4,0,9/11/2022,1,10.63,-19
2368,2369,Lee-Roberts,Manufacturing,Europe,7/30/2023,Enterprise,53,2,11/15/2023,0,5311.92,41
2369,2370,Marshall-Brooks,Finance,Latin America,6/21/2023,Free,7,0,7/17/2023,1,48.09,-44
2370,2371,Miller and Sons,Technology,Asia-Pacific,7/7/2025,Basic,18,0,8/10/2025,0,239.53,62
2371,2372,"Caldwell, Escobar and Greer",Finance,North America,10/10/2024,Basic,14,2,11/20/2024,0,270.32,8
2372,2373,Bowers-Marquez,Retail,Latin America,4/4/2024,Pro,28,4,5/16/2024,0,956.54,37
2373,2374,Davis LLC,Finance,Asia-Pacific,8/25/2023,Free,8,0,10/2/2023,0,62.47,17
2374,2375,"Colon, Burgess and Snow",Retail,Asia-Pacific,4/25/2025,Pro,26,0,5/10/2025,0,946.46,2
2375,2376,Humphrey-Daniels,Manufacturing,North America,7/4/2025,Free,5,0,12/3/2026,1,18.76,-26
2376,2377,Cantrell-Horton,Retail,North America,3/23/2024,Enterprise,46,4,5/19/2024,0,5144.43,24
2377,2378,"Alexander, Cruz and Potts",Finance,North America,8/9/2025,Free,2,0,9/18/2025,1,14.79,49
2378,2379,"Wallace, Morse and Mcbride",Logistics,Europe,1/17/2023,Pro,28,2,2/21/2023,0,920.02,12
2379,2380,Bautista Group,Logistics,North America,5/11/2024,Free,5,0,6/15/2024,1,42.89,32
2380,2381,Dyer-Miller,Finance,North America,10/31/2023,Basic,19,1,11/25/2023,0,240.47,-25
2381,2382,Williams-Park,Retail,North America,9/20/2023,Free,7,0,10/2/2023,1,48.85,-8
2382,2383,"Thomas, Gray and Simon",Technology,North America,9/22/2022,Basic,20,0,10/9/2022,0,280.39,20
2383,2384,Mcdaniel Ltd,Logistics,Europe,7/11/2023,Basic,11,0,7/30/2023,0,248.47,14
2384,2385,"Macdonald, Jones and Nichols",Retail,Europe,3/23/2023,Basic,13,2,7/6/2023,0,274.61,31
2385,2386,"Holloway, Moore and Stafford",Finance,Asia-Pacific,5/20/2022,Free,6,0,6/4/2022,1,16.64,-25
2386,2387,"Golden, Wilson and Davidson",Logistics,Asia-Pacific,10/30/2025,Enterprise,52,0,1/6/2026,0,5370.98,64
2387,2388,Singh-Ashley,Healthcare,North America,12/30/2025,Basic,14,1,1/14/2026,0,236.79,11
2388,2389,Robinson-Ford,Manufacturing,Latin America,6/20/2023,Free,3,0,7/4/2023,1,16.7,34
2389,2390,Jackson-Thomas,Retail,Europe,1/1/2025,Basic,17,3,1/5/2025,0,258.41,42
2390,2391,"Moreno, Ramirez and Salinas",Technology,North America,7/10/2025,Pro,35,2,10/10/2025,0,971.19,51
2391,2392,"Blevins, Rodriguez and James",Finance,North America,3/15/2024,Free,3,0,12/1/2024,1,24.11,-16
2392,2393,"Riley, Taylor and Cervantes",Finance,Europe,7/31/2025,Pro,26,1,8/6/2025,0,1008.3,28
2393,2394,Glenn-Gonzalez,Healthcare,Latin America,10/12/2023,Pro,30,1,1/17/2024,0,876.47,39
2394,2395,"Osborne, Martin and Miller",Retail,North America,5/29/2024,Free,6,0,6/25/2024,1,50.43,48
2395,2396,Price Group,Logistics,Latin America,10/15/2022,Pro,35,3,10/25/2022,0,934.22,49
2396,2397,Walker-David,Retail,North America,12/4/2023,Enterprise,38,0,6/19/2024,0,5245.11,42
2397,2398,"Hicks, Reid and Santiago",Retail,North America,12/29/2023,Pro,34,2,2/3/2024,0,950.12,34
2398,2399,Anderson LLC,Finance,North America,12/18/2022,Enterprise,49,5,1/1/2023,0,5486.07,20
2399,2400,"Bradley, Villanueva and Morton",Retail,North America,2/6/2024,Enterprise,51,2,2/19/2024,0,5291.23,45
2400,2401,"Hall, Avila and Shepherd",Retail,Asia-Pacific,11/9/2024,Basic,13,1,2/10/2025,0,237.88,29
2401,2402,"Sanchez, Smith and Benjamin",Healthcare,Latin America,9/23/2025,Free,3,0,6/30/2026,1,18.63,0
2402,2403,Young PLC,Manufacturing,Europe,9/21/2024,Free,4,0,11/26/2024,1,8.33,-16
2403,2404,Rice Ltd,Finance,Europe,11/22/2023,Pro,26,0,12/3/2023,0,978.74,48
2404,2405,"Ferguson, Cuevas and Coffey",Healthcare,North America,12/21/2023,Pro,26,1,12/29/2023,0,880.54,29
2405,2406,Ingram-Wang,Finance,North America,1/11/2025,Pro,29,1,1/17/2025,0,1049.74,0
2406,2407,Simon-Wood,Retail,North America,12/13/2024,Free,9,0,12/14/2024,0,61.88,20
2407,2408,Li-Mathews,Finance,North America,4/8/2023,Enterprise,64,3,4/22/2023,0,5322.17,65
2408,2409,Foley Ltd,Finance,Europe,2/16/2023,Pro,37,1,3/5/2023,0,883.72,52
2409,2410,Kennedy Ltd,Logistics,North America,12/10/2022,Basic,15,0,12/15/2022,0,269.29,-34
2410,2411,"Mendez, Hurst and Cardenas",Retail,North America,2/16/2024,Free,6,2,4/15/2024,1,50.41,8
2411,2412,Mejia-Cooper,Logistics,North America,9/16/2025,Basic,9,1,10/21/2025,0,235.99,15
2412,2413,"Delgado, Delgado and Taylor",Retail,Asia-Pacific,6/23/2023,Basic,11,0,7/19/2023,0,245.92,51
2413,2414,Ortiz PLC,Technology,Europe,7/4/2022,Basic,22,1,7/15/2022,0,386.36,21
2414,2415,Rosales-Lee,Logistics,North America,2/9/2023,Free,3,0,2/15/2023,1,18.3,32
2415,2416,"Armstrong, Williams and Butler",Healthcare,Asia-Pacific,7/11/2025,Pro,34,2,9/16/2025,0,1028.72,61
2416,2417,Bell Inc,Healthcare,North America,11/1/2024,Basic,17,1,12/13/2024,0,257.6,45
2417,2418,Matthews LLC,Healthcare,North America,3/11/2023,Basic,16,1,5/9/2023,0,241.57,43
2418,2419,Gordon-Thornton,Healthcare,North America,9/9/2024,Free,6,0,10/3/2024,1,27.03,5
2419,2420,Carroll Ltd,Healthcare,Europe,12/1/2022,Pro,32,1,12/6/2022,0,930.45,67
2420,2421,Rivera-Wilson,Logistics,Asia-Pacific,10/18/2022,Pro,25,1,10/27/2022,0,898.68,44
2421,2422,Gonzalez-Bennett,Retail,North America,5/14/2022,Basic,13,1,8/17/2022,0,265.82,9
2422,2423,"Hicks, Rojas and White",Logistics,Asia-Pacific,12/26/2022,Basic,16,0,2/9/2023,0,265.96,17
2423,2424,"Love, Grant and Richards",Manufacturing,Europe,10/7/2023,Free,2,0,11/17/2023,1,18.27,11
2424,2425,"Gould, Torres and Martin",Manufacturing,Europe,9/20/2025,Basic,16,3,10/3/2025,0,297.08,-6
2425,2426,"Williams, Medina and Rogers",Retail,North America,6/11/2024,Free,4,0,7/6/2024,1,39.17,-19
2426,2427,"Carlson, Rodriguez and Chambers",Healthcare,Europe,5/8/2025,Basic,9,0,9/20/2025,0,272.72,9
2427,2428,Chaney-Horn,Manufacturing,Europe,2/8/2023,Basic,17,1,7/15/2024,0,318.91,14
2428,2429,Rose LLC,Finance,Asia-Pacific,10/23/2023,Basic,15,0,3/13/2024,0,288.39,46
2429,2430,"Cunningham, Barnett and Gomez",Logistics,North America,11/14/2024,Pro,36,4,12/21/2024,0,1032.7,63
2430,2431,Hernandez Inc,Manufacturing,North America,5/2/2024,Basic,15,0,9/27/2024,0,339.23,26
2431,2432,"Harris, Turner and Patrick",Manufacturing,Europe,8/24/2024,Basic,21,1,9/15/2024,0,396.54,0
2432,2433,"Morrison, Shaffer and Graham",Manufacturing,Europe,9/23/2024,Basic,10,1,11/19/2024,0,249.9,0
2433,2434,"Matthews, Phillips and Rowe",Retail,Europe,11/28/2023,Enterprise,57,3,1/8/2024,0,5486.95,66
2434,2435,Kent-Molina,Manufacturing,Europe,2/19/2023,Pro,25,1,4/19/2023,0,905.79,11
2435,2436,Wilkins LLC,Retail,North America,6/22/2025,Basic,14,0,8/17/2025,0,277.37,10
2436,2437,Baker LLC,Technology,North America,3/7/2024,Free,8,0,6/17/2024,0,79.04,-3
2437,2438,Wheeler-Stewart,Logistics,Asia-Pacific,1/4/2023,Free,7,0,2/24/2023,1,25.53,-38
2438,2439,"Lewis, Ayers and Jones",Technology,Latin America,7/11/2024,Pro,27,1,7/24/2024,0,866.8,31
2439,2440,Gomez LLC,Finance,Europe,12/7/2024,Pro,36,1,12/30/2024,0,968.55,37
2440,2441,Stewart-Davis,Manufacturing,Europe,11/25/2023,Free,8,1,7/18/2024,0,55.83,-50
2441,2442,Larson Group,Finance,Europe,9/16/2022,Free,5,0,10/7/2022,1,26.59,-9
2442,2443,Garcia-Anderson,Manufacturing,Asia-Pacific,7/9/2024,Basic,17,0,11/6/2024,0,312.92,-8
2443,2444,"Beasley, Sweeney and Johnson",Technology,Europe,6/8/2025,Enterprise,55,3,12/17/2025,0,5328.68,70
2444,2445,"Moore, Reese and Whitehead",Retail,North America,3/6/2026,Free,7,0,3/16/2026,1,63.27,-41
2445,2446,"Wilson, Johnson and Brown",Logistics,Asia-Pacific,4/10/2025,Enterprise,57,2,6/2/2025,0,5173.83,52
2446,2447,Nunez-Allen,Manufacturing,Asia-Pacific,9/28/2023,Basic,20,1,10/4/2023,0,297.96,39
2447,2448,"Gates, Morrow and Moran",Manufacturing,North America,11/27/2025,Basic,14,0,12/29/2025,0,327.62,42
2448,2449,"Davis, Rodriguez and Smith",Finance,Asia-Pacific,6/24/2025,Pro,23,1,9/25/2025,0,986.84,67
2449,2450,"Webb, Moss and Sanders",Finance,North America,8/22/2024,Pro,38,1,10/12/2024,0,1087.83,21
2450,2451,Carey-Ray,Technology,Europe,6/10/2025,Enterprise,55,2,6/14/2025,0,5220.63,66
2451,2452,"Martin, Roach and Welch",Logistics,North America,6/25/2025,Free,2,0,8/19/2025,1,13.52,-12
2452,2453,"Thompson, Sullivan and Williams",Finance,Europe,12/22/2022,Pro,28,2,12/31/2022,0,862.19,41
2453,2454,"Hernandez, Walker and Patel",Technology,North America,10/18/2023,Pro,24,0,11/28/2023,0,1031.3,28
2454,2455,"Hoover, Clark and Gallegos",Logistics,Europe,1/27/2025,Basic,17,0,2/24/2025,0,242.03,-25
2455,2456,"Smith, Wheeler and Brown",Technology,North America,9/14/2024,Enterprise,55,2,10/7/2024,0,5304.64,60
2456,2457,Goodman-Case,Retail,Asia-Pacific,10/9/2023,Pro,27,2,12/28/2023,0,986.18,66
2457,2458,Ford Inc,Logistics,Asia-Pacific,9/27/2025,Free,3,1,10/18/2025,1,7.31,-40
2458,2459,Dunn LLC,Finance,Europe,5/20/2022,Basic,19,1,6/11/2022,0,358.48,2
2459,2460,"Sullivan, Palmer and Reyes",Finance,Latin America,1/15/2023,Basic,11,0,5/29/2023,0,276.3,-29
2460,2461,Smith-Brandt,Healthcare,Europe,1/2/2026,Basic,15,3,1/25/2026,0,308.5,21
2461,2462,"Harris, Peters and Carter",Technology,North America,7/3/2022,Free,7,0,2/28/2023,1,43.19,-18
2462,2463,"White, Parker and Dougherty",Retail,Europe,3/7/2025,Enterprise,60,4,3/23/2025,0,5405.86,79
2463,2464,"Acosta, Sutton and Marquez",Manufacturing,Latin America,8/11/2025,Free,5,1,2/14/2026,1,49.12,-12
2464,2465,"Hayes, Ho and Galvan",Finance,North America,7/8/2024,Free,2,1,1/5/2025,1,6.04,35
2465,2466,"Little, Williams and Murray",Healthcare,North America,9/29/2023,Enterprise,54,1,12/13/2023,0,5291.52,41
2466,2467,"Jones, Walsh and Hamilton",Logistics,North America,6/17/2024,Pro,26,5,6/18/2024,0,1038.25,26
2467,2468,"White, Smith and Taylor",Manufacturing,Asia-Pacific,11/15/2025,Basic,12,4,12/18/2025,0,255.67,35
2468,2469,Evans LLC,Manufacturing,Latin America,9/20/2023,Free,6,1,9/27/2023,1,36.72,-7
2469,2470,"Blackwell, Woods and Gross",Finance,Europe,1/28/2023,Basic,15,1,4/8/2023,0,311.76,19
2470,2471,Kaiser and Sons,Manufacturing,North America,1/13/2025,Pro,21,0,3/13/2025,0,904.43,64
2471,2472,Johnson and Sons,Retail,North America,10/24/2023,Free,5,0,2/27/2024,1,34.17,-60
2472,2473,"Lopez, Rodriguez and Howe",Healthcare,North America,11/26/2024,Basic,15,1,3/6/2025,0,349.15,-9
2473,2474,"Neal, Terry and Lam",Technology,Asia-Pacific,12/11/2022,Free,4,0,12/17/2022,1,39.31,-6
2474,2475,"Davis, Johnson and Joseph",Healthcare,North America,7/5/2024,Basic,19,2,12/6/2024,0,248.06,30
2475,2476,"Parker, Pruitt and Campbell",Logistics,Latin America,2/3/2024,Basic,17,1,2/28/2024,0,292.84,56
2476,2477,Beasley Ltd,Technology,Europe,5/10/2024,Free,6,0,5/14/2024,1,32.22,38
2477,2478,Miller-Baker,Retail,Asia-Pacific,4/16/2024,Free,4,0,10/12/2024,1,31.09,-58
2478,2479,"Greene, Morgan and Watson",Technology,Asia-Pacific,7/26/2023,Free,8,0,8/7/2023,0,20.38,-59
2479,2480,"Carlson, Dominguez and Cooper",Finance,North America,1/3/2024,Pro,32,4,3/3/2024,0,892.54,33
2480,2481,Leonard-Rodriguez,Healthcare,Asia-Pacific,5/21/2024,Pro,22,2,8/4/2024,0,903.07,14
2481,2482,Crawford and Sons,Technology,Europe,12/27/2023,Enterprise,51,0,1/18/2024,0,5248.46,92
2482,2483,Davidson and Sons,Finance,North America,3/30/2025,Basic,12,0,6/19/2025,0,240.41,48
2483,2484,Osborn and Sons,Manufacturing,Europe,3/4/2023,Free,5,0,5/5/2023,1,13.78,-48
2484,2485,Moss PLC,Logistics,Europe,4/29/2026,Free,3,0,6/6/2026,1,20.22,-36
2485,2486,"Mata, Lambert and Franklin",Logistics,Europe,11/16/2023,Free,3,0,12/10/2023,1,26.88,-15
2486,2487,Mcpherson Inc,Logistics,North America,4/17/2024,Basic,12,0,6/15/2024,0,248.98,44
2487,2488,Lawrence PLC,Manufacturing,Europe,7/19/2024,Basic,19,0,8/21/2024,0,350.12,35
2488,2489,"Young, Salazar and Alvarado",Logistics,North America,10/21/2025,Basic,17,0,1/8/2026,0,252.66,25
2489,2490,"Strong, Cain and Long",Logistics,Asia-Pacific,3/28/2025,Enterprise,58,2,4/23/2025,0,5135.92,95
2490,2491,"Perry, Jackson and Thomas",Healthcare,Latin America,12/29/2023,Pro,25,1,2/17/2024,0,915.16,42
2491,2492,"West, Bennett and Wilson",Logistics,Europe,9/21/2024,Basic,20,0,11/29/2024,0,279.23,-5
2492,2493,Gilmore LLC,Technology,Asia-Pacific,5/26/2023,Free,4,0,6/3/2023,1,19.09,76
2493,2494,Rodriguez and Sons,Healthcare,Asia-Pacific,6/5/2022,Enterprise,63,2,6/5/2022,0,5517.54,55
2494,2495,Martin-Benjamin,Logistics,Europe,6/22/2025,Free,5,1,7/29/2025,1,23.89,13
2495,2496,"Powell, Ferguson and Shaw",Technology,Europe,1/23/2024,Free,7,0,2/28/2024,1,51.73,1
2496,2497,Anderson-Jackson,Finance,Latin America,10/5/2024,Basic,19,2,12/8/2024,0,287.92,3
2497,2498,Leonard Ltd,Manufacturing,Asia-Pacific,9/30/2024,Free,7,0,1/25/2025,1,51.75,19
2498,2499,Scott-Wolfe,Technology,North America,10/5/2022,Pro,27,2,10/29/2022,0,1002.46,5
2499,2500,"Bryant, Berry and Smith",Manufacturing,Europe,7/3/2024,Enterprise,32,3,7/8/2024,0,5088.47,63
2500,2501,"Rogers, Mathis and Martin",Healthcare,Latin America,8/20/2025,Enterprise,54,2,10/26/2025,0,5375.79,60
2501,2502,Shaw Ltd,Logistics,Europe,7/9/2025,Basic,15,1,9/28/2025,0,239.23,48
2502,2503,Young Ltd,Manufacturing,North America,12/2/2024,Basic,14,0,1/11/2025,0,316.67,37
2503,2504,"Richards, Brock and Hall",Technology,North America,1/16/2026,Free,3,0,2/19/2026,1,22.09,2
2504,2505,"Harris, Martin and Romero",Finance,Latin America,5/31/2025,Free,6,1,7/26/2025,1,23.06,-1
2505,2506,"Goodman, Wagner and Martinez",Manufacturing,Europe,5/23/2022,Basic,11,1,7/21/2022,0,298.4,12
2506,2507,"Smith, Sandoval and Gonzalez",Healthcare,North America,1/17/2024,Basic,17,0,3/2/2024,0,365.2,58
2507,2508,Andrews-Paul,Retail,Asia-Pacific,1/21/2024,Pro,23,0,1/24/2024,0,940.78,29
2508,2509,Brooks-Hoffman,Manufacturing,Asia-Pacific,12/17/2024,Pro,25,0,6/22/2025,0,1016.9,38
2509,2510,Miller PLC,Healthcare,Latin America,12/31/2024,Enterprise,52,2,7/10/2025,0,5516.8,65
2510,2511,"Lowe, Jones and Oliver",Retail,Asia-Pacific,6/26/2025,Basic,14,0,8/7/2025,0,253.14,29
2511,2512,Nielsen-Good,Retail,North America,10/9/2022,Basic,10,4,11/8/2022,0,264.8,16
2512,2513,"Scott, Russell and Juarez",Manufacturing,North America,12/26/2023,Basic,7,0,2/11/2024,1,235.26,19
2513,2514,Rubio-Cook,Logistics,North America,2/7/2025,Free,5,0,4/17/2025,1,34.49,-21
2514,2515,"Rodriguez, Brown and Johnson",Finance,Asia-Pacific,3/24/2024,Basic,15,0,9/16/2024,0,349.99,15
2515,2516,Small-Smith,Finance,Asia-Pacific,7/27/2022,Enterprise,58,3,8/3/2022,0,5459.04,47
2516,2517,"Williams, Miller and Buchanan",Retail,North America,6/1/2025,Basic,19,2,10/3/2025,0,266.05,12
2517,2518,"Bowen, Young and Gordon",Manufacturing,North America,10/9/2023,Basic,15,4,2/7/2024,0,260.17,10
2518,2519,"Solomon, Jones and Vincent",Manufacturing,Latin America,10/24/2024,Basic,8,1,2/12/2025,0,251.81,26
2519,2520,Williams PLC,Manufacturing,North America,12/21/2022,Pro,29,2,12/28/2022,0,1048.88,37
2520,2521,Villa-Barker,Healthcare,North America,3/28/2025,Basic,12,1,4/28/2025,0,238.28,-9
2521,2522,Briggs-Edwards,Finance,North America,3/23/2025,Pro,23,0,4/3/2025,0,902.43,42
2522,2523,Mitchell Inc,Finance,North America,8/30/2022,Pro,24,1,10/9/2022,0,968.71,60
2523,2524,Martinez LLC,Technology,North America,4/6/2025,Basic,17,3,9/11/2025,0,310.83,2
2524,2525,Taylor-Blankenship,Logistics,North America,11/13/2023,Enterprise,50,3,4/1/2024,0,5217.62,73
2525,2526,"Jenkins, Newman and Molina",Healthcare,Latin America,9/13/2025,Free,4,0,10/14/2025,1,31.67,14
2526,2527,"Sanchez, Stewart and Martin",Manufacturing,North America,10/6/2024,Free,3,1,10/22/2024,1,27.05,-32
2527,2528,Griffith PLC,Healthcare,North America,7/20/2022,Pro,32,1,5/18/2023,0,1068.95,58
2528,2529,Montes PLC,Finance,North America,6/18/2023,Free,3,0,7/4/2023,1,17.72,-61
2529,2530,Anderson-Turner,Healthcare,Asia-Pacific,12/10/2023,Free,6,0,1/1/2024,1,49.25,-15
2530,2531,Thompson-Page,Manufacturing,North America,11/2/2022,Free,2,0,7/30/2023,1,16.25,-48
2531,2532,Morrison-Olson,Technology,North America,10/22/2022,Pro,28,1,10/28/2022,0,884.84,4
2532,2533,Ortiz Ltd,Manufacturing,North America,7/28/2025,Basic,11,0,8/12/2025,0,262.77,33
2533,2534,"Brown, Frey and Trevino",Logistics,Asia-Pacific,10/18/2022,Enterprise,48,1,12/5/2022,0,5325,61
2534,2535,"Gallagher, Wood and Willis",Manufacturing,North America,5/10/2024,Basic,16,0,8/7/2024,0,351.06,32
2535,2536,"Dunn, Marshall and Jones",Technology,North America,2/27/2026,Free,3,0,5/16/2026,1,25.15,4
2536,2537,Atkinson LLC,Technology,Europe,2/18/2023,Basic,13,0,2/19/2023,0,248.7,-14
2537,2538,"Bowman, Stanley and Perez",Technology,Europe,6/2/2025,Pro,38,2,7/3/2025,0,1014.61,48
2538,2539,Andrews-Williams,Logistics,North America,8/13/2024,Free,4,0,9/14/2024,1,34.55,-11
2539,2540,Moore-Hayes,Logistics,Latin America,10/13/2022,Free,7,0,11/22/2022,1,68.5,9
2540,2541,Hampton-Richardson,Healthcare,North America,3/7/2025,Free,5,0,6/2/2025,1,16.25,-9
2541,2542,Brown and Sons,Retail,Europe,9/9/2022,Pro,30,1,9/24/2022,0,973.39,53
2542,2543,Nguyen Group,Logistics,Europe,11/24/2023,Free,2,0,7/13/2024,1,15.61,-27
2543,2544,Chavez Ltd,Healthcare,Europe,1/20/2023,Basic,19,0,2/8/2023,0,321.62,-17
2544,2545,"Hall, Andrews and Whitney",Healthcare,Asia-Pacific,7/26/2023,Pro,28,1,9/1/2023,0,1012.25,43
2545,2546,"Baker, Coleman and Morris",Retail,Europe,7/29/2023,Basic,13,0,10/1/2023,0,329.04,17
2546,2547,Dennis-Ramirez,Retail,Europe,8/23/2025,Pro,22,1,9/28/2025,0,862.14,6
2547,2548,Alexander LLC,Retail,North America,2/25/2024,Free,5,0,5/10/2024,1,36.77,14
2548,2549,Murillo-Johnson,Healthcare,North America,3/7/2024,Pro,21,2,4/27/2024,0,935.65,33
2549,2550,Vargas Ltd,Manufacturing,North America,12/21/2023,Enterprise,51,2,3/25/2024,0,5474.55,55
2550,2551,Peters Group,Healthcare,Latin America,3/8/2026,Enterprise,42,4,4/10/2026,0,5311.44,33
2551,2552,"Price, Ortiz and Barnes",Retail,North America,11/10/2025,Free,4,0,1/13/2026,1,39.25,-24
2552,2553,Case-Garcia,Retail,Latin America,8/17/2023,Basic,13,0,9/22/2023,0,251.96,9
2553,2554,Bond and Sons,Healthcare,North America,3/18/2024,Pro,33,3,5/10/2024,0,1090.51,32
2554,2555,Silva-Nelson,Manufacturing,North America,7/11/2025,Basic,21,3,8/27/2025,0,346.39,-22
2555,2556,"Marshall, Jackson and Martin",Retail,Asia-Pacific,1/15/2024,Free,6,1,1/20/2024,1,21.59,9
2556,2557,Jones Inc,Manufacturing,Asia-Pacific,4/3/2023,Free,5,1,4/27/2023,1,34.36,-13
2557,2558,Byrd-Davis,Retail,North America,8/19/2023,Free,7,1,12/19/2023,1,43.61,-45
2558,2559,"Harris, Lynch and Leon",Finance,Europe,5/10/2026,Free,5,0,7/7/2026,1,38.15,-15
2559,2560,Barnett-Mullins,Technology,Europe,6/30/2023,Basic,22,0,8/2/2023,0,297.5,32
2560,2561,Casey-Stone,Retail,Europe,10/16/2025,Basic,15,0,12/3/2025,0,343.19,29
2561,2562,Stone-Molina,Healthcare,North America,11/15/2023,Basic,18,3,6/6/2024,0,272.58,82
2562,2563,Brennan-Kennedy,Technology,Asia-Pacific,6/29/2023,Basic,13,2,7/24/2023,0,318.88,13
2563,2564,Williams-Pena,Healthcare,North America,1/9/2024,Basic,18,0,1/23/2024,0,334.99,28
2564,2565,Hogan-Robbins,Finance,North America,4/23/2025,Free,6,1,6/19/2025,1,17.42,-13
2565,2566,"Johnson, Perkins and Dunn",Technology,Europe,10/13/2023,Pro,29,1,10/18/2023,0,917.02,8
2566,2567,"Wolf, Larson and Crawford",Logistics,North America,8/22/2023,Free,8,1,10/6/2023,0,44.56,18
2567,2568,Stewart LLC,Technology,Latin America,7/11/2023,Enterprise,63,4,10/2/2023,0,5533.08,49
2568,2569,Long and Sons,Technology,North America,8/7/2022,Enterprise,39,2,8/23/2022,0,5083.87,45
2569,2570,Webb-Campbell,Finance,North America,12/24/2025,Free,7,0,2/2/2026,1,67.25,34
2570,2571,Anderson PLC,Manufacturing,North America,2/18/2023,Free,7,0,3/28/2023,1,22.37,10
2571,2572,Martinez-Sanders,Finance,North America,1/19/2023,Free,3,0,2/6/2023,1,23.57,8
2572,2573,Anderson Group,Logistics,North America,4/9/2025,Basic,20,2,8/3/2025,0,333.94,29
2573,2574,Smith and Sons,Technology,Latin America,2/13/2026,Pro,27,1,3/7/2026,0,1041.34,56
2574,2575,"Martinez, Jennings and Gibson",Healthcare,Europe,8/18/2024,Basic,13,0,9/25/2024,0,319.5,21
2575,2576,Jimenez-Young,Healthcare,Asia-Pacific,7/9/2025,Free,2,0,7/12/2025,1,18.09,-25
2576,2577,"Bradley, Ryan and Patel",Manufacturing,Europe,11/24/2025,Enterprise,44,1,12/19/2025,0,5308.15,87
2577,2578,Briggs-Irwin,Technology,North America,11/26/2025,Free,4,1,12/10/2025,1,11.85,19
2578,2579,Morales-Mitchell,Manufacturing,Asia-Pacific,3/5/2025,Free,8,1,4/18/2025,0,30.18,-7
2579,2580,Duncan-Robles,Healthcare,Europe,1/10/2023,Pro,22,0,4/15/2023,0,996.96,46
2580,2581,Rodgers-Lee,Logistics,North America,7/16/2024,Free,6,0,7/17/2024,1,58.59,-24
2581,2582,Mclean-Whitehead,Finance,North America,11/13/2024,Free,4,0,12/27/2024,1,24.94,39
2582,2583,Davis-Hamilton,Manufacturing,North America,11/6/2022,Enterprise,61,3,12/30/2022,0,5132.45,97
2583,2584,Delgado-Lee,Finance,Asia-Pacific,6/27/2024,Pro,33,1,8/1/2024,0,1095.37,28
2584,2585,"Hall, Shaffer and Miller",Retail,Europe,3/23/2024,Free,3,0,3/31/2024,1,16.74,3
2585,2586,"Williams, Reilly and Ruiz",Manufacturing,Latin America,9/2/2025,Pro,41,0,9/10/2025,0,918.49,35
2586,2587,"Brown, Burton and Adams",Healthcare,North America,6/7/2024,Basic,12,0,6/13/2024,0,254.06,19
2587,2588,"Wilson, Castillo and Meyers",Retail,Europe,8/11/2025,Enterprise,55,1,11/3/2025,0,5112.22,62
2588,2589,"Graham, Wallace and May",Manufacturing,Asia-Pacific,8/7/2025,Pro,32,5,9/12/2025,0,1070.05,1
2589,2590,Davidson-Phillips,Manufacturing,North America,8/23/2022,Free,6,1,12/8/2022,1,43.17,-13
2590,2591,Wilkinson-Hicks,Manufacturing,North America,1/22/2024,Basic,18,0,3/7/2024,0,296.67,73
2591,2592,Brown Ltd,Finance,Asia-Pacific,10/7/2024,Basic,16,1,1/6/2025,0,257.17,23
2592,2593,Daniels Group,Logistics,Europe,8/11/2024,Free,6,1,9/6/2024,1,26.27,8
2593,2594,Martinez-Novak,Technology,North America,9/9/2024,Enterprise,49,2,1/21/2025,0,5245.17,86
2594,2595,Hicks-Meadows,Healthcare,Europe,2/18/2026,Free,5,0,6/20/2026,1,44.18,6
2595,2596,Perkins-Mccall,Retail,North America,12/11/2023,Basic,13,0,12/15/2023,0,270.5,34
2596,2597,Mercado Ltd,Logistics,North America,8/22/2025,Enterprise,47,2,9/16/2025,0,5194.17,74
2597,2598,Daniels-Gonzalez,Finance,North America,7/3/2024,Enterprise,52,5,3/28/2025,0,5404.98,68
2598,2599,"Alexander, Fowler and Miller",Finance,North America,5/5/2026,Pro,31,2,8/23/2026,0,1072.9,27
2599,2600,Olson LLC,Manufacturing,North America,10/16/2024,Enterprise,61,5,12/6/2024,0,5465.19,51
2600,2601,King-Edwards,Technology,North America,4/9/2026,Free,2,0,7/17/2026,1,12.68,-58
2601,2602,"Bennett, Glass and Baker",Manufacturing,North America,11/5/2023,Free,6,0,11/12/2023,1,20.76,-3
2602,2603,"Chandler, Kent and Mills",Retail,Asia-Pacific,6/4/2023,Enterprise,54,1,7/7/2023,0,5257.66,43
2603,2604,Leonard-Boyer,Logistics,North America,1/6/2026,Pro,33,0,3/11/2026,0,1000.34,24
2604,2605,Phillips PLC,Logistics,Latin America,3/17/2023,Pro,33,1,6/8/2023,0,992.34,51
2605,2606,"Lane, Rogers and White",Healthcare,Europe,5/14/2025,Basic,13,0,5/16/2025,0,294.97,20
2606,2607,Buck-Smith,Technology,North America,3/13/2023,Pro,30,2,6/4/2023,0,993.55,44
2607,2608,Martinez Ltd,Logistics,North America,7/4/2025,Free,3,0,7/19/2025,1,28.53,18
2608,2609,Baker and Sons,Healthcare,Asia-Pacific,5/11/2023,Basic,19,1,7/26/2023,0,373.59,32
2609,2610,"Kaiser, Brown and Jackson",Technology,Asia-Pacific,6/13/2022,Basic,12,1,11/5/2022,0,242.21,-4
2610,2611,"Peters, Hicks and Moreno",Healthcare,North America,7/23/2024,Enterprise,65,11,9/11/2024,0,5400.06,61
2611,2612,"Rodriguez, Benton and Hart",Logistics,North America,2/3/2026,Free,6,0,2/7/2026,1,53.68,45
2612,2613,Johnson-Owens,Logistics,North America,1/30/2023,Basic,20,1,2/26/2023,0,343.84,-2
2613,2614,Jones-Stevenson,Technology,North America,6/27/2025,Enterprise,46,4,8/12/2025,0,5387.92,49
2614,2615,Norman-Livingston,Finance,Latin America,8/24/2023,Free,3,0,11/14/2023,1,27.43,-59
2615,2616,"Thompson, Sanchez and Perez",Healthcare,North America,1/7/2024,Pro,27,2,2/20/2024,0,1041.99,44
2616,2617,Chambers Inc,Retail,Latin America,8/12/2025,Pro,22,2,8/23/2025,0,860.38,40
2617,2618,"Garcia, Berry and Edwards",Technology,North America,12/29/2024,Pro,31,0,7/17/2025,0,1012.5,12
2618,2619,"Combs, Nixon and Banks",Logistics,Asia-Pacific,8/17/2025,Pro,30,2,9/2/2025,0,1085.18,54
2619,2620,Wall-Wilkins,Healthcare,North America,7/15/2023,Free,9,0,8/22/2023,0,36.91,12
2620,2621,Velasquez-Allen,Manufacturing,Europe,5/20/2022,Basic,16,2,6/24/2022,0,351.52,46
2621,2622,Wilson Group,Technology,Europe,7/26/2025,Free,4,0,9/9/2025,1,36.95,12
2622,2623,Schneider-Hanson,Finance,Asia-Pacific,4/28/2026,Pro,33,4,7/7/2026,0,878.74,31
2623,2624,Bell Ltd,Manufacturing,North America,2/23/2023,Pro,25,4,5/15/2023,0,901.52,40
2624,2625,Rivas Group,Logistics,North America,11/18/2022,Pro,34,2,1/30/2023,0,958.12,30
2625,2626,"Patton, Johnson and Moreno",Finance,Asia-Pacific,4/30/2023,Pro,35,1,7/30/2023,0,1033.43,46
2626,2627,"Foster, Taylor and Sawyer",Finance,North America,10/28/2022,Enterprise,44,1,10/31/2022,0,5363.21,58
2627,2628,"Watts, Rodriguez and Campbell",Healthcare,Europe,2/14/2026,Basic,14,1,4/4/2026,0,334.07,59
2628,2629,"Jones, Spence and Sawyer",Healthcare,Asia-Pacific,9/14/2023,Free,6,0,11/11/2023,1,40.47,33
2629,2630,Green-Cunningham,Retail,Asia-Pacific,2/20/2026,Basic,15,0,3/7/2026,0,301.33,5
2630,2631,"Smith, Gibson and Miller",Finance,Asia-Pacific,11/6/2023,Free,5,0,11/11/2023,1,16.36,0
2631,2632,"White, Jennings and Ramsey",Logistics,North America,2/25/2024,Free,7,0,3/17/2024,1,19.03,-44
2632,2633,Duncan-Anthony,Manufacturing,Europe,1/11/2025,Free,6,0,2/14/2025,1,28.21,27
2633,2634,"Phelps, Banks and Cook",Manufacturing,North America,4/19/2023,Basic,16,1,4/24/2023,0,336.64,-1
2634,2635,Boyd Ltd,Technology,Europe,4/20/2023,Free,8,1,9/12/2023,0,69.55,-7
2635,2636,"Fuentes, Cole and Silva",Manufacturing,North America,6/14/2022,Pro,22,0,6/15/2022,0,984.3,47
2636,2637,"Hampton, Bauer and Jackson",Finance,North America,8/5/2023,Free,3,0,8/30/2023,1,18.22,31
2637,2638,Clark Group,Manufacturing,North America,6/18/2025,Enterprise,54,3,8/9/2025,0,5429.23,61
2638,2639,"Cole, Obrien and Ford",Manufacturing,North America,2/7/2024,Enterprise,58,2,5/31/2024,0,5165.77,55
2639,2640,Santiago Ltd,Manufacturing,Asia-Pacific,10/15/2023,Free,5,1,10/17/2023,1,28.28,-20
2640,2641,"Ramsey, Garcia and Brooks",Logistics,North America,6/1/2025,Basic,19,2,8/17/2025,0,275.97,-2
2641,2642,Clark Group,Finance,North America,12/23/2025,Free,8,0,12/23/2025,0,54.43,-2
2642,2643,Oconnor-Rice,Manufacturing,North America,1/7/2024,Basic,19,0,6/11/2024,0,343.3,9
2643,2644,Pittman LLC,Logistics,North America,1/23/2025,Pro,31,1,5/25/2025,0,957.15,50
2644,2645,Rios-Sanders,Healthcare,Europe,8/18/2024,Basic,14,1,12/16/2024,0,302.05,6
2645,2646,Yang Inc,Healthcare,Latin America,2/3/2024,Basic,26,0,2/8/2024,0,324.7,16
2646,2647,Warren and Sons,Manufacturing,Asia-Pacific,9/22/2023,Enterprise,44,5,10/8/2023,0,5361.99,50
2647,2648,Martin and Sons,Technology,North America,10/17/2025,Basic,11,2,3/28/2026,0,235.54,7
2648,2649,Mccoy Ltd,Finance,Asia-Pacific,5/8/2024,Basic,12,1,7/6/2024,0,245.33,-5
2649,2650,Jones Group,Technology,Latin America,5/17/2023,Pro,24,2,8/12/2023,0,946.32,14
2650,2651,Flores-Shepard,Healthcare,North America,5/10/2026,Free,7,1,6/25/2026,1,21.21,-16
2651,2652,"Edwards, Osborne and Burns",Logistics,Europe,11/17/2023,Basic,20,0,3/16/2024,0,314.39,6
2652,2653,Simmons Inc,Healthcare,Europe,8/3/2025,Pro,33,1,10/3/2025,0,966.31,49
2653,2654,Bell and Sons,Healthcare,Asia-Pacific,6/18/2024,Free,2,0,1/10/2025,1,4.51,10
2654,2655,Valenzuela-Huffman,Healthcare,North America,4/6/2024,Basic,15,0,4/23/2024,0,273.38,3
2655,2656,Morris Inc,Healthcare,Asia-Pacific,6/6/2025,Free,4,0,8/2/2025,1,31.62,-7
2656,2657,Smith Inc,Technology,North America,2/3/2026,Basic,13,3,2/23/2026,0,263.34,-25
2657,2658,"Burke, Black and Good",Finance,North America,3/15/2023,Pro,23,2,4/24/2023,0,1014.41,92
2658,2659,"Turner, Jackson and Barron",Manufacturing,Europe,6/24/2022,Free,5,0,8/19/2022,1,37.39,32
2659,2660,Edwards-Reed,Finance,Europe,5/16/2024,Basic,10,1,5/20/2024,0,252.83,41
2660,2661,Paul Ltd,Retail,North America,12/12/2025,Basic,14,2,1/28/2026,0,260.74,34
2661,2662,Jackson-Banks,Technology,Europe,7/17/2022,Pro,31,2,7/24/2022,0,878.65,44
2662,2663,Richardson Ltd,Finance,Latin America,3/20/2025,Pro,32,1,5/16/2025,0,917.13,44
2663,2664,"Mathews, Rollins and Smith",Retail,Asia-Pacific,7/1/2023,Basic,14,0,9/14/2023,0,331.67,23
2664,2665,Campbell Ltd,Technology,Latin America,8/25/2024,Basic,13,1,8/29/2024,0,323.31,23
2665,2666,Hawkins-Blair,Finance,Europe,6/30/2025,Pro,26,1,9/27/2025,0,912.32,53
2666,2667,"Rivera, Andrade and Bennett",Retail,Europe,12/11/2023,Basic,14,0,1/2/2024,0,332.83,48
2667,2668,Crawford Ltd,Manufacturing,North America,4/22/2024,Free,7,1,8/4/2024,1,35.06,7
2668,2669,"Jones, Meza and Brown",Finance,Europe,4/10/2023,Pro,25,0,6/6/2023,0,1039.27,22
2669,2670,"Williams, Moore and Green",Manufacturing,North America,5/9/2024,Pro,30,3,6/6/2024,0,920.8,6
2670,2671,Harris-Reed,Finance,North America,6/29/2024,Free,2,1,8/12/2024,1,8.33,20
2671,2672,"Lynn, Keller and Kennedy",Manufacturing,Asia-Pacific,5/30/2022,Free,7,1,6/11/2022,1,46.55,9
2672,2673,Smith Inc,Retail,North America,1/9/2025,Basic,17,1,2/22/2025,0,238.38,19
2673,2674,"Castillo, Carroll and Martinez",Technology,Europe,11/13/2023,Enterprise,42,3,11/23/2023,0,5369.43,57
2674,2675,Campbell Ltd,Retail,North America,10/14/2025,Basic,18,1,12/18/2025,0,307.21,39
2675,2676,Huang and Sons,Manufacturing,Europe,5/19/2023,Free,5,0,7/10/2023,1,45.55,22
2676,2677,Thomas Inc,Manufacturing,Asia-Pacific,4/14/2023,Basic,13,1,4/23/2023,0,290.59,57
2677,2678,Chavez Group,Finance,North America,7/13/2022,Free,5,0,8/29/2022,1,17.49,20
2678,2679,"Yates, Hall and Hale",Manufacturing,Europe,12/8/2024,Basic,16,0,2/5/2025,0,359.92,-2
2679,2680,Thompson-Melton,Healthcare,Asia-Pacific,6/22/2024,Free,3,1,10/22/2024,1,19.59,13
2680,2681,Craig-Miller,Logistics,North America,6/30/2023,Pro,34,2,11/28/2023,0,870.76,16
2681,2682,Pitts Group,Manufacturing,Europe,10/12/2022,Free,4,1,10/30/2022,1,12.72,-6
2682,2683,Randall-Sanchez,Technology,North America,10/15/2022,Free,3,0,10/30/2022,1,16.82,-29
2683,2684,"Cunningham, Wise and Peters",Logistics,Asia-Pacific,12/18/2024,Free,9,1,12/26/2024,0,50.31,-14
2684,2685,Campbell-Williams,Technology,North America,2/19/2023,Free,5,0,3/20/2023,1,16.56,2
2685,2686,Berry-Kim,Logistics,North America,10/18/2024,Enterprise,41,4,10/22/2024,0,5123.52,45
2686,2687,Patterson-Maddox,Healthcare,Asia-Pacific,7/2/2022,Pro,19,0,8/26/2022,0,927.69,5
2687,2688,"Delacruz, Ballard and Castaneda",Finance,Asia-Pacific,7/27/2024,Free,7,0,9/5/2024,1,57.89,-10
2688,2689,Santiago-Gonzalez,Retail,North America,10/22/2023,Pro,35,1,10/25/2023,0,998.3,41
2689,2690,Mora and Sons,Retail,Asia-Pacific,8/3/2023,Pro,22,0,11/15/2023,0,932.89,30
2690,2691,"Silva, Thomas and Middleton",Healthcare,North America,9/19/2022,Free,7,0,9/29/2022,1,67.93,-20
2691,2692,Davidson LLC,Healthcare,North America,2/20/2023,Basic,13,0,3/31/2023,0,237.12,17
2692,2693,Vasquez-Brady,Finance,Latin America,12/9/2022,Basic,15,1,2/16/2023,0,325.81,22
2693,2694,Parker-Atkinson,Healthcare,North America,12/20/2022,Enterprise,51,3,2/9/2023,0,5169.08,57
2694,2695,Johnson LLC,Finance,North America,9/16/2025,Free,4,0,10/13/2025,1,30.27,-65
2695,2696,Hobbs LLC,Healthcare,Europe,11/11/2024,Free,6,0,11/26/2024,1,37.96,25
2696,2697,"Morgan, Contreras and Robertson",Manufacturing,North America,11/13/2024,Free,3,0,12/15/2024,1,21.31,36
2697,2698,Wagner Inc,Healthcare,Latin America,3/16/2024,Pro,24,1,5/12/2024,0,865.03,43
2698,2699,"Vazquez, Klein and Wright",Technology,North America,9/2/2025,Free,4,0,12/28/2025,1,17.67,19
2699,2700,Hall-Edwards,Logistics,Asia-Pacific,3/2/2025,Enterprise,42,1,3/3/2025,0,5263.73,48
2700,2701,"Baker, Richards and Greene",Retail,North America,10/18/2025,Free,5,0,10/24/2025,1,34.59,9
2701,2702,Goodman-Garcia,Logistics,Latin America,4/22/2024,Free,9,0,10/6/2024,0,64,-2
2702,2703,Shaw-Anderson,Manufacturing,North America,1/21/2026,Basic,11,0,7/3/2026,0,249.18,35
2703,2704,Brooks-Larsen,Manufacturing,North America,9/24/2022,Free,9,0,10/23/2022,0,66.99,36
2704,2705,Williams PLC,Healthcare,North America,1/31/2024,Free,7,0,2/1/2024,1,30.64,-18
2705,2706,Butler-Mitchell,Retail,North America,9/26/2024,Pro,23,2,10/16/2024,0,926.86,83
2706,2707,Smith-Levy,Logistics,Europe,12/7/2024,Basic,17,0,1/29/2025,0,246.73,0
2707,2708,"Rogers, Bowen and Watson",Retail,North America,5/10/2023,Free,8,0,5/29/2023,0,66,-19
2708,2709,"Saunders, Smith and Barr",Logistics,North America,7/19/2023,Pro,28,1,9/3/2023,0,964.4,37
2709,2710,Pena Group,Retail,Latin America,4/27/2026,Enterprise,52,6,7/28/2026,0,5477.28,53
2710,2711,Williams-Fisher,Manufacturing,North America,4/25/2026,Pro,30,0,7/5/2026,0,1032.45,-14
2711,2712,"Hammond, Edwards and Davis",Manufacturing,Asia-Pacific,7/27/2024,Free,3,0,8/8/2024,1,23.15,8
2712,2713,Beard-Smith,Manufacturing,Europe,4/3/2025,Free,8,1,6/12/2025,0,64.28,-23
2713,2714,Bell-Johnson,Technology,North America,9/2/2024,Enterprise,56,3,9/24/2024,0,5383.39,68
2714,2715,Wilson and Sons,Finance,Europe,4/28/2023,Free,5,0,7/19/2023,1,10.95,-12
2715,2716,Cummings-Savage,Finance,Latin America,4/23/2025,Free,7,1,7/11/2025,1,67.87,-2
2716,2717,Torres PLC,Retail,North America,9/28/2025,Free,6,0,9/30/2025,1,33.9,0
2717,2718,Watkins-Green,Manufacturing,North America,3/19/2026,Basic,15,0,4/27/2026,0,242.98,53
2718,2719,Parker-Miller,Retail,Europe,2/7/2023,Free,5,0,2/24/2023,1,10.63,-20
2719,2720,Webb Ltd,Retail,North America,7/11/2022,Basic,10,0,9/19/2022,0,285.01,11
2720,2721,"Mendoza, Shea and Baker",Healthcare,North America,8/5/2025,Basic,13,1,10/8/2025,0,319.77,34
2721,2722,"Blackwell, Santiago and Wilson",Manufacturing,Latin America,8/17/2024,Enterprise,58,6,10/18/2024,0,5215.41,45
2722,2723,"Mitchell, Ford and Martinez",Retail,Europe,8/3/2023,Basic,13,0,9/21/2023,0,280.42,11
2723,2724,Pace and Sons,Logistics,North America,10/4/2022,Free,5,0,11/18/2022,1,40.5,-31
2724,2725,"Russo, Cordova and Berry",Retail,Europe,11/12/2023,Pro,36,3,1/21/2024,0,1155.55,62
2725,2726,"Rodriguez, Johnson and Mills",Logistics,North America,11/20/2025,Free,5,1,12/29/2025,1,38.96,4
2726,2727,Mccarty-Jenkins,Retail,North America,6/3/2022,Free,6,1,9/24/2022,1,42.29,0
2727,2728,Shepherd PLC,Manufacturing,Europe,7/29/2024,Basic,15,2,8/22/2024,0,280.81,24
2728,2729,Yates-Rios,Technology,North America,10/18/2024,Pro,27,0,12/2/2024,0,988.57,34
2729,2730,Terrell LLC,Technology,North America,7/17/2025,Free,2,0,7/20/2025,1,18.19,-25
2730,2731,"Brown, Grant and Davis",Logistics,North America,1/11/2026,Basic,14,0,2/21/2026,0,325.58,73
2731,2732,"Ellis, Brown and Glass",Healthcare,Europe,9/19/2022,Pro,30,5,10/25/2022,0,1007.44,14
2732,2733,Johnson-Vaughan,Logistics,Latin America,12/10/2022,Basic,15,1,1/29/2023,0,265.8,-11
2733,2734,Lloyd-Moss,Retail,North America,2/19/2024,Basic,11,0,4/22/2024,0,285.78,31
2734,2735,"May, Sosa and Brown",Manufacturing,Europe,10/2/2025,Pro,23,2,10/27/2025,0,1007.08,53
2735,2736,York-Jackson,Manufacturing,Asia-Pacific,3/13/2024,Free,5,0,3/25/2024,1,20.64,0
2736,2737,Carr PLC,Logistics,Asia-Pacific,5/17/2023,Free,4,0,10/27/2023,1,11.1,20
2737,2738,Nelson and Sons,Manufacturing,North America,4/22/2024,Free,4,0,5/28/2024,1,23.8,-22
2738,2739,Jones-Kane,Technology,North America,6/30/2025,Basic,9,1,7/26/2025,0,253.55,22
2739,2740,"Wilson, Warren and Harris",Finance,Europe,5/10/2026,Free,9,0,5/23/2026,0,70.21,38
2740,2741,Tanner-Wheeler,Finance,Asia-Pacific,3/4/2026,Pro,27,1,3/23/2026,0,857.92,44
2741,2742,Hill LLC,Finance,North America,10/2/2023,Pro,36,3,11/21/2023,0,1011.14,25
2742,2743,"Collins, Jacobson and Smith",Retail,Asia-Pacific,1/25/2026,Free,7,0,2/10/2026,1,45.89,21
2743,2744,"Ramos, Jones and Watson",Finance,North America,5/26/2022,Pro,27,1,7/31/2022,0,903.39,28
2744,2745,Wong-Swanson,Manufacturing,Latin America,5/29/2025,Basic,14,1,7/8/2025,0,287.04,25
2745,2746,"Moore, Hayes and Rosario",Logistics,Europe,11/6/2024,Pro,33,2,12/29/2024,0,1027.7,61
2746,2747,"Stafford, Rodriguez and Hill",Logistics,Europe,5/19/2025,Free,5,0,5/24/2025,1,34.3,24
2747,2748,"Smith, Chan and Shaffer",Manufacturing,North America,3/12/2023,Pro,35,0,5/29/2023,0,1049,32
2748,2749,"Sanchez, Duran and Dyer",Finance,North America,3/23/2025,Free,3,0,6/12/2025,1,10.6,4
2749,2750,Baker PLC,Manufacturing,North America,2/18/2023,Enterprise,45,1,7/2/2023,0,5302.82,64
2750,2751,"Green, Perez and Brooks",Manufacturing,Asia-Pacific,10/16/2022,Free,3,0,11/13/2022,1,18.36,-28
2751,2752,"Ballard, King and Silva",Manufacturing,North America,6/20/2023,Pro,31,1,6/24/2023,0,1034.32,1
2752,2753,"Faulkner, Lawrence and Clarke",Manufacturing,North America,2/6/2024,Basic,19,2,3/22/2024,0,317.44,32
2753,2754,"Allen, Smith and Jenkins",Finance,North America,1/9/2023,Pro,31,2,4/25/2023,0,991.4,56
2754,2755,Jackson Ltd,Logistics,North America,12/28/2025,Free,5,0,3/3/2026,1,19.66,-7
2755,2756,"Rangel, Rosario and Holland",Healthcare,Latin America,8/30/2025,Enterprise,62,3,9/20/2025,0,5257.04,9
2756,2757,Payne Group,Technology,North America,12/10/2022,Free,5,2,12/10/2022,1,37.49,5
2757,2758,"Castro, Anderson and Jones",Manufacturing,Europe,2/8/2024,Free,5,1,5/5/2024,1,21.31,-8
2758,2759,Willis Group,Retail,North America,1/23/2024,Free,3,0,2/16/2024,1,23.84,20
2759,2760,"Lewis, Lopez and Rodriguez",Finance,North America,9/26/2024,Free,3,0,1/7/2025,1,13.66,11
2760,2761,Melton-Barber,Retail,North America,12/15/2024,Pro,32,1,1/3/2025,0,882.29,69
2761,2762,Hernandez and Sons,Technology,North America,5/12/2023,Free,8,2,5/17/2023,0,68.19,30
2762,2763,"Fisher, Sanders and Lewis",Healthcare,Europe,5/13/2026,Free,6,0,5/31/2026,1,23.08,30
2763,2764,Patel-Parker,Retail,Europe,3/4/2026,Free,6,1,3/13/2026,1,44.4,-10
2764,2765,"Dawson, Combs and Johnson",Technology,North America,5/7/2025,Free,3,0,6/25/2025,1,22.59,12
2765,2766,"Morgan, Hughes and Smith",Manufacturing,North America,7/6/2024,Free,3,1,8/2/2024,1,12.05,8
2766,2767,Mullins-Bailey,Finance,Asia-Pacific,5/25/2025,Free,6,1,5/29/2025,1,32.07,-1
2767,2768,"Rivers, Reed and Gibson",Manufacturing,Europe,8/27/2025,Free,5,1,10/8/2025,1,24.16,27
2768,2769,Wood-Tucker,Retail,Latin America,10/19/2024,Basic,23,0,1/23/2025,0,272.67,29
2769,2770,Miller Group,Finance,North America,11/22/2023,Basic,20,0,12/2/2023,0,387.89,43
2770,2771,"Morgan, Webster and Reid",Finance,North America,12/22/2023,Basic,14,1,2/27/2024,0,316.49,17
2771,2772,"Richardson, Weber and Turner",Logistics,North America,11/1/2023,Basic,13,0,11/8/2023,0,317.08,40
2772,2773,Thompson LLC,Retail,Asia-Pacific,2/23/2025,Free,2,0,6/26/2025,1,10.76,18
2773,2774,"Levine, Irwin and Boyd",Technology,North America,9/23/2023,Basic,11,1,10/22/2023,0,309.55,38
2774,2775,"Frederick, White and Steele",Retail,Europe,3/29/2025,Free,6,0,4/8/2025,1,31.07,-27
2775,2776,Brady Inc,Manufacturing,Europe,11/23/2024,Free,3,0,1/14/2025,1,20.82,32
2776,2777,Smith and Sons,Healthcare,Asia-Pacific,11/13/2023,Pro,37,3,11/27/2023,0,886.44,1
2777,2778,"Lawson, Glass and Reed",Manufacturing,Europe,9/5/2025,Basic,20,0,9/25/2025,0,368.77,32
2778,2779,"Maxwell, Allen and Jenkins",Manufacturing,North America,2/21/2026,Pro,33,2,5/18/2026,0,1075.51,45
2779,2780,"Brown, Jennings and Galvan",Retail,North America,9/2/2025,Pro,26,0,12/15/2025,0,896.01,50
2780,2781,Rivas Group,Manufacturing,Latin America,2/1/2024,Free,9,0,5/14/2024,0,26.16,11
2781,2782,"Moore, Powell and Hernandez",Logistics,North America,3/18/2025,Basic,14,0,4/30/2025,0,265.57,-6
2782,2783,Kirk-Gonzales,Healthcare,Asia-Pacific,8/13/2024,Basic,20,2,9/24/2024,0,309.74,27
2783,2784,Sharp Ltd,Finance,Europe,5/19/2024,Free,6,0,6/29/2024,1,45.45,35
2784,2785,Sanders Inc,Healthcare,North America,10/6/2024,Basic,19,1,11/12/2024,0,348.4,44
2785,2786,Jackson-Dillon,Healthcare,North America,10/13/2023,Basic,17,0,2/27/2024,0,256.06,-7
2786,2787,"Ball, Warner and Sampson",Healthcare,North America,9/9/2024,Free,2,1,12/14/2024,1,15.65,14
2787,2788,"Hall, Lee and Villanueva",Retail,Asia-Pacific,5/24/2023,Basic,20,1,6/1/2023,0,354.84,16
2788,2789,Howell LLC,Healthcare,Europe,3/3/2026,Basic,14,0,7/12/2026,0,312.01,17
2789,2790,Brown-Davis,Finance,North America,2/27/2026,Free,5,0,8/30/2026,1,34.61,3
2790,2791,Salazar PLC,Logistics,Europe,2/22/2026,Free,4,0,2/27/2026,1,35,5
2791,2792,"Hensley, Finley and Jordan",Retail,Europe,12/9/2024,Free,3,0,3/17/2025,1,29.02,-35
2792,2793,Shepherd-Gordon,Technology,North America,12/11/2024,Free,6,0,12/21/2024,1,20.8,23
2793,2794,"Johnson, Browning and Hall",Manufacturing,Latin America,10/25/2023,Free,3,0,10/31/2023,1,9.54,-45
2794,2795,"Morrison, Warren and Kelly",Logistics,Europe,2/2/2026,Free,3,0,2/5/2026,1,26.9,8
2795,2796,Simmons PLC,Healthcare,Latin America,9/27/2025,Free,6,0,11/18/2025,1,39.13,-21
2796,2797,"Crawford, Harrington and Riley",Technology,North America,4/26/2023,Free,2,1,5/6/2023,1,14.43,19
2797,2798,Barrett and Sons,Logistics,North America,5/20/2024,Basic,11,0,6/6/2024,0,281.95,18
2798,2799,Matthews Group,Technology,North America,10/13/2022,Basic,15,0,11/3/2022,0,270.68,0
2799,2800,Patterson-Oconnor,Healthcare,Europe,7/12/2023,Basic,16,0,11/5/2023,0,329.77,18
2800,2801,Burns-Rich,Retail,North America,5/19/2022,Free,2,0,8/28/2022,1,8.25,63
2801,2802,Smith and Sons,Manufacturing,Latin America,9/15/2023,Free,1,0,11/10/2023,1,5.34,-39
2802,2803,Henderson PLC,Retail,North America,2/24/2023,Basic,12,1,5/10/2023,0,291.95,11
2803,2804,Lambert Ltd,Manufacturing,Europe,6/25/2023,Basic,19,1,6/29/2023,0,295.24,12
2804,2805,Walton PLC,Logistics,Europe,1/19/2023,Pro,27,1,6/12/2023,0,899.24,39
2805,2806,"Gross, Cline and James",Retail,North America,6/20/2022,Free,6,0,7/14/2022,1,53.56,20
2806,2807,Nixon-Davis,Finance,North America,6/29/2025,Basic,10,0,8/15/2025,0,235.08,36
2807,2808,Long-Walker,Manufacturing,Asia-Pacific,8/1/2023,Pro,26,3,8/16/2023,0,1053.14,38
2808,2809,Parsons-Curry,Healthcare,Latin America,10/18/2022,Pro,34,1,11/5/2022,0,1072.71,48
2809,2810,Ramirez-Gordon,Finance,Europe,6/21/2025,Basic,17,0,8/24/2025,0,369.71,15
2810,2811,"Yates, Martin and Lyons",Finance,Europe,5/14/2024,Pro,31,3,8/24/2024,0,947.53,29
2811,2812,"Hughes, Rich and Freeman",Finance,Europe,4/5/2026,Enterprise,39,2,6/2/2026,0,5205.13,42
2812,2813,Hampton-Green,Logistics,North America,12/26/2022,Free,7,0,4/6/2023,1,30.83,-25
2813,2814,Barr-Hughes,Technology,Europe,6/3/2025,Free,5,0,9/15/2025,1,28.1,-17
2814,2815,"Stewart, Barr and Bullock",Retail,Europe,8/3/2022,Pro,36,1,8/30/2022,0,952.71,46
2815,2816,Berg Group,Retail,North America,1/28/2024,Free,2,0,4/7/2024,1,5.84,29
2816,2817,Smith-Lee,Finance,Europe,9/18/2023,Basic,17,2,10/2/2023,0,244.93,7
2817,2818,Jensen-Donovan,Finance,North America,11/30/2023,Pro,21,1,2/6/2024,0,937.22,6
2818,2819,Perkins Group,Logistics,North America,10/10/2025,Enterprise,46,1,10/30/2025,0,5277.71,63
2819,2820,"King, Young and Nguyen",Retail,Asia-Pacific,4/26/2023,Free,5,0,5/4/2023,1,48.67,42
2820,2821,Martinez Inc,Manufacturing,North America,8/7/2022,Basic,20,1,8/9/2022,0,352.58,23
2821,2822,Sanchez-Garcia,Technology,Europe,12/29/2023,Basic,22,0,2/10/2024,0,366.96,20
2822,2823,Jimenez Inc,Healthcare,Europe,1/17/2026,Free,4,0,4/18/2026,1,18.84,4
2823,2824,Jones-Crawford,Healthcare,Asia-Pacific,3/1/2024,Basic,15,2,3/6/2024,0,294.16,19
2824,2825,Hughes-Dawson,Logistics,North America,2/8/2026,Free,7,1,3/21/2026,1,48.94,6
2825,2826,"Roberts, Cannon and Wilkerson",Healthcare,North America,4/6/2023,Pro,32,1,4/11/2023,0,1004.25,18
2826,2827,Hansen-Moreno,Finance,Latin America,6/29/2024,Free,5,0,7/27/2024,1,35.33,22
2827,2828,Brown-Henderson,Finance,Europe,7/5/2025,Pro,28,3,8/8/2025,0,923.72,59
2828,2829,Campbell and Sons,Finance,Europe,5/22/2023,Basic,14,0,1/22/2024,0,332.63,38
2829,2830,Benjamin-Lin,Retail,Europe,5/22/2025,Basic,20,1,6/2/2025,0,321.43,54
2830,2831,"Pace, Smith and Johnson",Finance,North America,8/2/2024,Basic,13,1,8/7/2024,0,311.88,-4
2831,2832,Mclaughlin-Phillips,Technology,Asia-Pacific,9/18/2022,Free,3,0,9/22/2022,1,15.37,17
2832,2833,Fitzgerald Ltd,Technology,North America,11/2/2022,Free,4,0,11/27/2022,1,17.79,8
2833,2834,Patton Inc,Logistics,North America,4/25/2025,Free,4,0,6/6/2025,1,16.05,-2
2834,2835,"Castillo, Robinson and Duffy",Logistics,North America,7/15/2025,Basic,12,2,9/10/2025,0,316.69,-9
2835,2836,Johnson Group,Finance,North America,9/9/2025,Pro,28,1,1/22/2026,0,927.64,24
2836,2837,Kirk-Cunningham,Logistics,Asia-Pacific,8/24/2024,Free,5,0,9/3/2024,1,19.95,-22
2837,2838,"Anderson, Gonzalez and Edwards",Retail,Europe,3/11/2025,Free,6,0,7/17/2025,1,52.24,-6
2838,2839,Ford-Allen,Retail,Europe,12/26/2022,Pro,28,0,2/1/2023,0,982.47,46
2839,2840,Chaney PLC,Technology,North America,4/7/2023,Basic,20,1,5/27/2023,0,335.96,13
2840,2841,Hicks-Hunter,Manufacturing,North America,4/30/2026,Pro,27,0,6/14/2026,0,972.65,59
2841,2842,Greer Inc,Logistics,Asia-Pacific,11/6/2025,Free,3,0,11/27/2025,1,7.45,14
2842,2843,"Jones, Mcintosh and Torres",Technology,North America,1/2/2024,Pro,35,3,2/8/2024,0,920.39,9
2843,2844,Baldwin LLC,Manufacturing,North America,11/17/2025,Basic,14,1,1/14/2026,0,283.74,62
2844,2845,Cabrera-Gonzalez,Manufacturing,Asia-Pacific,10/13/2022,Basic,17,1,10/16/2022,0,300.78,26
2845,2846,Tucker Inc,Retail,North America,5/12/2025,Free,7,0,9/4/2025,1,40.51,-1
2846,2847,"Griffith, Rivers and Miller",Retail,Europe,6/24/2023,Free,5,0,10/25/2023,1,42.42,72
2847,2848,Burton and Sons,Logistics,Europe,11/15/2022,Enterprise,57,4,12/2/2022,0,5235.22,45
2848,2849,Bell-West,Logistics,Latin America,3/23/2024,Free,4,0,8/9/2024,1,27.16,7
2849,2850,"Hobbs, Fry and Smith",Healthcare,North America,5/14/2025,Free,5,0,3/21/2026,1,11.7,26
2850,2851,Petty-Walton,Manufacturing,Europe,12/27/2023,Basic,16,0,3/10/2024,0,263.84,78
2851,2852,"Williams, Garza and Reid",Manufacturing,Europe,7/25/2024,Basic,14,1,8/20/2024,0,299.02,22
2852,2853,Orozco Ltd,Healthcare,Latin America,12/24/2022,Free,3,0,8/21/2023,1,18.25,-23
2853,2854,Beard-Dickson,Healthcare,North America,11/11/2023,Free,3,0,2/18/2024,1,22.26,-9
2854,2855,Schmidt-Forbes,Healthcare,North America,6/1/2024,Basic,15,1,6/19/2024,0,345.4,11
2855,2856,Davis Inc,Logistics,Asia-Pacific,1/12/2026,Pro,19,0,4/8/2026,0,942.33,79
2856,2857,"Escobar, Cook and Adams",Logistics,Latin America,10/18/2024,Basic,18,1,1/19/2025,0,263.1,0
2857,2858,"Cooke, Baker and Ray",Healthcare,Asia-Pacific,6/23/2022,Free,5,0,6/25/2022,1,37.23,-42
2858,2859,Robinson-Webster,Logistics,North America,6/12/2024,Basic,14,1,8/17/2024,0,238.83,-2
2859,2860,"Clayton, Price and Scott",Logistics,Europe,7/23/2024,Basic,16,1,8/27/2024,0,297.45,31
2860,2861,Cortez-Patrick,Retail,Asia-Pacific,7/17/2022,Basic,7,0,7/25/2022,1,244.57,7
2861,2862,Young Inc,Healthcare,North America,1/17/2025,Basic,13,0,6/5/2025,0,254.29,56
2862,2863,"Reed, Nixon and Jones",Retail,Europe,1/23/2026,Basic,17,0,4/29/2026,0,311.6,4
2863,2864,Campbell-Williams,Logistics,North America,6/8/2023,Basic,11,0,6/12/2023,0,281.22,12
2864,2865,Diaz-Nichols,Retail,Europe,11/1/2024,Enterprise,48,3,12/4/2024,0,5402.48,57
2865,2866,Reese PLC,Logistics,Asia-Pacific,5/25/2023,Free,4,0,7/22/2023,1,10.72,0
2866,2867,"Lewis, Robinson and Mullins",Finance,Europe,3/10/2025,Basic,14,0,3/16/2025,0,328.4,-13
2867,2868,Murphy PLC,Retail,North America,10/27/2022,Basic,16,1,12/21/2022,0,301.98,12
2868,2869,"Ray, Lewis and Young",Logistics,Europe,8/9/2025,Free,2,0,9/5/2025,1,7.09,6
2869,2870,Smith PLC,Logistics,North America,8/3/2024,Basic,17,1,8/24/2024,0,250.7,-8
2870,2871,"Mosley, Lewis and Rhodes",Manufacturing,Asia-Pacific,11/6/2022,Enterprise,46,6,11/18/2022,0,5186.07,87
2871,2872,Kim-Sparks,Technology,Latin America,4/5/2026,Free,3,1,1/14/2027,1,19.99,41
2872,2873,Ortiz Inc,Finance,Asia-Pacific,3/24/2026,Pro,46,2,8/12/2026,0,1038.25,55
2873,2874,"Little, Weeks and Andrews",Technology,North America,2/24/2025,Enterprise,43,3,5/15/2025,0,5147.13,55
2874,2875,Matthews-Smith,Healthcare,Europe,9/4/2022,Free,4,0,2/24/2023,1,16.64,9
2875,2876,Ponce-Simon,Logistics,Latin America,2/25/2026,Enterprise,38,1,3/20/2026,0,5214.51,56
2876,2877,Fitzgerald Ltd,Technology,North America,9/26/2025,Free,7,1,11/7/2025,1,41.99,22
2877,2878,Petersen-Luna,Logistics,Europe,11/26/2024,Pro,28,1,7/29/2025,0,966.67,53
2878,2879,Howell-Schroeder,Logistics,Europe,9/5/2022,Free,2,0,11/2/2022,1,15.92,-41
2879,2880,Villegas Inc,Technology,North America,6/15/2025,Basic,15,0,7/9/2025,0,232.08,-3
2880,2881,Weaver Inc,Logistics,North America,3/12/2025,Free,3,0,6/28/2025,1,22.07,3
2881,2882,Horne LLC,Technology,Europe,10/20/2022,Basic,13,3,11/17/2022,0,251.32,16
2882,2883,"Carroll, Taylor and Adams",Logistics,Europe,10/29/2023,Enterprise,54,5,12/12/2023,0,5365.56,48
2883,2884,Fuller Ltd,Retail,Asia-Pacific,12/25/2023,Basic,13,0,1/18/2024,0,257.94,44
2884,2885,Greene Inc,Retail,Europe,6/9/2025,Pro,30,0,8/19/2025,0,988.34,19
2885,2886,Chan-Pena,Healthcare,Asia-Pacific,1/23/2025,Free,3,0,2/18/2025,1,17.31,-27
2886,2887,"Simpson, Lopez and Stevens",Retail,North America,9/27/2023,Pro,42,2,10/5/2023,0,1076.19,48
2887,2888,"Miller, Jackson and Hernandez",Manufacturing,Latin America,10/4/2024,Free,3,0,11/22/2024,1,29.88,5
2888,2889,Levy PLC,Retail,North America,2/16/2026,Basic,24,2,2/28/2026,0,350.43,22
2889,2890,"Dillon, Irwin and Mcdaniel",Technology,Europe,7/30/2022,Free,6,1,4/4/2023,1,38.96,-39
2890,2891,Jordan-Carpenter,Manufacturing,Europe,12/26/2024,Pro,33,3,3/8/2025,0,1043.56,73
2891,2892,Le-Velez,Finance,Europe,12/15/2022,Pro,26,1,12/27/2022,0,935.28,-16
2892,2893,"Spencer, Lynch and Norris",Manufacturing,North America,12/24/2024,Basic,17,0,1/24/2025,0,275.91,34
2893,2894,"Smith, Patel and Turner",Technology,Asia-Pacific,5/28/2023,Pro,28,1,6/13/2023,0,1061.53,36
2894,2895,Tanner and Sons,Retail,Latin America,8/9/2025,Pro,23,1,9/24/2025,0,888.78,50
2895,2896,"Lee, Carroll and Murphy",Finance,North America,4/25/2025,Free,8,1,5/5/2025,0,29.76,2
2896,2897,Herman-Villarreal,Finance,North America,10/20/2023,Pro,29,2,12/24/2023,0,892.58,27
2897,2898,Thompson LLC,Technology,North America,6/28/2022,Pro,37,5,7/2/2022,0,1143.62,27
2898,2899,Odonnell-Campbell,Retail,North America,8/11/2023,Basic,13,2,12/22/2023,0,242.59,27
2899,2900,Holloway-Miller,Healthcare,Asia-Pacific,7/3/2024,Free,7,1,9/5/2024,1,43.52,17
2900,2901,"White, Benitez and Robbins",Technology,North America,12/19/2024,Free,4,1,12/27/2024,1,21.57,-34
2901,2902,"Walls, Carrillo and Walters",Technology,Europe,12/31/2023,Basic,17,0,2/10/2024,0,339.91,-10
2902,2903,"Snyder, Jones and Mejia",Retail,Asia-Pacific,10/18/2022,Free,3,0,12/23/2022,1,17.19,-13
2903,2904,Johnson and Sons,Healthcare,North America,2/12/2025,Pro,26,2,4/5/2025,0,916.06,-3
2904,2905,"Sanford, Pugh and Chang",Finance,North America,6/16/2024,Free,7,0,10/4/2024,1,51.8,30
2905,2906,Davis-Rodriguez,Finance,North America,2/25/2024,Basic,11,0,2/28/2024,0,249.31,29
2906,2907,Gibbs-Edwards,Finance,North America,1/28/2024,Basic,15,1,7/10/2024,0,315.64,57
2907,2908,Chapman-Jones,Technology,North America,12/3/2023,Free,6,0,3/11/2024,1,43.01,25
2908,2909,"Wheeler, Hooper and Levy",Technology,North America,8/7/2025,Free,3,0,10/4/2025,1,24.17,8
2909,2910,"Rodriguez, Randall and Wright",Technology,Europe,9/3/2024,Free,3,0,12/9/2024,1,12.68,-42
2910,2911,"Knight, Clay and Baker",Manufacturing,Asia-Pacific,12/20/2022,Pro,41,1,1/7/2023,0,1172.94,26
2911,2912,"Dawson, Mason and Gentry",Finance,Europe,9/18/2024,Free,6,1,10/8/2024,1,29.53,-38
2912,2913,Crane-Kerr,Retail,Europe,8/18/2022,Enterprise,43,3,9/17/2022,0,5418.87,79
2913,2914,"Singleton, Jones and Bauer",Retail,Europe,11/19/2024,Free,4,0,11/20/2024,1,38.04,24
2914,2915,Long and Sons,Technology,Asia-Pacific,5/15/2023,Pro,31,0,8/15/2023,0,932.32,50
2915,2916,Floyd LLC,Manufacturing,North America,2/16/2026,Free,6,0,8/29/2026,1,22.85,-30
2916,2917,"Jacobson, Zamora and Howard",Logistics,North America,9/4/2023,Free,5,0,11/9/2023,1,41.36,23
2917,2918,Sharp LLC,Manufacturing,North America,7/15/2022,Free,2,0,10/28/2022,1,12.27,24
2918,2919,Gray-Harris,Logistics,Asia-Pacific,8/8/2023,Free,4,0,9/4/2023,1,29.27,-3
2919,2920,"Robinson, Brown and Murray",Manufacturing,Latin America,11/6/2022,Free,5,0,12/24/2022,1,16.95,10
2920,2921,"Cooke, Page and Moss",Retail,North America,11/25/2023,Free,4,0,12/15/2023,1,37.76,30
2921,2922,"Miller, Jones and Curtis",Retail,North America,11/13/2025,Free,6,0,12/22/2025,1,23.33,11
2922,2923,Reed Inc,Healthcare,Latin America,5/12/2026,Free,8,2,8/3/2026,0,64.42,27
2923,2924,"Williams, Phillips and Lopez",Logistics,North America,11/26/2025,Free,7,0,12/28/2025,1,66.66,93
2924,2925,Owens-Clark,Retail,North America,11/5/2022,Free,7,0,11/13/2022,1,63.22,-21
2925,2926,Hill Group,Technology,Europe,5/10/2023,Basic,12,1,5/30/2023,0,236.78,32
2926,2927,Thompson Ltd,Finance,North America,11/24/2022,Free,6,0,11/28/2022,1,53.83,44
2927,2928,"Hahn, Snyder and Johnson",Logistics,North America,9/25/2022,Pro,25,1,10/25/2022,0,871.82,72
2928,2929,Wall-Hensley,Retail,Asia-Pacific,9/24/2024,Basic,20,3,9/24/2024,0,376.84,-5
2929,2930,Pierce Ltd,Retail,Europe,6/4/2022,Pro,20,2,8/31/2022,0,867.36,19
2930,2931,"Moyer, Lambert and Ward",Logistics,Europe,6/10/2022,Pro,36,2,11/23/2022,0,915.14,-4
2931,2932,"Foster, Townsend and Munoz",Logistics,Europe,2/7/2023,Basic,14,0,3/9/2023,0,324.61,21
2932,2933,Reyes and Sons,Manufacturing,Latin America,5/8/2023,Free,3,0,8/19/2023,1,24.23,-32
2933,2934,Evans-Harrison,Retail,Asia-Pacific,6/21/2024,Enterprise,42,1,11/16/2024,0,5348.48,46
2934,2935,"Villa, Buchanan and Wiley",Technology,North America,1/23/2023,Free,7,0,1/25/2023,1,31.54,-48
2935,2936,"Greer, Long and Morales",Healthcare,North America,4/29/2024,Free,3,0,9/12/2024,1,28.62,6
2936,2937,"Snyder, Smith and Freeman",Healthcare,North America,10/15/2024,Basic,12,0,11/22/2024,0,264.43,53
2937,2938,"Gray, Haney and Charles",Retail,North America,2/24/2025,Basic,15,1,4/9/2025,0,314.26,12
2938,2939,Carter and Sons,Manufacturing,Asia-Pacific,4/25/2026,Basic,14,1,5/3/2026,0,244.23,48
2939,2940,Jones-Sanders,Manufacturing,North America,10/10/2024,Basic,21,0,11/8/2024,0,249.55,10
2940,2941,Johnson PLC,Healthcare,Europe,9/20/2023,Pro,24,2,12/9/2023,0,1011.26,12
2941,2942,Christian Inc,Technology,North America,8/3/2025,Free,4,0,10/24/2025,1,10.85,24
2942,2943,Shelton-Johnson,Technology,Europe,5/12/2024,Basic,12,0,8/29/2024,0,227.9,14
2943,2944,Hancock LLC,Technology,Asia-Pacific,10/31/2024,Pro,30,0,1/9/2025,0,972.1,52
2944,2945,Paul-White,Finance,North America,11/1/2022,Free,5,0,11/15/2022,1,10.97,-7
2945,2946,Salazar Inc,Technology,North America,10/27/2025,Basic,16,1,10/27/2025,0,330.53,7
2946,2947,"Butler, Rogers and Diaz",Healthcare,North America,1/13/2026,Basic,13,0,2/6/2026,0,232.21,9
2947,2948,"Stephens, Cardenas and Williams",Finance,North America,9/11/2025,Pro,34,1,9/12/2025,0,1025.04,35
2948,2949,Hall-Warren,Logistics,North America,9/9/2024,Free,5,0,11/21/2024,1,47.99,-29
2949,2950,Miller-Jones,Retail,Asia-Pacific,11/20/2025,Basic,16,0,2/12/2026,0,288.68,57
2950,2951,Sherman-Morgan,Healthcare,Europe,5/27/2024,Basic,17,0,6/28/2024,0,327.44,-16
2951,2952,"Hunter, White and Mayo",Technology,North America,6/16/2024,Free,4,0,9/7/2024,1,25.92,-83
2952,2953,Cordova Inc,Manufacturing,North America,9/15/2023,Free,2,2,11/18/2023,1,12.22,21
2953,2954,Roberts-Glenn,Technology,Europe,12/15/2023,Free,4,0,1/18/2024,1,10.16,-6
2954,2955,"Ross, Jenkins and Adams",Logistics,North America,4/25/2026,Pro,30,4,5/21/2026,0,938.68,44
2955,2956,"Anderson, Francis and Smith",Logistics,North America,5/1/2026,Free,4,0,5/25/2026,1,26.7,-22
2956,2957,Huynh Inc,Logistics,Asia-Pacific,11/26/2023,Enterprise,45,2,2/26/2024,0,5387.25,95
2957,2958,"Rice, Bates and Kaiser",Healthcare,Latin America,7/2/2024,Basic,11,0,7/24/2024,0,263.97,-18
2958,2959,Mays Inc,Manufacturing,Latin America,8/2/2023,Basic,17,3,8/11/2023,0,271.19,7
2959,2960,Bradley-Rodriguez,Retail,North America,6/8/2024,Free,4,0,1/5/2025,1,12.47,29
2960,2961,Huber Inc,Logistics,Asia-Pacific,12/15/2025,Free,5,0,12/25/2025,1,21.29,-8
2961,2962,Medina-Munoz,Technology,North America,6/15/2022,Free,5,0,9/14/2022,1,14.52,-13
2962,2963,Mcintosh PLC,Logistics,North America,6/14/2023,Basic,16,0,7/11/2023,0,265.58,27
2963,2964,Cardenas-Simmons,Healthcare,Europe,9/21/2023,Pro,42,1,11/4/2023,0,1176.93,35
2964,2965,Thomas and Sons,Retail,North America,5/26/2024,Free,2,0,2/11/2025,1,10.88,-26
2965,2966,Casey and Sons,Technology,North America,4/2/2026,Pro,28,2,4/27/2026,0,959.37,3
2966,2967,Johnson-Chen,Retail,Europe,11/17/2023,Enterprise,50,3,1/3/2024,0,5471.06,75
2967,2968,Lopez-Spears,Finance,North America,12/14/2022,Free,4,0,1/30/2023,1,20.26,47
2968,2969,Rodriguez-Zimmerman,Technology,Asia-Pacific,10/4/2022,Free,9,0,12/22/2022,0,33.53,-32
2969,2970,Clark-Livingston,Logistics,Europe,6/16/2023,Pro,31,2,7/16/2023,0,969.35,45
2970,2971,Jones-Smith,Healthcare,Asia-Pacific,11/15/2024,Basic,18,0,12/10/2024,0,243.54,-24
2971,2972,"Waters, Walker and Hahn",Healthcare,North America,8/24/2025,Free,7,0,5/27/2026,1,56.43,-46
2972,2973,Lawson-Wolf,Technology,Asia-Pacific,3/3/2024,Free,10,1,3/29/2024,0,41.27,49
2973,2974,Wood-Vargas,Manufacturing,North America,12/23/2024,Basic,15,0,2/1/2025,0,340.44,24
2974,2975,"Jordan, Gray and Robbins",Manufacturing,North America,2/9/2023,Basic,14,2,7/10/2023,0,306.04,-4
2975,2976,Collins-Jones,Manufacturing,North America,2/21/2026,Basic,11,0,5/13/2026,0,280.06,23
2976,2977,"Burnett, Thompson and Jackson",Logistics,Asia-Pacific,2/12/2026,Pro,17,0,2/26/2026,0,876.11,86
2977,2978,Nelson Ltd,Logistics,North America,6/26/2024,Pro,33,1,8/11/2024,0,945.14,47
2978,2979,"Jones, Stone and Snow",Retail,Europe,11/2/2022,Free,1,0,4/27/2023,1,6.9,31
2979,2980,Mathews LLC,Retail,Europe,5/1/2025,Enterprise,34,0,10/26/2025,0,5079.55,55
2980,2981,Rosales-Marks,Logistics,North America,1/29/2024,Free,8,0,2/22/2024,0,57.84,-12
2981,2982,Chambers-Horne,Retail,North America,8/4/2025,Basic,13,0,12/8/2025,0,316.02,27
2982,2983,Guzman and Sons,Retail,North America,1/14/2023,Free,2,0,2/28/2023,1,11.16,-9
2983,2984,Russell-Harrison,Healthcare,Europe,4/22/2026,Basic,17,0,7/11/2026,0,261.55,17
2984,2985,Cook-Anderson,Logistics,Europe,9/10/2023,Basic,15,0,11/20/2023,0,283.31,36
2985,2986,Richard-Chambers,Logistics,Asia-Pacific,2/23/2024,Free,1,0,8/14/2024,1,4.84,-28
2986,2987,"Boyer, Harrison and Pineda",Retail,North America,4/8/2025,Free,4,0,11/11/2025,1,10.51,-17
2987,2988,Lambert LLC,Manufacturing,North America,12/22/2022,Pro,32,3,1/22/2023,0,1044.58,50
2988,2989,"Cruz, Wilson and Bender",Technology,Asia-Pacific,8/15/2025,Basic,17,0,9/1/2025,0,329.97,25
2989,2990,Larsen-Moyer,Manufacturing,North America,5/30/2024,Basic,17,1,8/6/2024,0,276.01,36
2990,2991,Johnson PLC,Logistics,Asia-Pacific,1/16/2025,Free,3,1,2/12/2025,1,28.68,8
2991,2992,"Mitchell, Hopkins and French",Retail,Europe,12/26/2025,Free,5,0,1/4/2026,1,10.57,-14
2992,2993,"Davila, Mays and Cruz",Logistics,Europe,9/22/2023,Pro,27,0,9/23/2023,0,899.66,26
2993,2994,"Thompson, Dillon and Mcintosh",Logistics,Europe,2/26/2025,Free,6,0,7/5/2025,1,39.56,-25
2994,2995,"Alexander, Ward and Wolfe",Logistics,Europe,10/15/2024,Free,3,1,2/5/2025,1,17.15,51
2995,2996,Flores and Sons,Manufacturing,North America,2/28/2024,Free,3,0,9/13/2024,1,25.45,-22
2996,2997,Dunn-Gomez,Technology,North America,10/28/2022,Pro,29,2,12/11/2022,0,931.63,13
2997,2998,Lamb-Hall,Logistics,North America,9/11/2022,Free,6,1,11/1/2022,1,12.59,59
2998,2999,Heath-Sellers,Logistics,North America,9/3/2024,Basic,20,1,11/15/2024,0,241.28,39
2999,3000,Douglas Ltd,Retail,Asia-Pacific,6/29/2022,Pro,35,2,9/1/2022,0,1086.17,61
3000,3001,Cross LLC,Healthcare,Europe,8/17/2023,Free,1,0,1/31/2024,1,3.83,10
3001,3002,Ware Inc,Finance,Europe,1/16/2024,Free,6,1,4/12/2024,1,41.49,46
3002,3003,Holt-Lewis,Finance,Asia-Pacific,7/1/2024,Basic,10,0,7/29/2024,0,255.35,9
3003,3004,"Barnes, Newman and Grant",Retail,Asia-Pacific,2/19/2023,Pro,32,0,4/11/2023,0,975.16,41
3004,3005,Gomez-Brown,Technology,North America,1/7/2025,Pro,31,0,4/22/2025,0,990.83,59
3005,3006,Williams-Reed,Healthcare,Europe,2/5/2026,Free,4,0,8/15/2026,1,39.15,35
3006,3007,Henson-Hansen,Logistics,North America,12/27/2023,Free,8,0,1/7/2024,0,27.09,-7
3007,3008,Nicholson-Huerta,Technology,Europe,3/8/2026,Pro,24,0,6/19/2026,0,885.68,25
3008,3009,"Hall, Bradley and Rice",Manufacturing,North America,6/18/2025,Free,6,0,10/9/2025,1,15.91,-38
3009,3010,Stewart-Henderson,Healthcare,North America,11/4/2024,Basic,23,2,12/13/2024,0,343.84,48
3010,3011,"Owens, Mcdowell and Sosa",Healthcare,Latin America,1/30/2024,Free,8,0,2/5/2024,0,54.65,-55
3011,3012,Hansen Inc,Finance,North America,2/24/2024,Enterprise,46,3,4/14/2024,0,5132.74,68
3012,3013,King-Mayo,Finance,North America,11/28/2023,Free,6,0,12/30/2023,1,39.21,10
3013,3014,"Johnson, Kline and Jackson",Retail,North America,9/17/2025,Free,4,0,9/30/2025,1,13.85,-2
3014,3015,Johnson Group,Healthcare,Europe,12/21/2023,Free,6,0,3/16/2024,1,19.19,-18
3015,3016,Mckay and Sons,Finance,Europe,1/25/2026,Free,6,1,2/1/2026,1,53.78,18
3016,3017,Decker Group,Technology,North America,6/15/2025,Basic,16,0,6/21/2025,0,299.59,52
3017,3018,Ross-Anderson,Healthcare,Asia-Pacific,5/1/2023,Pro,27,2,9/8/2023,0,875.67,25
3018,3019,"Woods, Henry and Hunter",Technology,Asia-Pacific,5/22/2023,Enterprise,51,1,7/25/2023,0,5460.4,62
3019,3020,Villa-Zavala,Finance,North America,8/5/2024,Free,7,0,9/13/2024,1,20.23,-31
3020,3021,Wilson LLC,Finance,Europe,9/2/2024,Free,7,1,9/30/2024,1,15.1,-24
3021,3022,"Hopkins, Osborne and Gutierrez",Manufacturing,Europe,7/1/2024,Basic,14,1,9/4/2024,0,236.17,-11
3022,3023,Jefferson-Mason,Logistics,North America,6/16/2024,Pro,33,0,7/15/2024,0,1046.81,36
3023,3024,"Mendez, Jones and Morgan",Finance,North America,6/7/2024,Basic,16,2,6/8/2024,0,316.72,-41
3024,3025,Harris Inc,Manufacturing,Europe,8/31/2022,Basic,16,0,1/15/2023,0,303.26,16
3025,3026,Anthony-Davies,Technology,North America,4/6/2026,Basic,21,0,4/8/2026,0,277.4,39
3026,3027,Kemp and Sons,Healthcare,Latin America,5/2/2025,Enterprise,43,0,5/8/2025,0,5348.11,77
3027,3028,Smith-Rocha,Healthcare,North America,12/12/2025,Basic,14,0,12/19/2025,0,265.7,47
3028,3029,Williams LLC,Finance,Asia-Pacific,3/16/2025,Enterprise,48,3,6/29/2025,0,5129.83,50
3029,3030,Shelton Inc,Manufacturing,Asia-Pacific,3/13/2026,Free,3,0,6/11/2026,1,27.08,64
3030,3031,Johnson LLC,Finance,Europe,10/12/2022,Free,4,2,11/18/2022,1,32.96,-9
3031,3032,Shaw-Jensen,Manufacturing,North America,8/6/2022,Basic,18,3,9/10/2022,0,300.82,41
3032,3033,Mills PLC,Finance,North America,10/18/2025,Enterprise,40,0,10/21/2025,0,5205.86,63
3033,3034,Wilkins LLC,Manufacturing,Latin America,8/3/2022,Basic,13,0,12/30/2022,0,244.7,-26
3034,3035,Tucker-Lloyd,Finance,Asia-Pacific,6/26/2025,Free,3,0,9/18/2025,1,20.78,19
3035,3036,Brown Ltd,Retail,Europe,12/13/2022,Basic,12,0,7/1/2023,0,314.33,59
3036,3037,"Lewis, Ward and Dominguez",Manufacturing,North America,1/3/2026,Basic,19,0,3/14/2026,0,257.18,16
3037,3038,Snyder-Hatfield,Finance,North America,2/10/2026,Basic,13,0,5/11/2026,0,242.53,23
3038,3039,"Andrews, Lewis and Lee",Healthcare,North America,7/9/2022,Pro,29,1,7/14/2022,0,1055.27,62
3039,3040,Moore-Davis,Logistics,Europe,3/1/2024,Enterprise,56,1,6/9/2024,0,5267.24,48
3040,3041,"Burke, Conner and Thomas",Manufacturing,Asia-Pacific,1/5/2024,Basic,18,1,1/27/2024,0,336.26,-6
3041,3042,Arroyo-Roberts,Technology,Asia-Pacific,8/13/2024,Basic,24,0,12/27/2024,0,286.51,57
3042,3043,Dillon PLC,Technology,Europe,3/14/2023,Free,3,0,6/8/2023,1,9.67,61
3043,3044,Carr-Jones,Retail,North America,9/28/2022,Basic,21,2,1/15/2023,0,336.07,-9
3044,3045,Hall-Ray,Retail,Asia-Pacific,2/7/2024,Enterprise,54,3,3/8/2024,0,5444.25,69
3045,3046,May-Morris,Technology,Asia-Pacific,9/5/2022,Basic,12,0,10/11/2022,0,316.99,44
3046,3047,"Walker, Miller and Espinoza",Healthcare,Asia-Pacific,2/19/2026,Free,4,0,5/24/2026,1,20.6,-11
3047,3048,"Waters, Gates and Ross",Finance,North America,1/18/2023,Basic,19,2,2/19/2023,0,285.38,37
3048,3049,Johnson-Williams,Manufacturing,North America,3/11/2023,Free,1,2,4/15/2023,1,4.19,18
3049,3050,Nolan PLC,Healthcare,North America,8/28/2024,Free,8,0,10/29/2024,0,34.07,54
3050,3051,Young-Peterson,Logistics,North America,7/25/2022,Basic,9,0,8/25/2022,0,244.72,-11
3051,3052,"Clark, Nichols and Johnson",Logistics,Europe,2/10/2026,Pro,32,2,3/31/2026,0,1011.61,37
3052,3053,Oliver-Barker,Healthcare,Europe,5/20/2023,Basic,18,1,5/20/2023,0,315.79,27
3053,3054,"Woodward, Collier and Barber",Manufacturing,North America,10/31/2023,Basic,18,5,1/1/2024,0,361.59,7
3054,3055,"Page, Clark and Sanders",Finance,North America,8/20/2025,Free,5,0,9/23/2025,1,38.15,26
3055,3056,Stone PLC,Technology,Europe,6/28/2022,Free,5,0,7/3/2022,1,42.03,31
3056,3057,Douglas-Ford,Manufacturing,Europe,12/17/2023,Free,5,0,1/31/2024,1,18.05,8
3057,3058,Thomas-Jordan,Retail,Latin America,10/8/2024,Enterprise,45,1,1/5/2025,0,5325.95,67
3058,3059,Chambers Group,Finance,North America,10/18/2024,Free,5,0,11/19/2024,1,23.1,-6
3059,3060,Quinn Ltd,Healthcare,Latin America,1/23/2026,Enterprise,42,0,1/25/2026,0,5198.44,64
3060,3061,Murphy-Long,Finance,Europe,1/3/2023,Free,5,0,1/18/2023,1,46.08,35
3061,3062,Meyer-Campos,Finance,North America,2/19/2026,Free,8,0,3/23/2026,0,24.16,-35
3062,3063,"Jackson, Fisher and Hall",Logistics,Latin America,3/29/2024,Free,3,1,4/23/2024,1,16.06,23
3063,3064,"Warren, Ross and Jordan",Healthcare,North America,2/28/2025,Free,7,0,7/26/2025,1,66.21,5
3064,3065,Brown-Tucker,Finance,North America,2/17/2025,Pro,36,2,1/12/2026,0,1041.93,46
3065,3066,"Brock, Peterson and White",Logistics,Asia-Pacific,8/18/2022,Pro,27,0,9/19/2022,0,913.49,37
3066,3067,Pena-Vasquez,Healthcare,North America,10/28/2023,Pro,42,0,2/5/2024,0,959.11,46
3067,3068,Cook-Jones,Healthcare,North America,8/22/2022,Free,5,0,9/7/2022,1,23.33,31
3068,3069,Barton Group,Healthcare,Europe,10/24/2024,Free,6,1,11/21/2024,1,38.1,17
3069,3070,Harris and Sons,Finance,Europe,8/10/2024,Pro,26,3,8/11/2024,0,915.95,35
3070,3071,"Brown, Carson and Davis",Manufacturing,North America,8/24/2022,Basic,11,0,9/6/2022,0,278.13,83
3071,3072,Hahn Inc,Logistics,Latin America,7/30/2022,Basic,16,0,8/13/2022,0,270.98,9
3072,3073,Riley Group,Retail,North America,1/9/2024,Basic,22,2,2/1/2024,0,368.13,27
3073,3074,Fuller-Burns,Logistics,Asia-Pacific,9/26/2025,Free,3,0,10/11/2025,1,9.85,-17
3074,3075,Miller Inc,Manufacturing,North America,9/22/2022,Basic,14,0,11/9/2022,0,272.2,69
3075,3076,Parks LLC,Manufacturing,Asia-Pacific,2/19/2024,Basic,18,3,5/22/2024,0,304.17,-6
3076,3077,"Flowers, Jones and Ashley",Finance,Europe,8/29/2023,Basic,15,1,11/7/2023,0,304.39,47
3077,3078,Michael Group,Manufacturing,North America,11/24/2025,Basic,19,1,12/30/2025,0,382.48,23
3078,3079,Bryant-Stone,Healthcare,Latin America,8/15/2024,Basic,11,0,8/22/2024,0,273.4,9
3079,3080,"Mcbride, Bean and Porter",Healthcare,Asia-Pacific,6/6/2025,Free,7,0,1/10/2026,1,39.34,66
3080,3081,Anderson-Forbes,Finance,Asia-Pacific,3/12/2023,Free,7,0,4/2/2023,1,22.91,13
3081,3082,Nguyen PLC,Healthcare,Asia-Pacific,10/24/2024,Enterprise,57,2,12/18/2024,0,5267.87,56
3082,3083,Wright-Mcmillan,Manufacturing,Asia-Pacific,1/5/2024,Pro,29,1,3/3/2024,0,941.55,24
3083,3084,Thompson Ltd,Finance,North America,2/11/2025,Enterprise,45,4,6/3/2025,0,5109.56,40
3084,3085,Anderson and Sons,Healthcare,North America,1/9/2024,Free,4,0,7/16/2024,1,27.93,-41
3085,3086,"Gordon, Cummings and Goodman",Technology,North America,8/5/2024,Pro,32,2,2/18/2025,0,907.66,55
3086,3087,Garza LLC,Technology,Latin America,4/17/2025,Pro,39,1,7/18/2025,0,1189.4,51
3087,3088,Williams-Miller,Finance,North America,5/30/2025,Enterprise,50,3,7/5/2025,0,5350.18,63
3088,3089,Moore-Clark,Healthcare,Europe,10/21/2025,Pro,28,0,2/28/2026,0,1032.22,65
3089,3090,"Kelley, Lindsey and Davis",Logistics,Asia-Pacific,7/7/2022,Basic,16,0,10/7/2022,0,325.23,-4
3090,3091,"Park, Sanders and Williams",Logistics,North America,11/15/2022,Basic,14,0,4/16/2023,0,300.78,46
3091,3092,Harvey-Hudson,Healthcare,Europe,1/12/2026,Free,1,0,7/3/2026,1,3.4,32
3092,3093,Davidson-Salazar,Healthcare,Europe,8/28/2024,Free,5,1,9/19/2024,1,31.13,0
3093,3094,"Ramirez, Bruce and King",Retail,Asia-Pacific,1/28/2025,Free,13,1,3/21/2025,0,126.28,7
3094,3095,Lewis-Gardner,Healthcare,Latin America,11/14/2023,Basic,16,0,12/19/2023,0,261.55,-45
3095,3096,Aguilar-Francis,Technology,Latin America,5/12/2025,Free,8,2,6/10/2025,0,58.17,-32
3096,3097,Harmon PLC,Technology,North America,6/24/2025,Basic,16,0,7/2/2025,0,331.46,-11
3097,3098,"Larson, Dyer and Ross",Manufacturing,Europe,9/26/2023,Basic,15,1,2/24/2024,0,318.73,19
3098,3099,"Sutton, Smith and Wright",Manufacturing,Asia-Pacific,12/31/2022,Free,5,0,5/31/2023,1,27.3,69
3099,3100,Obrien Group,Retail,North America,11/8/2023,Free,5,0,11/28/2023,1,19.92,17
3100,3101,Carter Inc,Logistics,North America,1/4/2024,Pro,43,3,3/2/2024,0,1217.84,71
3101,3102,Stevenson-Wood,Retail,North America,3/4/2025,Basic,16,1,5/8/2025,0,256.65,14
3102,3103,Fletcher LLC,Healthcare,Latin America,6/17/2022,Free,7,0,6/27/2022,1,58,8
3103,3104,Simmons-Sanchez,Logistics,North America,5/22/2023,Enterprise,50,3,6/16/2023,0,5161.11,47
3104,3105,"Crosby, Nguyen and Hopkins",Manufacturing,Asia-Pacific,3/17/2024,Free,5,0,8/9/2024,1,13.37,23
3105,3106,Meyers PLC,Finance,Europe,9/25/2025,Basic,22,2,9/30/2025,0,355.84,43
3106,3107,Holloway PLC,Retail,Europe,12/28/2022,Pro,31,2,1/24/2023,0,983.26,60
3107,3108,"Reid, Walker and Hines",Healthcare,Europe,9/4/2022,Basic,12,1,9/11/2022,0,268.28,16
3108,3109,Ali Group,Manufacturing,North America,2/13/2026,Free,5,0,4/22/2026,1,48.67,53
3109,3110,"Jones, Marshall and Myers",Finance,Asia-Pacific,4/22/2025,Basic,18,0,5/18/2025,0,237.8,25
3110,3111,"Kidd, Garcia and Woodward",Healthcare,Asia-Pacific,12/15/2022,Pro,31,1,1/22/2023,0,1073.44,26
3111,3112,"Perez, Cox and Rojas",Finance,North America,4/19/2025,Free,7,1,5/28/2025,1,34.39,41
3112,3113,"Schwartz, Harris and Smith",Finance,North America,1/14/2026,Free,2,1,1/21/2026,1,13.35,16
3113,3114,Moran Inc,Manufacturing,Europe,1/17/2026,Free,11,0,3/16/2026,0,37.51,67
3114,3115,"Wilson, Smith and Murray",Logistics,North America,7/6/2025,Free,9,0,8/4/2025,0,43.96,22
3115,3116,"Taylor, Berry and Blevins",Technology,Europe,3/1/2026,Enterprise,44,2,3/28/2026,0,5351.11,77
3116,3117,Villa-Wagner,Healthcare,Europe,10/20/2023,Basic,9,0,11/18/2023,0,273.16,-5
3117,3118,"Washington, Shelton and Vincent",Finance,North America,6/30/2022,Basic,20,1,1/31/2023,0,324.29,22
3118,3119,Casey-Payne,Retail,North America,6/7/2024,Free,4,0,6/12/2024,1,8.85,56
3119,3120,Santana-Olson,Healthcare,North America,9/26/2025,Basic,11,2,11/14/2025,0,271.01,26
3120,3121,Nguyen LLC,Manufacturing,Asia-Pacific,7/20/2024,Free,1,0,9/1/2024,1,8.47,5
3121,3122,Mcdonald PLC,Finance,Asia-Pacific,10/6/2024,Enterprise,54,3,2/22/2025,0,5402.83,35
3122,3123,Delacruz Group,Logistics,North America,2/9/2026,Free,2,1,5/14/2026,1,11.53,12
3123,3124,"Shepherd, Frye and Werner",Technology,Asia-Pacific,11/10/2022,Basic,13,0,12/7/2022,0,286.49,28
3124,3125,Velasquez and Sons,Finance,North America,10/21/2025,Enterprise,45,1,11/24/2025,0,5396.22,56
3125,3126,Davis-Barker,Retail,Asia-Pacific,10/1/2023,Pro,24,1,11/2/2023,0,859.51,20
3126,3127,Miles and Sons,Technology,Asia-Pacific,7/19/2024,Free,5,1,7/27/2024,1,31.27,-48
3127,3128,"Barnes, Frye and Mcdonald",Logistics,Europe,10/29/2022,Basic,19,0,2/24/2023,0,343.83,47
3128,3129,"Conway, Myers and Martinez",Retail,North America,12/6/2024,Pro,28,2,12/15/2024,0,1071.53,88
3129,3130,Brown-James,Logistics,Europe,12/21/2022,Free,7,0,1/15/2023,1,20.42,30
3130,3131,"Graves, Trujillo and Tran",Finance,North America,2/9/2025,Pro,33,1,4/1/2025,0,953.54,32
3131,3132,"Murphy, Hines and Wood",Technology,Asia-Pacific,4/18/2025,Enterprise,56,1,4/29/2025,0,5281.68,55
3132,3133,Torres-Schultz,Retail,North America,3/24/2024,Basic,12,0,6/9/2024,0,293.88,23
3133,3134,"Sims, Chung and Moreno",Technology,Latin America,10/7/2025,Basic,16,2,10/12/2025,0,284.04,34
3134,3135,Brown PLC,Retail,North America,9/23/2022,Pro,30,1,10/1/2022,0,903.99,35
3135,3136,"Ball, Kim and Hood",Healthcare,North America,1/7/2025,Basic,17,0,2/20/2025,0,239.15,16
3136,3137,"Jacobs, Orozco and Brown",Retail,North America,6/4/2024,Basic,19,0,8/8/2024,0,324.41,45
3137,3138,"Sanchez, Jones and Morton",Healthcare,Europe,12/2/2023,Free,4,0,4/3/2024,1,10.8,11
3138,3139,Moss PLC,Logistics,North America,4/8/2023,Basic,17,1,9/15/2023,0,292.73,-10
3139,3140,Poole Group,Healthcare,Asia-Pacific,9/9/2022,Free,5,0,7/10/2023,1,10.44,-4
3140,3141,Ward and Sons,Finance,Europe,4/2/2025,Free,8,0,4/11/2025,0,41.61,32
3141,3142,"Austin, Perez and Mitchell",Healthcare,North America,10/3/2022,Free,3,0,11/10/2022,1,28.81,-10
3142,3143,Rice-Blanchard,Logistics,Latin America,6/16/2023,Pro,14,1,8/25/2023,0,912.89,21
3143,3144,Valentine Inc,Technology,Asia-Pacific,1/15/2026,Basic,12,0,3/5/2026,0,283.87,-16
3144,3145,Farrell Inc,Finance,North America,9/16/2025,Free,5,0,12/12/2025,1,15.91,2
3145,3146,Finley Ltd,Logistics,Europe,8/26/2023,Enterprise,61,2,11/1/2023,0,5521.18,70
3146,3147,"Montgomery, Walker and Martin",Logistics,North America,8/16/2022,Free,3,0,9/7/2022,1,7.91,-47
3147,3148,"Lee, Johnson and Morales",Logistics,Asia-Pacific,2/14/2026,Free,4,0,2/19/2026,1,27.23,24
3148,3149,"Craig, Moreno and Lopez",Logistics,North America,4/20/2026,Basic,14,1,6/21/2026,0,271.55,22
3149,3150,"Nolan, Frazier and Mitchell",Logistics,North America,8/1/2022,Basic,18,0,12/31/2022,0,241.07,36
3150,3151,Dougherty-West,Finance,Europe,10/13/2023,Enterprise,47,3,2/14/2024,0,5449.02,67
3151,3152,"Sparks, Moss and Rodriguez",Healthcare,Europe,8/25/2022,Basic,19,1,9/21/2022,0,322.4,20
3152,3153,"Stewart, Powers and Anderson",Retail,North America,3/15/2024,Basic,12,0,4/18/2024,0,248.78,21
3153,3154,Jones and Sons,Finance,North America,11/29/2024,Free,6,0,3/16/2025,1,25.82,11
3154,3155,"Wilson, Goodman and Williams",Technology,Asia-Pacific,1/8/2026,Free,2,0,3/16/2026,1,14.59,9
3155,3156,Harris-Jackson,Retail,Asia-Pacific,4/3/2026,Basic,17,2,4/16/2026,0,336.96,25
3156,3157,Johnson PLC,Healthcare,North America,11/23/2025,Pro,31,0,2/3/2026,0,1076.13,67
3157,3158,Coleman Group,Healthcare,Asia-Pacific,8/22/2024,Basic,14,0,9/24/2024,0,331.68,26
3158,3159,Jones Group,Technology,Europe,12/4/2024,Pro,35,2,1/2/2025,0,922.23,71
3159,3160,Serrano LLC,Technology,North America,7/12/2025,Enterprise,59,3,9/28/2025,0,5384.98,57
3160,3161,Craig-Meyer,Manufacturing,North America,6/11/2022,Enterprise,53,1,6/23/2022,0,5144.58,54
3161,3162,Hendricks and Sons,Manufacturing,Latin America,11/27/2024,Pro,30,4,11/30/2024,0,1083.8,100
3162,3163,Hernandez-Wade,Technology,North America,6/30/2023,Free,3,0,8/2/2023,1,19.7,-3
3163,3164,Perry-Ford,Retail,Europe,4/26/2026,Basic,17,2,5/6/2026,0,306.31,-30
3164,3165,Alvarez LLC,Logistics,North America,9/29/2022,Free,6,0,10/14/2022,1,27.28,-42
3165,3166,Mccoy-Lester,Finance,North America,7/12/2025,Enterprise,53,4,4/26/2026,0,5265.72,74
3166,3167,"Peterson, Warner and Aguilar",Manufacturing,Latin America,1/3/2026,Basic,17,0,3/24/2026,0,297.97,0
3167,3168,Rojas and Sons,Finance,North America,10/15/2023,Pro,26,1,12/7/2023,0,865.14,44
3168,3169,"Livingston, Butler and Merritt",Healthcare,Latin America,12/19/2023,Basic,12,0,3/1/2024,0,300.42,36
3169,3170,Burke Ltd,Manufacturing,Asia-Pacific,11/7/2025,Pro,25,2,12/28/2025,0,869.92,-4
3170,3171,Gillespie LLC,Technology,North America,4/22/2023,Basic,23,1,5/26/2023,0,417.2,52
3171,3172,Carter-Thomas,Technology,Asia-Pacific,7/22/2025,Basic,19,1,7/31/2025,0,299.12,-4
3172,3173,Fowler and Sons,Retail,North America,6/10/2024,Pro,23,2,7/8/2024,0,910.26,17
3173,3174,Price Inc,Finance,Europe,2/15/2026,Basic,11,0,3/19/2026,0,254.3,4
3174,3175,"Robinson, Yates and Garcia",Healthcare,North America,1/21/2025,Free,4,0,3/5/2025,1,24.31,1
3175,3176,Hahn-Holden,Retail,Latin America,3/18/2023,Pro,23,1,6/23/2023,0,914.67,39
3176,3177,Mclean-Cox,Healthcare,North America,2/27/2026,Enterprise,45,2,8/28/2026,0,5416.18,61
3177,3178,Haley-Patton,Healthcare,Latin America,11/4/2024,Free,7,0,11/18/2024,1,36.69,22
3178,3179,Olson and Sons,Healthcare,North America,3/27/2026,Basic,18,1,7/1/2026,0,376.83,9
3179,3180,"Dennis, Dudley and Weaver",Finance,Europe,10/16/2025,Free,3,0,10/29/2025,1,13.96,-33
3180,3181,"West, Mason and Collins",Finance,North America,11/19/2024,Free,8,0,2/3/2025,0,47.5,-75
3181,3182,Spencer and Sons,Healthcare,Europe,4/26/2023,Basic,19,1,5/22/2023,0,337.28,-4
3182,3183,Jensen Ltd,Manufacturing,North America,9/30/2023,Free,4,0,9/30/2023,1,36.47,23
3183,3184,Carlson LLC,Finance,Asia-Pacific,6/3/2024,Basic,17,1,9/19/2024,0,320.73,38
3184,3185,Johnson LLC,Manufacturing,Latin America,5/11/2023,Basic,11,0,6/9/2023,0,309.21,38
3185,3186,Blankenship Inc,Finance,Europe,5/18/2023,Pro,24,0,5/27/2023,0,867.42,63
3186,3187,Rose-Evans,Retail,Europe,12/4/2024,Pro,22,1,2/11/2025,0,943.68,30
3187,3188,Horton-Cox,Logistics,Europe,2/1/2023,Free,3,0,3/13/2023,1,22.82,-35
3188,3189,Taylor PLC,Technology,North America,1/24/2023,Basic,11,1,3/31/2023,0,279.35,31
3189,3190,"Pruitt, Lee and Sawyer",Retail,North America,6/3/2025,Basic,15,1,6/19/2025,0,347.04,13
3190,3191,Vincent Group,Finance,Asia-Pacific,7/12/2022,Free,9,1,9/23/2022,0,42.77,3
3191,3192,Perez-Edwards,Finance,Europe,12/17/2023,Enterprise,53,2,2/5/2024,0,5352.28,82
3192,3193,Espinoza Inc,Finance,North America,7/2/2023,Free,5,1,7/14/2023,1,43.7,-7
3193,3194,Francis-Hobbs,Retail,North America,11/7/2023,Free,8,0,11/9/2023,0,73.74,-10
3194,3195,Potter and Sons,Manufacturing,North America,1/18/2023,Free,6,0,3/10/2023,1,33.78,-55
3195,3196,Choi-Duffy,Logistics,Europe,9/6/2022,Basic,16,0,3/19/2023,0,304.54,47
3196,3197,Wright Group,Retail,Europe,3/14/2025,Free,2,0,4/2/2025,1,13.13,-10
3197,3198,Young Group,Retail,Latin America,5/5/2026,Free,7,0,9/22/2026,1,44.35,4
3198,3199,Moore Ltd,Finance,Europe,7/8/2024,Free,2,0,8/2/2024,1,5.31,9
3199,3200,Andrews-Torres,Technology,Europe,12/16/2023,Basic,16,1,12/21/2023,0,343.93,34
3200,3201,Underwood Ltd,Logistics,Asia-Pacific,6/22/2023,Free,6,0,9/14/2023,1,57.15,-51
3201,3202,Johnson-Green,Logistics,Asia-Pacific,9/10/2024,Pro,32,2,10/16/2024,0,1066.06,39
3202,3203,Park-Morales,Logistics,North America,10/13/2022,Free,1,1,10/20/2022,1,3.85,47
3203,3204,"Velasquez, Duran and Dean",Finance,North America,5/27/2022,Free,4,0,8/22/2022,1,21.65,14
3204,3205,Gordon-Scott,Healthcare,North America,1/3/2023,Free,5,1,1/29/2023,1,43.42,-31
3205,3206,"Carr, Clayton and Rodriguez",Manufacturing,Europe,5/27/2024,Basic,15,0,7/24/2024,0,260.4,33
3206,3207,Alvarado-Fields,Manufacturing,Asia-Pacific,12/17/2023,Free,6,0,2/12/2024,1,54.63,12
3207,3208,Hall PLC,Healthcare,North America,2/18/2024,Pro,29,2,5/9/2024,0,1060.09,40
3208,3209,Lawrence LLC,Technology,North America,9/15/2024,Free,6,0,9/21/2024,1,32.75,-3
3209,3210,"Boone, Compton and Roberts",Logistics,Latin America,8/28/2022,Pro,30,0,11/25/2022,0,1013.43,66
3210,3211,Weber-Roberts,Logistics,North America,4/7/2025,Free,4,0,5/17/2025,1,15.99,-77
3211,3212,"Watson, Cruz and Gutierrez",Logistics,Europe,2/19/2026,Free,4,1,7/31/2026,1,20.79,-27
3212,3213,"Mason, James and Morales",Technology,North America,10/28/2023,Free,5,0,10/31/2023,1,13.03,-17
3213,3214,Norris and Sons,Healthcare,Latin America,1/30/2025,Free,4,0,1/30/2025,1,22.59,2
3214,3215,Miller-Davidson,Retail,North America,10/18/2025,Pro,32,0,12/25/2025,0,1100.49,63
3215,3216,"Gamble, Parker and Lee",Manufacturing,North America,6/24/2024,Free,5,0,7/20/2024,1,44.88,-13
3216,3217,Jones-Ayers,Logistics,North America,11/21/2025,Pro,23,5,11/22/2025,0,990.93,47
3217,3218,Mcguire-Ross,Technology,North America,12/11/2022,Free,6,0,1/13/2023,1,59.38,71
3218,3219,Mann-Phillips,Retail,Asia-Pacific,7/28/2025,Free,6,0,7/30/2025,1,13.63,-27
3219,3220,"Rodriguez, Phelps and Atkinson",Retail,Asia-Pacific,7/10/2024,Enterprise,49,2,7/12/2024,0,5318.64,49
3220,3221,Taylor-Wilson,Manufacturing,Europe,9/15/2022,Free,2,0,9/19/2022,1,19.41,-1
3221,3222,Watkins-Fuentes,Manufacturing,Europe,6/17/2023,Pro,30,2,6/21/2023,0,1095.99,37
3222,3223,Torres-Taylor,Healthcare,Asia-Pacific,2/21/2023,Basic,15,0,4/2/2023,0,268.66,23
3223,3224,Cox-Neal,Finance,North America,4/13/2026,Enterprise,43,2,4/17/2026,0,5218.92,70
3224,3225,Schneider-Davis,Retail,North America,8/18/2022,Basic,11,0,8/25/2022,0,225.24,29
3225,3226,Hunt Inc,Logistics,Latin America,4/3/2025,Free,11,0,4/19/2025,0,91.42,-39
3226,3227,"King, Mueller and Rojas",Technology,Latin America,7/8/2024,Pro,38,2,9/10/2024,0,1147.36,33
3227,3228,Miller Group,Manufacturing,North America,6/6/2024,Free,10,2,8/31/2024,0,67.44,14
3228,3229,Escobar LLC,Retail,Europe,12/5/2024,Enterprise,47,3,4/26/2025,0,5317.91,46
3229,3230,Thompson Group,Technology,Latin America,5/1/2024,Pro,35,1,6/6/2024,0,1017.5,35
3230,3231,"Stevens, Fernandez and Higgins",Retail,Asia-Pacific,8/19/2025,Free,2,1,10/7/2025,1,9.67,-50
3231,3232,Duncan-Phelps,Manufacturing,Europe,11/26/2022,Pro,37,4,12/25/2022,0,1074.99,-7
3232,3233,Rojas Inc,Logistics,Europe,2/9/2026,Free,4,0,3/30/2026,1,23.02,-22
3233,3234,Doyle-Weaver,Technology,North America,4/2/2024,Enterprise,38,3,5/14/2024,0,5171.65,48
3234,3235,"Wise, Williams and Turner",Manufacturing,Latin America,11/7/2025,Basic,17,0,11/25/2025,0,309.59,23
3235,3236,"Hernandez, Macias and Evans",Manufacturing,Europe,5/17/2025,Free,5,0,6/15/2025,1,18.83,-38
3236,3237,"Chen, Nguyen and Gilmore",Healthcare,Asia-Pacific,10/1/2025,Enterprise,52,1,10/12/2025,0,5147.89,56
3237,3238,"Glass, Harris and Clark",Finance,Europe,3/17/2026,Free,2,0,4/11/2026,1,14.43,-24
3238,3239,Robles-Salas,Manufacturing,North America,9/28/2023,Free,6,0,1/23/2024,1,53.91,13
3239,3240,Duran and Sons,Finance,Europe,2/27/2024,Enterprise,60,2,3/13/2024,0,5223.86,53
3240,3241,Gibson PLC,Healthcare,North America,7/29/2022,Free,3,1,12/23/2022,1,19.99,3
3241,3242,Smith-Perry,Logistics,North America,10/28/2023,Basic,20,1,11/15/2023,0,394.78,22
3242,3243,"Gardner, Barker and Douglas",Logistics,North America,10/13/2024,Enterprise,46,1,2/11/2025,0,5173.02,65
3243,3244,Mendez Group,Logistics,North America,7/12/2023,Free,6,0,11/7/2023,1,30.75,-11
3244,3245,Peterson LLC,Retail,North America,8/10/2022,Enterprise,45,2,10/8/2022,0,5222,49
3245,3246,Luna-Thomas,Retail,Europe,11/5/2023,Pro,28,2,1/1/2024,0,1048.72,51
3246,3247,"Zimmerman, Johnson and Smith",Technology,North America,5/28/2025,Basic,18,0,7/16/2025,0,253.92,9
3247,3248,"Simmons, Smith and Morris",Finance,Asia-Pacific,1/6/2023,Basic,18,1,4/20/2023,0,348.9,-8
3248,3249,"Willis, Mcmahon and Gomez",Retail,Europe,1/11/2026,Pro,29,1,1/26/2026,0,1078.81,52
3249,3250,"Douglas, Johnson and Higgins",Healthcare,North America,12/25/2022,Basic,16,0,2/6/2023,0,328.88,58
3250,3251,"Welch, Jones and Fletcher",Logistics,North America,8/29/2024,Enterprise,46,1,9/7/2024,0,5254.49,37
3251,3252,"Thompson, Lynch and Bradley",Healthcare,Europe,8/31/2024,Free,2,1,12/18/2024,1,9.13,29
3252,3253,"Davis, Tate and Dean",Manufacturing,North America,8/8/2022,Basic,14,1,11/9/2022,0,309.19,-18
3253,3254,"Duncan, Rivera and Ayers",Technology,North America,2/16/2024,Basic,14,2,3/21/2024,0,289.31,59
3254,3255,"Jones, James and Dillon",Retail,North America,12/29/2023,Enterprise,41,4,2/24/2024,0,5142.19,38
3255,3256,Garcia Group,Manufacturing,North America,10/26/2025,Free,7,0,11/18/2025,1,57.52,31
3256,3257,Mccormick Inc,Retail,North America,8/4/2022,Free,5,0,9/17/2022,1,49.46,-43
3257,3258,Cantu-Hernandez,Logistics,Asia-Pacific,11/20/2024,Free,3,0,12/21/2024,1,13.18,17
3258,3259,Thompson-Davis,Logistics,Europe,12/25/2025,Enterprise,56,5,2/15/2026,0,5244.57,61
3259,3260,Woods-Mclaughlin,Manufacturing,Latin America,12/16/2025,Basic,10,0,2/1/2026,0,224.04,-3
3260,3261,Nelson-Browning,Finance,Europe,10/21/2022,Basic,17,2,2/12/2023,0,242.16,-5
3261,3262,Mitchell-Williams,Retail,Asia-Pacific,5/25/2022,Basic,13,0,6/28/2022,0,272.35,-15
3262,3263,"Ward, Roach and Cox",Retail,North America,3/13/2025,Free,6,1,3/17/2025,1,37.33,-5
3263,3264,"Hughes, Baker and Davis",Retail,Europe,1/20/2024,Basic,10,0,3/7/2024,0,248.64,12
3264,3265,"Peters, Kaufman and Green",Healthcare,Europe,8/20/2024,Pro,29,2,12/18/2024,0,900.61,37
3265,3266,Schultz Inc,Healthcare,Asia-Pacific,10/14/2023,Free,8,0,12/12/2023,0,65.95,9
3266,3267,"Beard, Williams and Santos",Logistics,North America,5/28/2025,Basic,19,0,6/7/2025,0,379.54,39
3267,3268,Tate-Hudson,Technology,North America,4/9/2023,Free,5,0,4/24/2023,1,36.28,51
3268,3269,"Wagner, Marshall and Rojas",Manufacturing,North America,9/9/2023,Pro,38,4,12/15/2023,0,1031.34,32
3269,3270,Adams-Ross,Finance,Latin America,11/19/2022,Free,3,0,11/19/2022,1,8.49,49
3270,3271,"Ford, Miller and Singleton",Finance,North America,12/25/2023,Free,2,0,4/11/2024,1,16.23,4
3271,3272,Macias-Williams,Healthcare,North America,6/2/2022,Basic,6,0,12/26/2022,1,244.09,10
3272,3273,Jones Group,Technology,North America,2/22/2026,Enterprise,56,2,3/13/2026,0,5233.33,80
3273,3274,Hines-Benson,Manufacturing,North America,10/30/2024,Pro,34,3,3/3/2025,0,1022.95,42
3274,3275,"Medina, Mason and Carson",Technology,North America,2/17/2024,Free,5,0,3/30/2024,1,28.42,-21
3275,3276,Johnson PLC,Manufacturing,Asia-Pacific,10/11/2023,Basic,17,1,3/27/2024,0,365.76,56
3276,3277,Deleon-Dickerson,Retail,North America,10/28/2022,Basic,16,1,12/13/2022,0,259.05,42
3277,3278,Alvarado Group,Manufacturing,Europe,4/19/2025,Free,7,0,7/1/2025,1,55.1,-18
3278,3279,Woods Ltd,Retail,Europe,6/20/2023,Free,2,0,4/10/2024,1,14.77,-25
3279,3280,Lara-Pena,Finance,Europe,4/4/2023,Free,2,0,7/8/2023,1,16.82,15
3280,3281,Mcmillan-Galloway,Logistics,Europe,5/16/2025,Free,8,0,6/26/2025,0,64.32,5
3281,3282,Miller-Lane,Healthcare,North America,9/24/2024,Free,3,1,10/19/2024,1,18.59,56
3282,3283,Ruiz-Jones,Healthcare,North America,5/4/2023,Basic,15,1,6/12/2023,0,256.41,-11
3283,3284,Clements LLC,Retail,Europe,7/10/2023,Free,6,0,9/23/2023,1,46.06,-1
3284,3285,"Rivera, Levine and Payne",Finance,North America,12/31/2022,Pro,20,1,1/5/2023,0,852.83,53
3285,3286,Sandoval PLC,Manufacturing,Europe,5/30/2022,Basic,10,0,9/10/2022,0,294.72,77
3286,3287,"Padilla, Fitzpatrick and Hunter",Retail,North America,9/6/2023,Free,6,1,11/24/2023,1,54,0
3287,3288,Smith-Guerrero,Manufacturing,North America,6/17/2022,Pro,28,0,2/17/2023,0,930.31,50
3288,3289,Lewis and Sons,Healthcare,Asia-Pacific,7/18/2025,Free,2,0,11/8/2025,1,5.51,-47
3289,3290,Figueroa-Sandoval,Healthcare,North America,6/15/2024,Pro,32,1,6/26/2024,0,876.22,28
3290,3291,Rivera-Cooper,Logistics,North America,6/18/2024,Enterprise,39,6,7/12/2024,0,5101.18,36
3291,3292,Johnson-Schaefer,Manufacturing,Europe,12/26/2022,Free,6,0,1/9/2023,1,19.49,-8
3292,3293,"Murray, Fernandez and Larsen",Finance,Europe,12/27/2022,Pro,22,1,1/6/2023,0,978.95,57
3293,3294,Hamilton-Weaver,Finance,North America,7/29/2023,Enterprise,64,3,8/6/2023,0,5419.35,59
3294,3295,"Miller, Hall and Carson",Manufacturing,North America,11/16/2025,Basic,10,1,11/20/2025,0,295.51,41
3295,3296,"Gutierrez, Scott and Martinez",Manufacturing,North America,4/15/2026,Free,7,0,4/24/2026,1,24.38,33
3296,3297,Calderon Group,Logistics,North America,11/11/2025,Basic,18,2,12/30/2025,0,327.15,0
3297,3298,Moore PLC,Technology,North America,8/20/2025,Basic,15,1,8/31/2025,0,231.17,15
3298,3299,Woods PLC,Retail,North America,4/16/2026,Pro,27,0,8/26/2026,0,859.89,56
3299,3300,"Erickson, Watson and Robertson",Technology,Asia-Pacific,12/17/2023,Basic,6,0,3/16/2024,1,253.55,40
3300,3301,"Kelly, Howard and Williams",Finance,Latin America,1/16/2025,Free,9,0,3/31/2025,0,33.48,-26
3301,3302,Foley-Stone,Finance,Asia-Pacific,9/4/2023,Basic,12,0,9/4/2023,0,311.07,11
3302,3303,"Robinson, Thomas and Thomas",Technology,North America,9/14/2023,Enterprise,56,4,11/2/2023,0,5342.36,50
3303,3304,George LLC,Technology,Europe,10/2/2022,Pro,30,1,10/28/2022,0,1086.88,80
3304,3305,Rodriguez-Oconnor,Manufacturing,Europe,4/11/2024,Basic,19,1,5/19/2024,0,341.89,9
3305,3306,Powell-Robertson,Retail,North America,8/10/2024,Free,3,0,10/13/2024,1,7.68,-2
3306,3307,"Hoover, Murray and Gonzalez",Logistics,Latin America,10/30/2022,Enterprise,50,4,11/8/2022,0,5447.18,68
3307,3308,Dougherty PLC,Retail,Asia-Pacific,12/17/2024,Basic,11,1,1/28/2025,0,258.47,10
3308,3309,Wilson-Pierce,Logistics,Asia-Pacific,7/15/2022,Basic,14,0,8/12/2022,0,278.8,36
3309,3310,Daniels Inc,Technology,Europe,2/25/2024,Enterprise,47,2,2/28/2024,0,5285.75,45
3310,3311,Smith LLC,Healthcare,North America,10/25/2023,Basic,14,1,11/25/2023,0,291.43,57
3311,3312,David Group,Retail,North America,6/13/2024,Free,1,0,6/21/2024,1,5.13,47
3312,3313,"Mosley, Gibbs and Kelly",Healthcare,Europe,7/30/2023,Free,4,0,10/24/2023,1,24.64,33
3313,3314,Campbell LLC,Logistics,North America,3/26/2025,Pro,30,1,7/9/2025,0,993.24,53
3314,3315,Morales-Barton,Healthcare,North America,10/16/2022,Pro,36,3,10/24/2022,0,1137.42,58
3315,3316,"Daniel, Lee and Freeman",Technology,North America,10/13/2023,Free,2,0,1/10/2024,1,18.96,2
3316,3317,Williams and Sons,Logistics,North America,10/4/2023,Free,6,0,10/16/2023,1,13.59,21
3317,3318,Sloan PLC,Retail,Europe,3/14/2023,Basic,16,0,5/28/2023,0,310.54,37
3318,3319,Hernandez-Washington,Retail,Europe,6/7/2022,Basic,14,1,7/15/2022,0,255.12,17
3319,3320,Gray-Hill,Healthcare,North America,3/13/2026,Enterprise,61,1,5/27/2026,0,5548.99,57
3320,3321,Curtis Group,Retail,Europe,12/21/2025,Enterprise,65,6,1/15/2026,0,5585.7,42
3321,3322,"Flores, Torres and Hutchinson",Technology,North America,4/12/2025,Basic,8,2,5/2/2025,0,274.24,7
3322,3323,"Sanchez, Kennedy and Miller",Technology,Europe,4/8/2026,Basic,17,1,7/25/2026,0,277.89,-4
3323,3324,Smith-Carson,Logistics,Europe,2/15/2024,Free,3,1,3/5/2024,1,29.56,-4
3324,3325,"Vazquez, Dean and Everett",Logistics,Asia-Pacific,11/20/2025,Free,3,1,12/2/2025,1,12.94,18
3325,3326,Ward-Cannon,Manufacturing,North America,12/10/2025,Enterprise,42,0,2/2/2026,0,5094.95,61
3326,3327,Brown PLC,Healthcare,North America,12/4/2025,Basic,19,0,1/11/2026,0,282.24,-23
3327,3328,"Copeland, Elliott and Smith",Finance,North America,5/21/2024,Free,6,1,8/15/2024,1,23.72,-8
3328,3329,Brooks and Sons,Retail,North America,6/2/2024,Free,3,0,6/8/2024,1,18.29,23
3329,3330,Watkins LLC,Retail,North America,6/9/2023,Basic,11,0,7/24/2023,0,254.04,59
3330,3331,Wood Inc,Logistics,North America,8/13/2024,Pro,20,0,8/23/2024,0,975.27,35
3331,3332,Pratt-Roberts,Technology,Latin America,4/10/2026,Free,9,1,11/6/2026,0,71.41,31
3332,3333,"Mcdonald, Mahoney and Ferrell",Healthcare,North America,2/21/2024,Basic,11,0,3/29/2024,0,289.5,10
3333,3334,Anderson-Fletcher,Technology,North America,2/27/2025,Free,3,0,3/10/2025,1,18.86,6
3334,3335,Castillo-Ray,Finance,Asia-Pacific,7/7/2025,Basic,17,1,8/23/2025,0,262.98,21
3335,3336,Bass-Butler,Retail,Latin America,6/26/2024,Pro,30,0,8/16/2024,0,940.06,23
3336,3337,Barr-Bradley,Retail,Europe,1/2/2024,Basic,11,0,2/16/2024,0,235.79,70
3337,3338,Salazar-Cervantes,Technology,North America,4/7/2023,Pro,34,1,7/16/2023,0,912.9,73
3338,3339,Myers-Foster,Healthcare,North America,2/7/2026,Basic,10,0,3/31/2026,0,275.46,18
3339,3340,"Powers, Lewis and Juarez",Finance,North America,10/24/2023,Basic,19,0,11/25/2023,0,381.77,56
3340,3341,Cooper-Mathews,Manufacturing,North America,4/20/2026,Pro,33,2,5/12/2026,0,1103.46,60
3341,3342,Alvarez Ltd,Technology,North America,7/19/2023,Free,3,1,8/11/2023,1,20.86,-19
3342,3343,"Davis, Robinson and Taylor",Technology,Asia-Pacific,1/11/2026,Free,4,0,1/31/2026,1,24.43,6
3343,3344,Davis Inc,Logistics,Asia-Pacific,3/21/2026,Free,2,0,3/23/2026,1,7.96,34
3344,3345,Flores Group,Healthcare,North America,5/4/2024,Free,1,0,8/30/2024,1,6.44,-4
3345,3346,Benson-King,Finance,North America,4/15/2026,Free,3,0,7/28/2026,1,6.27,19
3346,3347,"Barton, Reyes and Keller",Healthcare,North America,2/20/2026,Free,5,1,6/24/2026,1,23.07,32
3347,3348,Reyes-Rogers,Technology,Europe,10/15/2025,Basic,24,3,11/6/2025,0,287.36,28
3348,3349,Banks Ltd,Finance,North America,6/21/2025,Pro,37,1,8/22/2025,0,926.19,70
3349,3350,Powell and Sons,Healthcare,North America,7/3/2022,Free,4,0,7/10/2022,1,17.9,7
3350,3351,Anderson and Sons,Finance,Europe,1/30/2023,Pro,26,0,3/9/2023,0,874.18,65
3351,3352,Diaz-Bell,Healthcare,North America,9/28/2022,Free,6,0,10/29/2022,1,35.77,-8
3352,3353,Walter-Thompson,Technology,North America,7/12/2025,Enterprise,46,1,10/30/2025,0,5282.98,56
3353,3354,Sanchez-Gordon,Healthcare,North America,12/5/2022,Pro,31,1,12/14/2022,0,1008.19,53
3354,3355,"Montes, Scott and Bond",Healthcare,North America,11/2/2022,Pro,39,2,12/14/2022,0,966.84,22
3355,3356,"Stewart, Jacobs and Castaneda",Finance,North America,2/11/2025,Pro,15,0,4/25/2025,0,862.04,37
3356,3357,Jones-Russell,Healthcare,Europe,11/11/2025,Pro,38,2,1/24/2026,0,1158.8,-3
3357,3358,Leach-Myers,Manufacturing,North America,12/29/2025,Free,6,1,1/7/2026,1,31.74,38
3358,3359,Cardenas-Barrera,Healthcare,North America,3/22/2026,Basic,8,1,5/22/2026,0,224.31,51
3359,3360,"Gonzalez, Wallace and Wilson",Healthcare,Europe,4/8/2025,Enterprise,34,1,5/2/2025,0,5145.26,61
3360,3361,Gonzales-Anderson,Logistics,North America,10/29/2025,Pro,26,1,11/16/2025,0,946.55,30
3361,3362,Anderson-Wells,Retail,North America,2/26/2026,Free,8,1,9/18/2026,0,35.47,8
3362,3363,Contreras-Anderson,Logistics,Latin America,12/16/2022,Pro,28,0,1/4/2023,0,898.21,51
3363,3364,Andrews-Espinoza,Retail,Europe,10/10/2022,Basic,13,0,12/17/2022,0,259.89,-5
3364,3365,Black-Kirk,Finance,North America,6/28/2022,Free,3,0,9/6/2022,1,19.96,-4
3365,3366,Suarez LLC,Logistics,Europe,5/2/2025,Basic,16,1,5/14/2025,0,290.3,19
3366,3367,Stark-Burnett,Retail,North America,2/5/2023,Basic,17,1,2/7/2023,0,363.08,24
3367,3368,"Caldwell, Torres and Weaver",Finance,Latin America,3/7/2024,Pro,34,3,4/9/2024,0,1117.87,13
3368,3369,"Bradley, Mclaughlin and Raymond",Manufacturing,North America,8/16/2024,Free,3,1,10/31/2024,1,12.49,-12
3369,3370,Smith-Ortiz,Logistics,Europe,10/27/2024,Pro,34,0,11/12/2024,0,894.16,23
3370,3371,Fletcher Inc,Manufacturing,Europe,11/25/2025,Free,3,0,11/26/2025,1,13.31,-3
3371,3372,Blair-Jacobs,Healthcare,Europe,4/9/2024,Free,3,0,4/16/2024,1,27.42,42
3372,3373,Daniels Ltd,Finance,Europe,11/30/2025,Free,9,1,3/12/2026,0,82.09,-19
3373,3374,Sweeney and Sons,Finance,North America,10/10/2025,Basic,19,1,12/17/2025,0,325.21,-13
3374,3375,"Wood, Stone and Duncan",Manufacturing,Asia-Pacific,11/2/2022,Basic,11,0,11/17/2022,0,302.19,11
3375,3376,"Doyle, Morton and Howell",Manufacturing,North America,2/11/2023,Free,3,0,2/21/2023,1,22.53,17
3376,3377,"Kim, Luna and Grant",Finance,North America,11/7/2025,Basic,13,0,4/12/2026,0,324.72,82
3377,3378,"Johnson, Newman and Jordan",Technology,Europe,9/26/2025,Basic,19,0,9/29/2025,0,369.93,28
3378,3379,Harrison LLC,Retail,North America,9/26/2022,Basic,14,0,2/4/2023,0,283.57,-15
3379,3380,Griffin-Knapp,Logistics,North America,5/28/2023,Basic,16,0,8/15/2023,0,320.58,42
3380,3381,"Thornton, Collins and Davis",Logistics,North America,8/2/2023,Enterprise,49,3,11/13/2023,0,5474.74,37
3381,3382,Reese and Sons,Finance,Latin America,7/28/2025,Enterprise,57,3,8/14/2025,0,5242.54,56
3382,3383,Wright LLC,Retail,North America,7/19/2025,Pro,21,0,10/6/2025,0,888.14,67
3383,3384,"Vaughn, Hammond and Parsons",Finance,Europe,10/25/2025,Free,5,0,11/5/2025,1,31.01,-20
3384,3385,"Ramos, Welch and Martin",Manufacturing,Asia-Pacific,6/16/2025,Free,3,0,7/21/2025,1,14.57,16
3385,3386,Rogers and Sons,Healthcare,North America,10/12/2023,Pro,34,0,10/19/2023,0,1097.09,6
3386,3387,Garrett Group,Retail,North America,8/28/2025,Free,8,2,9/17/2025,0,19.54,7
3387,3388,"Harris, Jones and Dixon",Retail,Asia-Pacific,1/7/2023,Enterprise,54,1,2/15/2023,0,5414.66,47
3388,3389,Vasquez-Good,Logistics,Europe,12/19/2024,Pro,31,3,1/20/2025,0,1073.16,63
3389,3390,"Perez, Camacho and Brown",Technology,Asia-Pacific,12/9/2025,Enterprise,54,1,2/5/2026,0,5127.63,66
3390,3391,Rodriguez-Collins,Healthcare,Europe,9/24/2022,Pro,21,1,10/11/2022,0,932.87,6
3391,3392,"Keller, Williams and Wilson",Healthcare,Europe,11/29/2025,Enterprise,43,0,12/18/2025,0,5176.95,40
3392,3393,Thompson-Gonzalez,Technology,Europe,2/17/2024,Pro,31,2,3/16/2024,0,983.59,56
3393,3394,Caldwell-Gonzalez,Manufacturing,North America,8/18/2025,Pro,44,0,9/30/2025,0,919.26,33
3394,3395,"Reed, Montes and Moody",Retail,Europe,2/10/2025,Free,5,0,4/30/2025,1,42.23,-18
3395,3396,"Howard, Lester and Decker",Manufacturing,North America,3/27/2024,Basic,15,1,4/15/2024,0,349.93,8
3396,3397,Sanchez LLC,Finance,Europe,1/15/2026,Pro,35,0,3/17/2026,0,1121.16,24
3397,3398,Hansen-Wilcox,Finance,Asia-Pacific,11/21/2024,Pro,28,3,11/22/2024,0,1076.11,74
3398,3399,Baxter and Sons,Technology,North America,8/18/2023,Enterprise,56,2,9/1/2023,0,5180.67,66
3399,3400,"Soto, Richardson and Banks",Healthcare,Asia-Pacific,8/27/2025,Pro,32,2,12/14/2025,0,945.59,88
3400,3401,Smith PLC,Retail,Latin America,8/29/2024,Pro,14,0,10/3/2024,0,882.35,56
3401,3402,Taylor Inc,Finance,North America,8/4/2023,Basic,10,1,8/4/2023,0,234.18,14
3402,3403,Ellison LLC,Finance,North America,8/5/2025,Free,6,0,8/5/2025,1,48.24,27
3403,3404,Malone-Miller,Healthcare,Europe,8/13/2025,Basic,15,0,9/20/2025,0,276.26,11
3404,3405,Taylor-Johnson,Retail,North America,3/1/2023,Enterprise,44,1,4/8/2023,0,5194.09,31
3405,3406,Berry-Hernandez,Finance,North America,3/29/2026,Free,8,0,4/11/2026,0,78.54,-9
3406,3407,Baker Ltd,Retail,Europe,11/29/2024,Pro,28,0,4/3/2025,0,970.2,21
3407,3408,Baker and Sons,Technology,Asia-Pacific,1/30/2026,Pro,39,1,2/14/2026,0,1066.52,60
3408,3409,Cantu-Perry,Logistics,Europe,8/25/2025,Free,2,0,9/18/2025,1,16.09,-40
3409,3410,Rollins Ltd,Technology,North America,10/31/2022,Basic,12,1,11/30/2022,0,312.4,-32
3410,3411,Carpenter and Sons,Retail,Europe,6/17/2023,Enterprise,56,5,10/23/2023,0,5409.18,67
3411,3412,Sims-Cox,Technology,North America,5/13/2026,Free,3,0,5/20/2026,1,23.87,-31
3412,3413,Hernandez-Hill,Logistics,Europe,7/2/2023,Basic,21,2,7/8/2023,0,309.01,-7
3413,3414,"Haas, Brown and Moody",Retail,Europe,1/6/2023,Pro,37,1,3/31/2023,0,903.95,63
3414,3415,"Oliver, Spencer and Dean",Manufacturing,Europe,4/17/2026,Basic,19,3,6/5/2026,0,354.83,48
3415,3416,"Church, Faulkner and Wright",Finance,North America,2/27/2026,Free,6,0,2/28/2026,1,40.87,25
3416,3417,Smith-Davis,Healthcare,Europe,12/10/2022,Free,5,0,5/8/2023,1,23.33,35
3417,3418,Martinez-Robbins,Retail,Europe,9/4/2024,Free,3,0,9/13/2024,1,21.5,17
3418,3419,"Herman, Hill and Smith",Healthcare,North America,10/2/2024,Pro,32,1,11/17/2024,0,1119.93,72
3419,3420,Welch-Williamson,Healthcare,North America,8/2/2022,Free,6,0,8/18/2022,1,42.36,24
3420,3421,Mitchell LLC,Retail,North America,4/8/2024,Free,4,1,6/10/2024,1,13.53,41
3421,3422,Lopez-Carpenter,Healthcare,Asia-Pacific,5/16/2025,Free,4,0,9/10/2025,1,38.21,3
3422,3423,Garcia-Hernandez,Healthcare,North America,1/8/2026,Free,2,1,3/3/2026,1,7.69,-10
3423,3424,Miller-Anderson,Technology,Europe,2/18/2025,Basic,15,0,3/2/2025,0,322.15,37
3424,3425,Montgomery-Thomas,Retail,Europe,10/24/2024,Enterprise,48,3,10/26/2024,0,5268.84,68
3425,3426,Baker-Padilla,Logistics,Latin America,4/2/2026,Free,7,0,5/14/2026,1,35.16,-34
3426,3427,Montgomery Group,Manufacturing,Asia-Pacific,11/23/2023,Basic,11,0,12/5/2023,0,264.94,-12
3427,3428,Arnold-Sharp,Healthcare,Asia-Pacific,6/27/2023,Basic,15,1,7/8/2023,0,320.28,20
3428,3429,Evans PLC,Finance,Europe,3/28/2023,Basic,14,0,6/21/2023,0,234.04,35
3429,3430,David-Hayes,Healthcare,Asia-Pacific,9/7/2023,Free,1,0,9/24/2023,1,2.94,0
3430,3431,"Alvarez, Abbott and Silva",Retail,Europe,11/6/2023,Free,7,0,11/24/2023,1,21.51,-18
3431,3432,Hester-Foster,Retail,North America,11/17/2022,Pro,26,3,11/22/2022,0,1056.73,84
3432,3433,"Moran, Alvarez and Patel",Logistics,Asia-Pacific,6/11/2022,Enterprise,42,1,7/23/2022,0,5381.63,51
3433,3434,Leach Inc,Technology,North America,8/24/2025,Free,5,1,10/16/2025,1,49.43,20
3434,3435,Higgins Ltd,Technology,Asia-Pacific,5/14/2022,Basic,17,0,5/19/2022,0,263.78,31
3435,3436,Pacheco and Sons,Healthcare,Asia-Pacific,12/22/2025,Free,4,0,12/22/2025,1,17.7,4
3436,3437,Perez-Reynolds,Finance,Europe,3/2/2023,Basic,13,1,3/4/2023,0,262.16,-34
3437,3438,"Schultz, Flynn and Johnson",Logistics,Asia-Pacific,6/19/2022,Free,4,0,5/11/2023,1,36.28,31
3438,3439,Garcia Ltd,Manufacturing,North America,1/19/2023,Free,3,0,1/28/2023,1,6.01,0
3439,3440,Payne-Owens,Technology,Latin America,8/12/2023,Basic,13,1,12/22/2023,0,263.76,45
3440,3441,Long and Sons,Logistics,Europe,4/15/2023,Pro,21,0,4/24/2023,0,845.53,63
3441,3442,"Walters, Nelson and Ellis",Finance,North America,8/28/2022,Basic,8,0,8/31/2022,0,265.76,-14
3442,3443,Moore Group,Retail,Asia-Pacific,2/24/2025,Basic,13,1,3/25/2025,0,232.16,-21
3443,3444,Mclaughlin-Wolf,Healthcare,North America,9/18/2024,Enterprise,42,4,3/14/2025,0,5201.41,51
3444,3445,Mendoza and Sons,Logistics,North America,5/17/2023,Free,4,0,7/11/2023,1,35,1
3445,3446,Jarvis-Gaines,Technology,Europe,1/12/2023,Pro,32,0,1/14/2023,0,1038.93,22
3446,3447,Goodwin-Webb,Retail,North America,11/29/2022,Free,4,0,1/2/2023,1,33.89,2
3447,3448,Gray and Sons,Logistics,Asia-Pacific,10/23/2022,Pro,24,0,11/5/2022,0,848.11,14
3448,3449,Camacho-Key,Logistics,North America,12/13/2023,Basic,14,1,12/31/2023,0,306.28,48
3449,3450,Townsend-Lewis,Technology,North America,5/19/2025,Free,7,0,6/8/2025,1,23.98,-41
3450,3451,Estrada Group,Logistics,North America,12/5/2024,Enterprise,49,2,8/27/2025,0,5156.64,54
3451,3452,"Tate, Anderson and Miles",Logistics,Europe,1/18/2025,Pro,26,0,1/20/2025,0,889.35,62
3452,3453,Gould-Banks,Retail,North America,12/18/2023,Pro,26,1,3/16/2024,0,936.35,49
3453,3454,Baker and Sons,Retail,Latin America,4/28/2024,Basic,14,0,5/2/2024,0,323.48,85
3454,3455,Howard and Sons,Retail,North America,9/19/2025,Free,3,0,11/11/2025,1,7.96,-42
3455,3456,"Hartman, Wagner and Johnson",Technology,Europe,2/25/2025,Free,5,0,3/18/2025,1,26.48,-58
3456,3457,"Willis, Roberts and Sharp",Manufacturing,Europe,7/24/2024,Free,4,0,8/7/2024,1,10.67,-11
3457,3458,Black-Wells,Healthcare,Asia-Pacific,1/31/2023,Basic,7,1,3/10/2023,1,241.46,44
3458,3459,Cuevas Ltd,Manufacturing,North America,8/13/2024,Free,6,0,9/27/2024,1,42,-32
3459,3460,"Willis, Gaines and Jimenez",Finance,Asia-Pacific,6/27/2022,Pro,35,1,6/29/2022,0,875.86,37
3460,3461,Gaines-Carter,Technology,North America,8/10/2024,Free,7,0,9/11/2024,1,53.5,-3
3461,3462,Bass Group,Manufacturing,Asia-Pacific,2/11/2025,Free,2,0,2/26/2025,1,8.85,14
3462,3463,Hill LLC,Technology,Asia-Pacific,1/27/2024,Pro,37,0,1/27/2024,0,890.23,39
3463,3464,Hurley-Smith,Healthcare,Europe,10/15/2024,Free,8,1,12/20/2024,0,63.04,-31
3464,3465,Blanchard-Johnson,Technology,North America,11/25/2025,Free,6,1,3/10/2026,1,52.31,-27
3465,3466,Moore Ltd,Retail,Asia-Pacific,4/28/2024,Free,11,2,5/15/2024,0,105.6,74
3466,3467,Wilson PLC,Finance,Asia-Pacific,7/1/2023,Pro,31,1,7/4/2023,0,1049.64,45
3467,3468,"Ryan, Brown and Bryant",Healthcare,Europe,12/20/2024,Enterprise,40,4,1/14/2025,0,5295.49,49
3468,3469,Barnes Inc,Retail,North America,3/14/2024,Basic,16,0,3/27/2024,0,266.28,58
3469,3470,Saunders-Bates,Retail,Europe,10/7/2023,Basic,16,1,11/10/2023,0,339.58,-15
3470,3471,Casey Ltd,Logistics,Europe,6/7/2024,Free,5,0,6/20/2024,1,43.19,-15
3471,3472,Bird LLC,Technology,Asia-Pacific,12/9/2024,Enterprise,63,3,1/7/2025,0,5322.65,58
3472,3473,Lynch-Allison,Finance,North America,10/16/2023,Basic,11,0,10/29/2023,0,307.68,-25
3473,3474,Harris-Ayala,Finance,Asia-Pacific,4/14/2024,Free,10,1,6/14/2024,0,93.53,-14
3474,3475,Morales PLC,Retail,Asia-Pacific,11/17/2023,Free,7,1,4/4/2024,1,46.23,-35
3475,3476,Benjamin LLC,Healthcare,Europe,8/26/2025,Enterprise,53,3,9/23/2025,0,5520.4,66
3476,3477,"Watts, Mora and Leonard",Technology,Europe,10/6/2024,Free,8,2,10/13/2024,0,79.33,-31
3477,3478,Joyce-Vaughn,Healthcare,Europe,12/23/2023,Pro,21,2,12/26/2023,0,962.23,18
3478,3479,Lopez-Ramirez,Retail,North America,4/16/2023,Basic,11,1,5/3/2023,0,222.06,10
3479,3480,"Wyatt, Edwards and Alexander",Retail,North America,7/3/2025,Pro,31,3,7/10/2025,0,864.6,22
3480,3481,"Smith, Morrow and Harris",Retail,North America,7/22/2025,Free,7,0,12/6/2025,1,50.6,-15
3481,3482,"Thompson, Butler and Johnson",Manufacturing,Latin America,5/6/2025,Free,4,0,7/28/2025,1,15.84,-12
3482,3483,Vaughn-James,Retail,Asia-Pacific,6/17/2024,Free,2,0,7/6/2024,1,6.47,28
3483,3484,Black-Dixon,Healthcare,North America,3/11/2026,Free,3,1,3/12/2026,1,7.39,1
3484,3485,Wilson and Sons,Logistics,North America,3/8/2023,Pro,34,2,3/23/2023,0,1060.54,41
3485,3486,"Harrell, Cunningham and Rangel",Manufacturing,North America,1/4/2025,Free,4,0,5/19/2025,1,31.2,-2
3486,3487,"Gregory, Roman and Boone",Finance,North America,12/23/2025,Free,3,0,4/16/2026,1,15.33,-42
3487,3488,Gray and Sons,Finance,Europe,3/25/2026,Basic,20,1,4/29/2026,0,360.19,45
3488,3489,Parks-Green,Technology,Asia-Pacific,4/20/2025,Pro,28,5,4/25/2025,0,942.82,52
3489,3490,Stuart LLC,Healthcare,North America,9/6/2024,Basic,20,1,2/9/2025,0,397.41,4
3490,3491,White-Cox,Technology,Europe,11/23/2025,Basic,12,0,11/29/2025,0,291.29,3
3491,3492,Hill Inc,Logistics,North America,6/20/2022,Pro,30,2,8/6/2022,0,906.09,36
3492,3493,Simmons Group,Manufacturing,North America,6/5/2022,Basic,10,0,6/14/2022,0,288.26,-30
3493,3494,Cobb PLC,Logistics,Latin America,9/28/2022,Free,3,1,10/5/2022,1,20.49,51
3494,3495,"Davis, Hernandez and Roth",Manufacturing,North America,3/11/2025,Basic,11,0,5/23/2025,0,282.33,5
3495,3496,Evans-Frye,Manufacturing,North America,2/3/2026,Free,3,0,4/27/2026,1,26.84,-18
3496,3497,Pennington-Hernandez,Manufacturing,Latin America,2/5/2023,Enterprise,43,1,4/18/2023,0,5106.78,62
3497,3498,Ellis-Gomez,Retail,Latin America,2/24/2023,Pro,28,0,3/5/2023,0,1002.52,26
3498,3499,Gonzalez Ltd,Technology,North America,7/31/2023,Pro,24,0,8/4/2023,0,848.76,35
3499,3500,"Ward, Carter and Lambert",Healthcare,North America,1/5/2025,Basic,15,1,1/29/2025,0,347.34,50
3500,3501,Jones PLC,Retail,Asia-Pacific,3/5/2025,Pro,23,1,4/7/2025,0,995.28,29
3501,3502,Henry LLC,Manufacturing,North America,3/6/2023,Free,3,0,3/10/2023,1,14.33,5
3502,3503,"Fleming, Stephens and Henson",Manufacturing,Europe,12/31/2025,Pro,26,2,3/2/2026,0,963.87,67
3503,3504,Tucker-Wells,Technology,Europe,9/10/2023,Basic,13,1,10/25/2023,0,270.37,26
3504,3505,House PLC,Logistics,North America,11/6/2025,Free,7,1,12/6/2025,1,39.98,37
3505,3506,Mccormick LLC,Logistics,North America,2/19/2023,Basic,16,2,5/27/2023,0,330.09,27
3506,3507,"Peters, Rivera and Frazier",Finance,Europe,6/28/2023,Pro,31,1,7/3/2023,0,862.62,25
3507,3508,Thomas Ltd,Logistics,Latin America,7/19/2024,Basic,11,0,8/25/2024,0,251.32,54
3508,3509,Todd-Russell,Manufacturing,Europe,11/2/2023,Free,5,0,11/28/2023,1,35.78,-3
3509,3510,Fletcher-Young,Logistics,Asia-Pacific,10/26/2024,Pro,25,1,3/14/2025,0,1022.43,23
3510,3511,Schmidt-Fisher,Logistics,Latin America,12/15/2023,Free,7,0,2/7/2024,1,43.33,15
3511,3512,Brown-Kaiser,Retail,Asia-Pacific,1/15/2024,Pro,27,0,3/7/2024,0,980.8,27
3512,3513,Freeman Inc,Healthcare,Europe,1/21/2023,Free,4,1,2/28/2023,1,31.58,18
3513,3514,Vaughn-Taylor,Logistics,North America,5/18/2022,Free,7,1,10/7/2022,1,15.98,83
3514,3515,"Jackson, Newman and Martinez",Logistics,Europe,8/30/2023,Free,5,0,9/4/2023,1,26.01,-16
3515,3516,"Schultz, Silva and Curtis",Logistics,North America,6/5/2023,Basic,13,1,8/4/2023,0,250.17,13
3516,3517,Smith PLC,Technology,Asia-Pacific,5/26/2025,Free,4,0,10/18/2025,1,34.86,-33
3517,3518,Martinez-Johnson,Logistics,North America,11/11/2024,Basic,14,1,12/14/2024,0,329.1,-9
3518,3519,Bailey PLC,Logistics,North America,7/23/2022,Basic,16,1,8/19/2022,0,248.38,25
3519,3520,"Hensley, Hernandez and Brooks",Healthcare,Asia-Pacific,3/28/2023,Basic,22,1,6/1/2023,0,271.93,68
3520,3521,Coleman-Espinoza,Healthcare,North America,8/23/2022,Enterprise,49,3,11/26/2022,0,5128.76,53
3521,3522,Joyce LLC,Technology,Asia-Pacific,9/28/2024,Basic,23,0,12/1/2024,0,327.36,31
3522,3523,Buchanan and Sons,Technology,North America,9/21/2022,Basic,10,1,10/3/2022,0,283.98,36
3523,3524,"Carey, Summers and Davis",Technology,Europe,12/2/2022,Free,8,0,2/6/2023,0,35.3,-15
3524,3525,Clark-Glover,Retail,Europe,7/1/2025,Basic,18,0,10/31/2025,0,265.6,5
3525,3526,"Rowland, Black and Terry",Technology,Europe,10/9/2023,Free,3,0,11/16/2023,1,29.62,-4
3526,3527,Sweeney Ltd,Manufacturing,North America,5/16/2024,Free,4,1,7/2/2024,1,11.67,19
3527,3528,White PLC,Finance,North America,12/10/2023,Basic,15,1,2/5/2024,0,250.11,35
3528,3529,Smith-Contreras,Healthcare,Europe,12/16/2025,Enterprise,46,1,12/26/2025,0,5420.04,57
3529,3530,Glass Inc,Retail,North America,6/16/2022,Pro,22,1,10/10/2022,0,860.76,45
3530,3531,"Blankenship, Wise and Thompson",Finance,North America,10/23/2022,Basic,16,1,10/30/2022,0,327.19,28
3531,3532,"Ramirez, Brown and Harrington",Retail,Europe,12/13/2024,Basic,11,0,12/29/2024,0,242.15,-22
3532,3533,Myers LLC,Logistics,Asia-Pacific,11/21/2024,Pro,32,1,11/21/2024,0,874.38,30
3533,3534,Fuentes Inc,Healthcare,Europe,3/21/2024,Basic,16,0,4/20/2024,0,240.18,0
3534,3535,"Cooke, Maddox and Whitney",Retail,North America,1/4/2023,Basic,14,2,4/5/2023,0,297.81,11
3535,3536,Harris Ltd,Retail,Asia-Pacific,7/26/2023,Basic,16,0,8/12/2023,0,331.2,14
3536,3537,Williams Inc,Healthcare,North America,4/29/2024,Free,2,0,10/29/2024,1,7.69,0
3537,3538,"Whitaker, Carey and Brown",Logistics,Asia-Pacific,6/30/2023,Enterprise,54,2,6/30/2023,0,5516.06,61
3538,3539,Miller-Wall,Finance,Asia-Pacific,10/19/2022,Free,2,0,1/2/2023,1,7.56,-28
3539,3540,"Hughes, Hubbard and Travis",Logistics,Asia-Pacific,5/17/2025,Free,5,0,9/27/2025,1,17.08,6
3540,3541,Welch Ltd,Healthcare,Europe,5/19/2025,Free,2,1,7/2/2025,1,9.72,-4
3541,3542,Weber-Li,Finance,North America,2/2/2024,Pro,31,1,2/3/2024,0,898.97,41
3542,3543,Lewis Inc,Manufacturing,North America,9/24/2022,Basic,17,3,10/14/2022,0,330.37,37
3543,3544,Hernandez-Beck,Finance,North America,7/1/2022,Basic,18,0,11/7/2022,0,348.91,36
3544,3545,Smith-Bowers,Retail,North America,5/22/2022,Free,4,0,5/29/2022,1,27.18,5
3545,3546,White and Sons,Healthcare,North America,10/19/2023,Basic,14,0,12/15/2023,0,320.15,61
3546,3547,"Byrd, Anderson and Jefferson",Logistics,Asia-Pacific,3/8/2023,Basic,10,1,3/10/2023,0,260.42,57
3547,3548,Sanchez PLC,Logistics,Asia-Pacific,2/21/2025,Free,5,0,4/30/2025,1,29.67,24
3548,3549,"Knapp, Myers and Mayo",Retail,Europe,4/12/2025,Free,4,0,6/9/2025,1,11.71,7
3549,3550,"Yang, Ruiz and Scott",Finance,North America,7/12/2024,Enterprise,53,0,8/7/2024,0,5126.94,58
3550,3551,Johnson-Santos,Healthcare,North America,12/29/2024,Pro,30,1,1/28/2025,0,1022.52,39
3551,3552,Simmons Ltd,Finance,North America,8/18/2024,Pro,36,3,10/15/2024,0,1091.99,21
3552,3553,Olson-Hernandez,Technology,Asia-Pacific,5/14/2022,Free,8,0,5/17/2022,0,30.11,6
3553,3554,Ramsey Inc,Finance,North America,10/11/2022,Basic,17,0,11/21/2022,0,251.88,13
3554,3555,"Fernandez, Erickson and Davis",Retail,North America,10/9/2025,Free,4,0,11/14/2025,1,37.32,-25
3555,3556,Henson PLC,Manufacturing,North America,4/21/2023,Free,5,0,5/9/2023,1,33.9,-41
3556,3557,"Hogan, Vega and Potts",Finance,Asia-Pacific,3/26/2025,Basic,14,0,6/11/2025,0,283.98,16
3557,3558,Knight-Alvarez,Manufacturing,Europe,10/25/2022,Enterprise,45,1,11/17/2022,0,5383.34,63
3558,3559,Green-Jennings,Logistics,North America,10/20/2023,Free,12,0,11/9/2023,0,119.14,-4
3559,3560,Quinn-Harris,Retail,Europe,12/23/2023,Free,9,0,1/31/2024,0,70.76,-32
3560,3561,Kelly-Miranda,Manufacturing,North America,7/29/2022,Free,3,0,8/27/2022,1,29.4,10
3561,3562,"Thomas, King and Mendoza",Retail,North America,5/21/2022,Basic,13,0,5/22/2022,0,298.2,-32
3562,3563,"Ramos, Wallace and Strickland",Healthcare,North America,9/22/2024,Basic,12,1,10/1/2024,0,279.74,3
3563,3564,Johnson-Jones,Manufacturing,Europe,8/1/2022,Basic,16,2,4/4/2023,0,243.79,-1
3564,3565,"Owens, Long and Hernandez",Finance,North America,2/17/2024,Basic,14,1,5/6/2024,0,334.9,27
3565,3566,Garcia LLC,Healthcare,Latin America,3/19/2023,Basic,17,2,3/27/2023,0,262.4,0
3566,3567,Torres-Rodriguez,Retail,Europe,5/15/2023,Basic,15,0,8/4/2023,0,268.41,18
3567,3568,Casey LLC,Logistics,Europe,6/24/2025,Basic,9,2,12/3/2025,0,256.66,-9
3568,3569,Davis-Santana,Retail,Europe,12/11/2024,Basic,12,2,1/19/2025,0,273.06,-8
3569,3570,Hernandez-Vargas,Technology,North America,11/19/2024,Pro,24,1,11/23/2024,0,931.87,17
3570,3571,Pearson-Harvey,Technology,North America,11/23/2023,Basic,18,0,12/11/2023,0,259.54,15
3571,3572,Stewart-Ross,Retail,Asia-Pacific,10/12/2025,Free,6,1,4/24/2026,1,29.45,4
3572,3573,"Landry, Smith and Matthews",Manufacturing,Asia-Pacific,2/4/2025,Free,6,0,2/5/2025,1,41.84,45
3573,3574,Watkins-Jordan,Manufacturing,Asia-Pacific,12/18/2023,Pro,33,0,9/16/2024,0,1121.66,21
3574,3575,"Anderson, Pruitt and Chapman",Retail,Europe,1/27/2026,Basic,19,2,2/21/2026,0,345.66,-1
3575,3576,"Wolf, Brown and Cisneros",Retail,Europe,7/26/2023,Free,3,0,11/5/2023,1,8.8,8
3576,3577,Rodriguez Ltd,Logistics,Latin America,6/5/2024,Pro,28,1,8/18/2024,0,989.57,58
3577,3578,"Shaffer, Galvan and Floyd",Retail,Europe,10/24/2023,Basic,18,1,1/30/2024,0,315.63,-7
3578,3579,"Simmons, Black and Welch",Technology,North America,4/30/2026,Basic,16,0,5/15/2026,0,253.7,44
3579,3580,Rosario Group,Manufacturing,Asia-Pacific,9/1/2024,Pro,33,5,10/16/2024,0,965.99,73
3580,3581,Parker-Sims,Logistics,Asia-Pacific,10/30/2023,Pro,38,0,12/15/2023,0,951.43,40
3581,3582,Wagner-Frederick,Finance,Asia-Pacific,1/2/2023,Pro,25,2,3/15/2023,0,990.78,26
3582,3583,"Espinoza, Johnson and Maldonado",Logistics,North America,9/10/2025,Basic,13,0,1/14/2026,0,244.28,11
3583,3584,Sanchez and Sons,Technology,Europe,2/2/2023,Free,6,0,3/5/2023,1,34.5,4
3584,3585,"Taylor, Dorsey and Burns",Healthcare,Europe,4/1/2024,Free,8,1,4/16/2024,0,17.27,-30
3585,3586,"Salas, Anderson and Johnson",Technology,Latin America,8/5/2024,Free,10,0,8/22/2024,0,97.26,-13
3586,3587,"Henderson, Conley and Andrews",Technology,North America,5/8/2025,Basic,9,1,10/23/2025,0,272.82,32
3587,3588,Thomas PLC,Technology,North America,8/4/2025,Basic,15,1,9/14/2025,0,298.93,-20
3588,3589,Baxter Inc,Healthcare,North America,4/13/2026,Basic,14,2,5/28/2026,0,230.56,13
3589,3590,Perry-Juarez,Finance,Latin America,8/22/2024,Free,8,1,11/16/2024,0,63.75,24
3590,3591,Simpson Group,Retail,North America,10/11/2024,Pro,30,2,10/14/2024,0,1061.33,49
3591,3592,Dunn-Adams,Manufacturing,North America,9/15/2023,Enterprise,45,2,11/6/2023,0,5250.75,46
3592,3593,Lewis PLC,Retail,Asia-Pacific,2/11/2024,Free,5,0,4/27/2024,1,36.1,6
3593,3594,Hansen Group,Manufacturing,North America,3/18/2026,Free,7,0,7/31/2026,1,22.63,-5
3594,3595,"Greer, Gross and Gentry",Logistics,North America,10/26/2022,Free,6,0,11/4/2022,1,29.12,-14
3595,3596,Wilson-Anderson,Healthcare,Asia-Pacific,12/15/2025,Free,8,0,4/11/2026,0,77.29,-41
3596,3597,Briggs Group,Healthcare,North America,1/1/2024,Pro,26,1,3/8/2024,0,1054.35,30
3597,3598,Hubbard Inc,Finance,North America,4/18/2026,Pro,29,0,7/6/2026,0,877.11,44
3598,3599,Jacobson-Williams,Finance,Europe,12/20/2022,Pro,28,4,3/15/2023,0,910.35,67
3599,3600,Huang-Mercado,Retail,North America,9/20/2023,Free,1,0,9/27/2023,1,4.43,23
3600,3601,"Bass, Mendez and Ewing",Retail,Europe,12/22/2024,Basic,15,1,4/15/2025,0,237.37,7
3601,3602,"Moore, Lyons and Dorsey",Logistics,North America,9/25/2024,Basic,11,0,10/25/2024,0,233.07,18
3602,3603,Collins-Hamilton,Technology,North America,8/12/2024,Pro,31,3,8/24/2024,0,888.87,20
3603,3604,Knight-Obrien,Manufacturing,North America,11/6/2024,Basic,19,1,11/25/2024,0,248.05,53
3604,3605,Kennedy-Rodriguez,Technology,Asia-Pacific,6/6/2025,Pro,22,0,7/11/2025,0,927.66,54
3605,3606,Fuentes LLC,Technology,Asia-Pacific,9/5/2025,Basic,15,0,9/21/2025,0,253.17,1
3606,3607,Johnson-Rojas,Finance,North America,4/24/2023,Enterprise,45,2,5/11/2023,0,5344.7,47
3607,3608,Gonzalez-Price,Retail,Europe,1/2/2025,Pro,35,0,1/4/2025,0,1124.74,36
3608,3609,Torres Group,Finance,North America,12/9/2022,Pro,27,3,1/31/2023,0,931.12,30
3609,3610,Smith-Moreno,Logistics,North America,12/31/2025,Free,4,0,7/28/2026,1,9.62,-17
3610,3611,Gibson-Stevens,Logistics,Europe,4/3/2023,Free,2,0,6/12/2023,1,14.94,-12
3611,3612,Chavez Group,Technology,Europe,5/31/2022,Free,5,0,6/6/2022,1,28.93,-15
3612,3613,Gordon LLC,Retail,Europe,12/25/2022,Basic,16,2,12/28/2022,0,316.89,23
3613,3614,Mccarty-Reese,Manufacturing,North America,9/26/2023,Free,5,0,10/28/2023,1,20.74,-9
3614,3615,Barnes-Phillips,Technology,North America,4/28/2026,Enterprise,57,8,4/30/2026,0,5529.05,62
3615,3616,Vega-Zavala,Healthcare,Latin America,2/28/2023,Basic,15,1,7/3/2023,0,283.03,18
3616,3617,Smith-Donaldson,Manufacturing,Asia-Pacific,12/2/2025,Basic,11,0,12/10/2025,0,259.23,25
3617,3618,Williams-Gibson,Logistics,North America,9/11/2025,Basic,12,1,12/4/2025,0,240.23,-14
3618,3619,"Johnson, Wright and Smith",Finance,Latin America,2/12/2026,Basic,16,0,3/12/2026,0,237.68,12
3619,3620,"Peterson, Johnson and Allen",Retail,Europe,11/3/2022,Free,6,0,3/1/2023,1,37.49,0
3620,3621,"Sweeney, Sweeney and Lindsey",Finance,Europe,7/1/2024,Enterprise,44,1,7/25/2024,0,5412.58,71
3621,3622,Hernandez PLC,Retail,Europe,3/30/2025,Free,9,0,6/22/2025,0,54.58,23
3622,3623,"Simon, Carpenter and Matthews",Logistics,North America,5/22/2022,Free,4,0,8/2/2022,1,16.6,56
3623,3624,Brooks-White,Retail,North America,12/22/2025,Pro,33,1,3/2/2026,0,1011.28,46
3624,3625,Young Group,Manufacturing,Asia-Pacific,2/18/2025,Free,4,0,7/13/2025,1,18.28,5
3625,3626,Blake PLC,Finance,North America,1/19/2025,Basic,17,0,1/19/2025,0,240.24,24
3626,3627,Hoffman Group,Technology,North America,8/28/2023,Free,13,0,8/6/2024,0,117.48,24
3627,3628,Lee PLC,Retail,North America,10/28/2023,Basic,16,0,11/23/2023,0,286.87,21
3628,3629,Meza Inc,Technology,Asia-Pacific,5/16/2024,Free,3,1,8/8/2024,1,23.16,16
3629,3630,Martin-Reynolds,Retail,Europe,2/24/2025,Pro,29,1,3/2/2025,0,1002.13,30
3630,3631,"Cardenas, Kim and Hernandez",Technology,North America,6/26/2024,Free,8,0,8/24/2024,0,48.72,21
3631,3632,"Palmer, Bush and Santiago",Manufacturing,Asia-Pacific,2/25/2024,Free,7,0,5/17/2024,1,14.16,-5
3632,3633,"Garrett, Mueller and Thomas",Finance,North America,10/29/2024,Free,5,0,12/5/2024,1,11.15,36
3633,3634,Martin and Sons,Manufacturing,Latin America,9/30/2025,Free,5,0,10/7/2025,1,30.87,-9
3634,3635,Hines LLC,Logistics,North America,5/1/2023,Pro,36,3,7/5/2023,0,1066.22,30
3635,3636,"Tate, Shepherd and Bean",Retail,North America,2/28/2023,Pro,37,1,3/27/2023,0,922.37,65
3636,3637,Kelly-Bowers,Technology,Latin America,3/23/2024,Free,7,2,5/8/2024,1,56.29,-18
3637,3638,Cole and Sons,Technology,Asia-Pacific,11/8/2024,Pro,26,0,4/3/2025,0,1047.1,32
3638,3639,"Gomez, Martinez and Mora",Technology,Europe,2/7/2024,Free,3,0,4/6/2024,1,22.81,-12
3639,3640,Phillips Ltd,Retail,North America,9/9/2023,Basic,6,2,10/1/2023,1,249.14,13
3640,3641,"Ryan, Barker and Edwards",Manufacturing,Europe,5/24/2022,Basic,13,0,5/29/2022,0,239.55,5
3641,3642,"Rogers, Sims and Rich",Manufacturing,North America,12/7/2024,Free,4,0,4/13/2025,1,20.45,19
3642,3643,Peck-Moses,Logistics,Europe,1/24/2023,Pro,34,2,3/28/2023,0,1065.74,44
3643,3644,Nelson LLC,Technology,Asia-Pacific,2/13/2026,Enterprise,52,3,4/25/2026,0,5324.45,87
3644,3645,Green-Long,Manufacturing,Europe,8/20/2024,Pro,28,2,12/30/2024,0,1076.41,64
3645,3646,"Hall, Carpenter and Johnson",Finance,North America,11/5/2023,Pro,26,0,2/22/2024,0,1012.72,79
3646,3647,Anderson-Watson,Healthcare,Europe,12/5/2023,Basic,13,1,12/26/2023,0,308.08,41
3647,3648,"Jones, Gomez and Booker",Manufacturing,North America,9/19/2022,Pro,33,1,10/18/2022,0,909.56,35
3648,3649,Robinson and Sons,Finance,North America,6/23/2025,Basic,17,0,7/26/2025,0,328.03,22
3649,3650,Gibbs-Lopez,Logistics,Latin America,3/18/2026,Free,6,1,4/13/2026,1,26.02,4
3650,3651,Scott Group,Retail,Europe,11/15/2023,Basic,15,0,1/31/2024,0,277.44,48
3651,3652,Johnson Inc,Logistics,Europe,7/18/2022,Basic,10,0,7/26/2022,0,272.55,60
3652,3653,Mejia PLC,Manufacturing,Asia-Pacific,4/4/2025,Basic,18,1,4/10/2025,0,374.18,31
3653,3654,"Cook, Clark and Stark",Logistics,Europe,5/25/2022,Free,3,0,8/6/2022,1,23.4,-29
3654,3655,Patterson and Sons,Retail,North America,10/22/2022,Free,4,0,11/19/2022,1,22.06,15
3655,3656,"Gordon, Dixon and Herman",Retail,North America,12/22/2023,Pro,32,1,1/19/2024,0,992.43,17
3656,3657,Zamora-Smith,Finance,North America,5/23/2023,Pro,27,0,7/9/2023,0,952.08,33
3657,3658,Nguyen and Sons,Manufacturing,Europe,11/28/2025,Free,2,0,2/5/2026,1,10.05,-14
3658,3659,Thomas Ltd,Technology,North America,3/31/2026,Free,6,0,4/13/2026,1,15.7,-24
3659,3660,"Kelley, Jenkins and Sanders",Technology,North America,7/30/2022,Pro,29,2,10/9/2022,0,1077.42,12
3660,3661,Lopez-Young,Technology,North America,1/23/2026,Free,10,0,2/2/2026,0,84.46,-9
3661,3662,Webb PLC,Healthcare,North America,1/23/2024,Free,4,0,2/8/2024,1,33.21,-10
3662,3663,Thomas Group,Finance,Latin America,5/24/2024,Enterprise,43,2,8/5/2024,0,5296.07,78
3663,3664,"Miller, Frazier and Hunter",Logistics,Asia-Pacific,2/10/2024,Basic,14,0,3/30/2024,0,292.5,28
3664,3665,"Underwood, Irwin and Wyatt",Retail,Europe,9/14/2025,Pro,31,3,1/7/2026,0,1089.11,43
3665,3666,Ayala-Patton,Technology,Europe,8/24/2025,Enterprise,45,0,11/1/2025,0,5170.27,65
3666,3667,Rivera-Wilson,Healthcare,Europe,2/22/2025,Pro,33,3,3/13/2025,0,977.21,29
3667,3668,Woods LLC,Logistics,North America,5/4/2026,Free,7,0,5/27/2026,1,37.23,-41
3668,3669,Stone PLC,Finance,North America,11/8/2023,Free,2,0,12/3/2023,1,14.97,0
3669,3670,"Buckley, Walker and Hall",Technology,North America,7/1/2025,Basic,17,0,11/13/2025,0,340.9,-1
3670,3671,"Jones, Baker and Robinson",Logistics,North America,5/6/2025,Basic,9,0,6/17/2025,0,272.54,-8
3671,3672,Pham Group,Manufacturing,North America,4/16/2026,Free,4,0,8/3/2026,1,8.26,-12
3672,3673,"Campbell, Kennedy and Cherry",Retail,North America,8/29/2023,Basic,13,1,9/13/2023,0,249.41,-4
3673,3674,Riddle Group,Technology,North America,12/31/2022,Free,3,1,5/15/2023,1,25.52,37
3674,3675,Carney-Brewer,Healthcare,Europe,7/20/2023,Enterprise,43,1,12/13/2023,0,5177.73,50
3675,3676,"Anderson, Leonard and Gonzales",Manufacturing,North America,1/29/2026,Enterprise,68,5,6/6/2026,0,5434.51,41
3676,3677,Cooke-Rogers,Healthcare,Asia-Pacific,1/23/2025,Free,3,1,1/23/2025,1,22.46,28
3677,3678,Ramos-Vasquez,Logistics,Latin America,8/7/2022,Free,4,0,8/30/2022,1,26.89,41
3678,3679,"Cruz, Fischer and Hickman",Retail,Asia-Pacific,2/10/2024,Free,4,0,2/16/2024,1,26.97,-54
3679,3680,Mason-Reed,Logistics,North America,5/7/2026,Basic,26,0,9/1/2026,0,299.48,46
3680,3681,"Santiago, Bell and Brown",Retail,North America,4/25/2025,Basic,15,0,6/10/2025,0,302.51,49
3681,3682,"Larson, Morris and Dennis",Retail,North America,4/29/2026,Free,6,0,5/7/2026,1,40,-28
3682,3683,Lawrence and Sons,Retail,North America,7/30/2023,Enterprise,58,3,8/23/2023,0,5439.6,75
3683,3684,Scott Inc,Logistics,Europe,12/14/2024,Basic,12,1,3/30/2025,0,264.67,-4
3684,3685,Chaney PLC,Retail,Asia-Pacific,12/4/2022,Free,3,1,12/16/2022,1,28.98,-13
3685,3686,"Johnson, Santos and Joseph",Logistics,North America,10/29/2022,Free,5,0,11/17/2022,1,40.21,-20
3686,3687,Johnson-Martinez,Logistics,Latin America,12/5/2024,Basic,17,0,3/5/2025,0,336.09,8
3687,3688,Abbott and Sons,Retail,North America,7/17/2025,Basic,9,0,9/16/2025,0,227.26,16
3688,3689,Hudson-Lewis,Retail,North America,12/18/2024,Free,5,1,3/12/2025,1,22.53,-15
3689,3690,Hunter Ltd,Finance,North America,6/11/2024,Enterprise,47,2,7/1/2024,0,5118.69,37
3690,3691,Carlson-Barnes,Technology,Europe,1/12/2025,Free,3,0,1/15/2025,1,7.53,-85
3691,3692,Reyes-Burns,Healthcare,North America,3/27/2026,Basic,17,0,5/2/2026,0,311.07,59
3692,3693,"Smith, Robinson and Meadows",Finance,North America,3/5/2024,Pro,33,6,4/8/2024,0,970.13,56
3693,3694,Lambert Ltd,Retail,North America,10/13/2025,Free,3,0,11/10/2025,1,19.2,29
3694,3695,Chambers-Morris,Retail,North America,5/29/2022,Basic,18,0,6/18/2022,0,359.22,-4
3695,3696,Powell Ltd,Finance,Asia-Pacific,3/25/2026,Basic,13,1,4/8/2026,0,302,-2
3696,3697,"Lewis, Williams and Mullen",Healthcare,North America,4/15/2026,Free,12,0,10/16/2026,0,30.36,-69
3697,3698,Hartman-Cooper,Retail,Latin America,4/29/2023,Enterprise,40,0,6/23/2023,0,5236.07,87
3698,3699,Adams-Winters,Healthcare,Latin America,7/13/2022,Basic,21,1,9/15/2022,0,294.28,57
3699,3700,Vasquez-Ayala,Finance,Europe,4/4/2026,Basic,10,0,4/6/2026,0,263.5,52
3700,3701,Martinez-Wells,Retail,Asia-Pacific,2/17/2026,Pro,27,3,2/25/2026,0,871.11,47
3701,3702,Howard PLC,Healthcare,Asia-Pacific,6/13/2023,Enterprise,48,4,8/17/2023,0,5270.52,53
3702,3703,Rice-Cook,Technology,North America,8/29/2022,Free,3,0,10/20/2022,1,23.35,-22
3703,3704,Padilla-Burns,Finance,Europe,10/8/2022,Enterprise,40,2,11/6/2022,0,5350.58,59
3704,3705,"Lloyd, Flores and Marshall",Logistics,Europe,11/27/2025,Free,4,0,1/4/2026,1,39.16,12
3705,3706,Thomas Inc,Retail,Asia-Pacific,7/13/2022,Basic,11,1,7/31/2022,0,270.8,-3
3706,3707,"Cook, White and Alexander",Technology,Asia-Pacific,9/20/2022,Basic,14,0,10/27/2022,0,231.9,45
3707,3708,Jackson-Robles,Manufacturing,Asia-Pacific,5/11/2023,Free,5,1,7/25/2023,1,27.88,31
3708,3709,Hall-Barnett,Healthcare,Asia-Pacific,1/10/2026,Free,7,0,2/11/2026,1,54.86,0
3709,3710,Wright LLC,Retail,North America,9/3/2023,Basic,16,1,11/23/2023,0,343.27,49
3710,3711,"Palmer, Taylor and Carroll",Technology,North America,5/29/2022,Basic,11,1,7/16/2022,0,231.79,0
3711,3712,Peterson-Chan,Manufacturing,North America,10/18/2022,Basic,14,1,11/20/2022,0,240.03,19
3712,3713,Anderson-King,Finance,North America,2/3/2023,Basic,16,0,2/15/2023,0,328.71,27
3713,3714,"Hernandez, Hays and Adams",Logistics,North America,10/25/2022,Free,4,0,11/25/2022,1,30.69,-41
3714,3715,"Perry, Phillips and Rhodes",Finance,Latin America,5/9/2023,Pro,21,0,7/7/2023,0,918.12,21
3715,3716,Valdez-Ford,Healthcare,Asia-Pacific,10/20/2025,Free,1,0,12/24/2025,1,5.19,-12
3716,3717,"Harris, Dixon and Tate",Technology,North America,4/6/2025,Basic,15,0,4/27/2025,0,332.5,23
3717,3718,Brandt Ltd,Technology,North America,10/10/2025,Basic,11,0,11/14/2025,0,234.13,22
3718,3719,Lopez LLC,Logistics,North America,9/28/2022,Free,9,0,10/23/2022,0,25.43,1
3719,3720,"Adams, Sullivan and Pearson",Healthcare,North America,5/7/2026,Free,6,0,6/20/2026,1,53.36,-24
3720,3721,Warren Inc,Finance,North America,3/4/2025,Basic,11,0,4/25/2025,0,287.36,2
3721,3722,"Tran, Rollins and Dennis",Manufacturing,Europe,5/24/2022,Pro,27,2,5/31/2022,0,1029.88,61
3722,3723,Thompson-Wise,Retail,North America,4/24/2025,Free,8,1,5/9/2025,0,32.37,4
3723,3724,Silva-Jackson,Manufacturing,North America,2/11/2023,Pro,33,2,4/10/2023,0,1027.69,75
3724,3725,Caldwell-Reilly,Manufacturing,North America,10/2/2023,Basic,15,2,3/20/2024,0,263.6,9
3725,3726,"Washington, Kline and Stone",Logistics,Asia-Pacific,1/11/2024,Basic,22,2,1/11/2024,0,252.91,-38
3726,3727,"Bennett, Vasquez and Potter",Technology,Europe,10/24/2023,Enterprise,50,2,12/23/2023,0,5439.72,42
3727,3728,"Green, Coleman and Bryan",Technology,North America,2/25/2023,Basic,17,1,6/16/2023,0,310.27,-10
3728,3729,Huber-Rodgers,Finance,Europe,3/20/2026,Basic,16,0,5/6/2026,0,314.96,47
3729,3730,Robinson and Sons,Retail,North America,2/26/2024,Free,8,2,6/2/2024,0,31.9,33
3730,3731,Bates-Gillespie,Manufacturing,North America,9/11/2022,Free,4,0,2/15/2023,1,30.12,-26
3731,3732,"Le, Ramirez and Hamilton",Logistics,Asia-Pacific,8/12/2025,Basic,19,1,8/18/2025,0,314.21,4
3732,3733,"Moss, Rivera and Skinner",Manufacturing,Europe,12/2/2023,Basic,16,0,12/6/2023,0,299.01,6
3733,3734,Martinez-Yu,Healthcare,North America,10/6/2022,Basic,11,0,5/11/2023,0,283.8,-38
3734,3735,"Bennett, Wells and Carr",Finance,Europe,10/11/2023,Pro,31,1,11/19/2023,0,988.23,62
3735,3736,Jenkins-Chapman,Manufacturing,Europe,4/8/2024,Basic,19,0,4/22/2024,0,332.18,35
3736,3737,Brewer Group,Technology,Europe,3/9/2025,Basic,18,0,3/11/2025,0,257.85,32
3737,3738,Williams PLC,Manufacturing,North America,9/22/2022,Free,4,0,11/13/2022,1,13.11,-27
3738,3739,Watson-Mills,Retail,North America,1/29/2025,Enterprise,47,0,4/18/2025,0,5217.49,46
3739,3740,Solomon-Anderson,Technology,Asia-Pacific,1/12/2026,Basic,16,1,1/17/2026,0,330.38,51
3740,3741,"Wood, Hernandez and Curtis",Finance,North America,4/29/2025,Pro,30,1,7/14/2025,0,958,52
3741,3742,"Reed, Rose and Ryan",Manufacturing,Europe,10/12/2025,Free,4,1,10/18/2025,1,19.92,1
3742,3743,Williams LLC,Retail,North America,10/21/2023,Pro,25,1,11/10/2023,0,865.15,23
3743,3744,"Bryant, White and Torres",Technology,Asia-Pacific,10/15/2024,Pro,34,2,11/25/2024,0,1093.05,63
3744,3745,Martinez-Carey,Manufacturing,North America,9/10/2023,Basic,9,0,11/22/2023,0,243.51,-17
3745,3746,Wilkins-Drake,Logistics,North America,1/9/2023,Enterprise,42,3,3/22/2023,0,5228.58,55
3746,3747,Montgomery LLC,Finance,North America,8/31/2024,Free,1,0,10/28/2024,1,7.32,-38
3747,3748,Gomez Ltd,Finance,North America,3/5/2026,Basic,18,1,4/6/2026,0,335.9,9
3748,3749,"Brown, Salas and Steele",Manufacturing,North America,8/15/2025,Enterprise,53,3,10/5/2025,0,5412.06,92
3749,3750,Riley and Sons,Technology,Asia-Pacific,6/24/2024,Basic,15,0,8/21/2024,0,270.79,-2
3750,3751,"Campbell, Carter and Edwards",Manufacturing,Latin America,10/10/2024,Enterprise,52,3,1/20/2025,0,5326.16,88
3751,3752,Richards-Good,Retail,North America,1/25/2026,Basic,18,1,2/17/2026,0,253.29,47
3752,3753,Mercado-Case,Manufacturing,Asia-Pacific,7/19/2022,Free,5,0,7/22/2022,1,39.59,-15
3753,3754,Henry Ltd,Logistics,Europe,9/23/2022,Enterprise,48,1,10/26/2022,0,5449.22,69
3754,3755,"Martinez, Pope and Quinn",Finance,Europe,2/8/2024,Free,2,0,3/30/2024,1,16.72,23
3755,3756,Russell-Dodson,Healthcare,North America,11/28/2025,Enterprise,39,0,1/6/2026,0,5094.23,69
3756,3757,Matthews-James,Finance,Latin America,5/1/2024,Pro,27,1,5/25/2024,0,1032.99,35
3757,3758,Gray-Walker,Manufacturing,Europe,7/16/2022,Basic,12,0,8/21/2022,0,276.1,97
3758,3759,Martinez-Morgan,Logistics,North America,10/24/2023,Free,7,1,11/20/2023,1,23.37,-5
3759,3760,"Mooney, Sandoval and Moore",Healthcare,Europe,7/2/2022,Enterprise,41,2,9/17/2022,0,5389.75,58
3760,3761,"Wilkerson, Norton and Morales",Finance,North America,3/16/2024,Basic,12,0,4/9/2024,0,278.83,3
3761,3762,Singleton-Guerrero,Healthcare,Latin America,8/30/2024,Free,5,0,11/5/2024,1,14.47,19
3762,3763,Howard-Williams,Logistics,Europe,6/15/2024,Basic,13,0,6/26/2024,0,250.82,52
3763,3764,"Lucas, Sims and Choi",Finance,North America,2/1/2023,Enterprise,55,0,3/22/2023,0,5451.63,69
3764,3765,Clark LLC,Technology,North America,10/17/2024,Free,2,0,10/19/2024,1,7.07,-42
3765,3766,"Warren, Leblanc and Ramirez",Healthcare,Asia-Pacific,6/13/2024,Basic,17,1,10/19/2024,0,236.3,47
3766,3767,"Hernandez, Hudson and Torres",Logistics,North America,7/1/2024,Pro,30,1,8/17/2024,0,942.77,59
3767,3768,Franklin Group,Manufacturing,North America,1/27/2026,Free,2,0,6/18/2026,1,14.73,-9
3768,3769,Chan-Vega,Retail,North America,6/17/2025,Pro,28,1,7/27/2025,0,957.66,30
3769,3770,Garcia-White,Finance,North America,9/10/2023,Free,4,1,9/16/2023,1,34.74,-53
3770,3771,"Washington, Jimenez and Alexander",Logistics,Europe,11/17/2023,Enterprise,41,2,11/29/2023,0,5320.78,79
3771,3772,Bradley-Sanford,Finance,North America,9/16/2025,Pro,25,0,11/18/2025,0,1043.9,2
3772,3773,Diaz-Lewis,Retail,Asia-Pacific,3/21/2024,Enterprise,56,4,3/24/2024,0,5117.04,69
3773,3774,Johnson-Ray,Finance,Asia-Pacific,3/30/2023,Enterprise,40,0,4/22/2023,0,5359.5,49
3774,3775,Ingram-Conley,Logistics,Europe,10/1/2025,Free,4,0,10/12/2025,1,14.96,-1
3775,3776,Wilson-Miller,Finance,Europe,10/3/2023,Enterprise,55,4,2/29/2024,0,5535.74,45
3776,3777,"Webb, Martin and Hooper",Logistics,North America,2/23/2025,Pro,30,2,8/30/2025,0,994.68,35
3777,3778,"Scott, Kelley and Kim",Technology,North America,9/14/2025,Pro,35,4,3/17/2026,0,976.88,56
3778,3779,Orozco Group,Healthcare,North America,8/17/2022,Free,6,0,1/11/2023,1,47.62,23
3779,3780,Atkins Inc,Manufacturing,Asia-Pacific,4/1/2026,Basic,15,0,6/20/2026,0,255.6,-8
3780,3781,"Rogers, Robinson and Williams",Logistics,Europe,3/14/2025,Pro,38,2,3/15/2025,0,1005.77,49
3781,3782,Fernandez PLC,Manufacturing,Latin America,9/29/2023,Free,2,0,10/15/2023,1,5.33,-33
3782,3783,"Rasmussen, Blackwell and Blankenship",Finance,North America,10/21/2022,Free,4,0,10/23/2022,1,24.28,19
3783,3784,Oneill Group,Retail,Europe,5/1/2025,Basic,16,0,5/12/2025,0,354.03,-6
3784,3785,"Harris, Gregory and Chan",Manufacturing,Asia-Pacific,8/18/2024,Free,2,1,9/19/2024,1,8.35,1
3785,3786,Jones-Caldwell,Finance,Asia-Pacific,7/3/2022,Free,6,0,7/18/2022,1,44.38,6
3786,3787,Schneider and Sons,Healthcare,North America,1/12/2026,Free,3,0,2/23/2026,1,11.67,-29
3787,3788,"Douglas, Hansen and Gonzalez",Technology,Latin America,4/3/2025,Pro,37,4,4/29/2025,0,1007.33,36
3788,3789,Lucas Group,Logistics,North America,2/16/2025,Basic,20,3,4/21/2025,0,248.2,10
3789,3790,"Jones, Young and Ballard",Finance,Asia-Pacific,6/16/2024,Enterprise,48,5,6/24/2024,0,5353.32,59
3790,3791,Guzman Inc,Manufacturing,Latin America,7/14/2022,Basic,15,1,8/3/2022,0,235.64,-11
3791,3792,"Hoffman, Smith and Garcia",Retail,Latin America,5/4/2023,Pro,30,2,9/12/2023,0,892.45,2
3792,3793,Patel-Wright,Healthcare,North America,1/29/2025,Free,6,0,2/8/2025,1,59.66,50
3793,3794,Adams and Sons,Retail,North America,4/6/2023,Free,3,0,5/13/2023,1,11.67,18
3794,3795,"Stokes, Mata and Mosley",Finance,North America,7/13/2025,Basic,13,1,9/19/2025,0,228.73,-8
3795,3796,"Mitchell, Vasquez and Munoz",Retail,North America,1/21/2024,Free,7,0,4/11/2024,1,60.67,-8
3796,3797,Moon Ltd,Manufacturing,North America,10/22/2022,Free,3,0,12/4/2022,1,23.34,-11
3797,3798,Wright LLC,Healthcare,North America,8/3/2023,Free,10,1,10/23/2023,0,83.86,-7
3798,3799,Williams-Wilson,Logistics,Europe,12/7/2022,Pro,39,2,1/19/2023,0,1032.19,12
3799,3800,Smith Group,Technology,Asia-Pacific,11/22/2024,Free,3,2,12/8/2024,1,29.68,19
3800,3801,Robinson Ltd,Healthcare,North America,1/9/2024,Enterprise,38,0,1/23/2024,0,5238.29,66
3801,3802,Martin-Singh,Manufacturing,Europe,5/15/2023,Pro,14,1,8/1/2023,0,833.4,38
3802,3803,Villanueva Ltd,Manufacturing,North America,7/24/2025,Free,8,0,1/15/2026,0,68.59,2
3803,3804,"Hawkins, Rosales and Gill",Manufacturing,North America,1/27/2026,Free,5,0,2/18/2026,1,26.91,-55
3804,3805,Williams Ltd,Retail,North America,8/10/2022,Basic,16,1,9/26/2022,0,296.96,7
3805,3806,"Smith, Strickland and Holland",Technology,Europe,1/9/2024,Basic,18,0,2/29/2024,0,304.1,59
3806,3807,Lee-Christian,Healthcare,North America,12/30/2023,Pro,26,1,1/13/2024,0,863.53,59
3807,3808,Martin LLC,Technology,North America,2/23/2023,Basic,22,3,3/18/2023,0,279.26,54
3808,3809,Massey PLC,Technology,North America,7/30/2022,Basic,14,2,8/13/2022,0,311.78,34
3809,3810,Howard LLC,Retail,Asia-Pacific,3/8/2024,Free,5,0,3/25/2024,1,27.16,-11
3810,3811,Glass-Porter,Logistics,North America,9/20/2023,Free,4,0,3/14/2024,1,38.74,-4
3811,3812,"Jenkins, Collins and Blair",Logistics,Asia-Pacific,9/15/2022,Basic,17,1,11/9/2022,0,241.56,44
3812,3813,King-Flores,Retail,North America,12/15/2025,Basic,15,0,3/24/2026,0,314.04,36
3813,3814,"Williams, Kennedy and Pierce",Retail,North America,2/23/2023,Free,5,0,5/13/2023,1,32.54,53
3814,3815,"Johnson, Smith and Coleman",Manufacturing,Europe,1/29/2023,Enterprise,52,2,4/1/2023,0,5128.77,49
3815,3816,"Mccoy, Rowe and Hicks",Finance,North America,3/28/2024,Basic,9,0,9/18/2024,0,239.25,24
3816,3817,Harding Inc,Manufacturing,Latin America,11/6/2024,Basic,14,1,2/5/2025,0,304.25,8
3817,3818,Davies-Hopkins,Retail,Europe,8/26/2024,Free,2,0,10/25/2024,1,16.94,12
3818,3819,Hall-Torres,Healthcare,Asia-Pacific,6/24/2022,Free,6,0,8/14/2022,1,49.84,3
3819,3820,Winters-Miller,Logistics,Latin America,2/12/2024,Pro,35,1,4/26/2024,0,1142.17,34
3820,3821,"Peterson, Giles and Barrera",Technology,North America,5/19/2025,Free,4,0,6/9/2025,1,19.37,39
3821,3822,Rodriguez Ltd,Healthcare,Latin America,9/28/2022,Basic,11,0,12/15/2022,0,272.7,53
3822,3823,"George, Haney and Rodriguez",Healthcare,North America,1/11/2026,Basic,11,0,1/18/2026,0,286.36,30
3823,3824,"Spence, Contreras and Snyder",Technology,Latin America,11/11/2025,Free,3,0,12/5/2025,1,6.43,44
3824,3825,"Francis, Miller and Meadows",Retail,Latin America,3/31/2025,Pro,33,1,4/30/2025,0,1124.89,18
3825,3826,Burch-Miller,Retail,Europe,10/14/2022,Basic,20,4,11/20/2022,0,346.96,18
3826,3827,Martinez-Jones,Logistics,North America,11/18/2022,Enterprise,45,1,2/17/2023,0,5188.59,43
3827,3828,Campbell PLC,Healthcare,North America,8/31/2025,Free,6,0,11/14/2025,1,45.59,-23
3828,3829,"Huang, Tate and Anderson",Retail,Europe,5/6/2026,Basic,16,0,6/9/2026,0,289.87,59
3829,3830,"Choi, Mitchell and Massey",Retail,North America,5/15/2024,Basic,17,2,6/30/2024,0,295.69,-10
3830,3831,Lester Inc,Logistics,Asia-Pacific,5/23/2023,Free,2,1,7/5/2023,1,6.91,-13
3831,3832,Edwards-Payne,Manufacturing,North America,1/6/2025,Basic,21,1,1/31/2025,0,325.43,26
3832,3833,"Wilson, Nelson and Mclaughlin",Manufacturing,North America,6/23/2025,Basic,16,0,6/24/2025,0,328.06,5
3833,3834,Bauer Group,Technology,Asia-Pacific,10/8/2024,Basic,13,2,11/9/2024,0,247.54,-43
3834,3835,Shaffer-Mccarthy,Retail,North America,6/15/2022,Free,4,0,7/8/2022,1,19.99,15
3835,3836,Turner and Sons,Finance,North America,11/22/2025,Basic,12,1,11/28/2025,0,310.01,13
3836,3837,Moore Ltd,Logistics,North America,12/15/2022,Free,10,0,3/27/2023,0,45.03,-19
3837,3838,"Thompson, Collins and Berger",Finance,Europe,1/11/2026,Free,6,0,1/25/2026,1,52.6,-29
3838,3839,Tanner-Williamson,Finance,North America,11/20/2024,Free,7,0,12/5/2024,1,47.83,-14
3839,3840,Shea LLC,Retail,Europe,4/2/2023,Free,5,0,4/28/2023,1,19.03,-55
3840,3841,"Ward, Brown and Logan",Technology,Latin America,6/15/2022,Free,3,0,7/25/2022,1,26.73,11
3841,3842,"Obrien, Hernandez and Miranda",Retail,Europe,3/10/2026,Free,12,0,4/7/2026,0,61.9,9
3842,3843,Lopez-Jones,Retail,North America,8/21/2023,Enterprise,45,1,11/3/2023,0,5206.86,64
3843,3844,Frost Ltd,Manufacturing,Europe,1/15/2026,Basic,11,1,2/28/2026,0,294.16,-5
3844,3845,Galvan-Berry,Finance,North America,5/6/2024,Pro,36,1,5/16/2024,0,1113.79,23
3845,3846,Fischer Ltd,Technology,North America,10/26/2024,Basic,20,0,11/22/2024,0,265.7,50
3846,3847,Diaz-Hall,Finance,North America,3/6/2024,Basic,17,2,4/14/2024,0,368.99,25
3847,3848,Walker-Atkins,Logistics,North America,4/13/2025,Basic,21,2,11/6/2025,0,298.84,34
3848,3849,"Larson, Dawson and Bradford",Healthcare,Asia-Pacific,12/6/2023,Pro,29,0,1/7/2024,0,864.33,55
3849,3850,Harris-Huff,Retail,Latin America,10/31/2023,Basic,15,0,1/23/2024,0,330.87,16
3850,3851,"Phillips, Reeves and Hayes",Logistics,North America,7/19/2022,Free,5,0,10/10/2022,1,32.05,23
3851,3852,Davis-Acevedo,Healthcare,North America,3/12/2023,Free,6,0,3/29/2023,1,57.56,5
3852,3853,Mitchell Ltd,Manufacturing,Europe,6/19/2025,Free,3,1,7/7/2025,1,14.67,-37
3853,3854,"Jackson, Russell and Rasmussen",Manufacturing,North America,7/30/2023,Pro,28,0,2/5/2024,0,1000.6,78
3854,3855,"Shea, Gordon and Anderson",Healthcare,North America,9/16/2023,Free,3,1,11/7/2023,1,8.97,11
3855,3856,"Smith, Hunt and Lawrence",Logistics,Europe,11/11/2025,Free,4,0,2/9/2026,1,34.31,10
3856,3857,King-Smith,Retail,Latin America,11/7/2025,Free,5,0,5/10/2026,1,45.05,-21
3857,3858,"Cohen, Sharp and Church",Logistics,Asia-Pacific,8/24/2022,Pro,27,0,9/19/2022,0,963.7,26
3858,3859,Wilson Ltd,Retail,North America,9/24/2025,Basic,27,1,11/30/2025,0,440.22,56
3859,3860,Wilson-Nunez,Finance,North America,3/31/2024,Basic,13,0,5/20/2024,0,258.53,17
3860,3861,Sandoval Inc,Retail,North America,8/24/2022,Free,5,1,9/11/2022,1,33.88,-6
3861,3862,"Hooper, Best and Andersen",Logistics,North America,1/5/2023,Basic,13,1,2/18/2023,0,326.02,44
3862,3863,"Martin, Skinner and White",Retail,North America,7/19/2023,Basic,8,1,9/24/2023,0,258.1,20
3863,3864,"Jackson, Smith and Smith",Logistics,Europe,2/14/2023,Basic,20,1,2/24/2023,0,324.82,-4
3864,3865,Alexander LLC,Technology,Europe,5/4/2024,Free,11,0,7/11/2024,0,81.89,20
3865,3866,Craig-Miller,Retail,North America,8/10/2024,Free,0,0,9/3/2024,1,0,24
3866,3867,"Lyons, Greer and Hutchinson",Finance,Latin America,5/22/2022,Free,3,0,6/20/2022,1,7.55,-24
3867,3868,"Burns, Leach and Alvarado",Retail,Europe,5/10/2023,Free,3,0,5/14/2023,1,11.57,34
3868,3869,Smith PLC,Logistics,Europe,9/5/2025,Basic,19,0,9/30/2025,0,272.83,13
3869,3870,"Bennett, Howell and Palmer",Manufacturing,Europe,3/5/2025,Pro,40,2,4/10/2025,0,903.15,42
3870,3871,"Ward, Parker and Duncan",Technology,Europe,10/31/2024,Free,6,0,11/27/2024,1,16.04,1
3871,3872,Crane Ltd,Finance,Europe,2/3/2026,Pro,31,3,2/14/2026,0,1051.29,41
3872,3873,Rodriguez-Harris,Logistics,North America,9/3/2023,Basic,13,0,1/28/2024,0,245.48,52
3873,3874,"Fernandez, Hess and Johnson",Finance,Asia-Pacific,12/31/2024,Free,5,0,1/10/2025,1,30.77,34
3874,3875,Smith LLC,Logistics,North America,11/13/2023,Basic,20,1,1/13/2024,0,266.01,48
3875,3876,Mullen Group,Technology,Europe,7/30/2025,Basic,17,2,11/30/2025,0,332.46,13
3876,3877,Wright-Palmer,Healthcare,Europe,9/30/2024,Free,5,0,10/22/2024,1,40.33,18
3877,3878,Kaufman-Roberts,Finance,North America,7/28/2025,Pro,27,1,8/8/2025,0,914.02,34
3878,3879,Duncan-Harris,Finance,Europe,8/17/2024,Free,5,0,9/27/2024,1,26.64,30
3879,3880,"Ramos, Rogers and Booker",Logistics,Asia-Pacific,8/4/2022,Free,6,0,8/14/2022,1,32.18,-42
3880,3881,Robinson-Fox,Retail,North America,10/23/2025,Pro,28,0,4/5/2026,0,1008.14,7
3881,3882,Harris-Hernandez,Retail,North America,12/24/2024,Basic,12,2,3/16/2025,0,276.01,-27
3882,3883,Riddle-Walters,Technology,Asia-Pacific,5/3/2023,Free,5,0,6/13/2023,1,48.42,-59
3883,3884,Ferguson-Riley,Logistics,Europe,2/17/2026,Basic,10,0,3/17/2026,0,298.25,25
3884,3885,"Gordon, Johnson and Solomon",Healthcare,Europe,5/15/2024,Basic,18,0,4/4/2025,0,363.43,-4
3885,3886,Lewis LLC,Logistics,Europe,11/2/2023,Enterprise,46,2,12/3/2023,0,5455.7,84
3886,3887,Hobbs-Galloway,Manufacturing,Europe,11/8/2025,Free,4,0,11/16/2025,1,27.52,55
3887,3888,"Wilson, Beltran and Ford",Manufacturing,Asia-Pacific,3/2/2026,Pro,20,0,3/13/2026,0,899.74,38
3888,3889,Little-Pratt,Manufacturing,Asia-Pacific,6/12/2022,Free,6,0,6/13/2022,1,49.19,47
3889,3890,"Morton, Little and Edwards",Logistics,North America,4/28/2023,Pro,43,1,6/16/2023,0,1089.16,31
3890,3891,"King, Singleton and Smith",Logistics,North America,5/9/2024,Free,7,0,6/3/2024,1,44.76,21
3891,3892,Moore LLC,Technology,North America,11/23/2025,Free,2,0,12/24/2025,1,18.13,-15
3892,3893,"Branch, Callahan and Hobbs",Logistics,North America,4/25/2024,Basic,21,0,12/11/2024,0,354.95,0
3893,3894,Cruz-Parrish,Technology,North America,1/23/2025,Basic,14,1,5/26/2025,0,304.49,19
3894,3895,Valentine Ltd,Logistics,North America,4/9/2026,Free,3,0,4/18/2026,1,11.92,-9
3895,3896,"Davenport, Sutton and Campbell",Healthcare,North America,7/21/2025,Pro,35,0,8/29/2025,0,966.27,56
3896,3897,"Jennings, Harrington and Clark",Technology,Asia-Pacific,1/31/2025,Free,4,0,3/1/2025,1,23.86,14
3897,3898,"Newton, Thomas and Summers",Healthcare,Europe,1/15/2026,Basic,18,3,4/7/2026,0,341.34,-21
3898,3899,Powell PLC,Technology,Europe,2/19/2023,Pro,29,1,6/2/2023,0,947.83,32
3899,3900,"Liu, Hodges and Walker",Healthcare,Europe,5/15/2022,Enterprise,58,1,6/8/2022,0,5165.06,84
3900,3901,"Harding, Jones and Ford",Logistics,Latin America,8/18/2024,Pro,25,0,11/1/2024,0,850.81,14
3901,3902,"Bailey, Freeman and Lewis",Retail,Europe,7/17/2022,Enterprise,52,2,9/6/2022,0,5487.94,35
3902,3903,Marsh Group,Manufacturing,Europe,7/16/2022,Free,6,0,8/8/2022,1,41.34,49
3903,3904,"Harrison, Pace and Davis",Finance,North America,5/20/2024,Basic,24,1,7/17/2024,0,293.65,38
3904,3905,"Rich, Wagner and Klein",Healthcare,North America,10/28/2025,Free,7,0,6/25/2026,1,50.58,30
3905,3906,"Davis, Goodman and Young",Retail,Europe,3/23/2025,Basic,12,1,4/3/2025,0,242.42,11
3906,3907,Jones Group,Manufacturing,North America,5/6/2026,Free,8,0,5/11/2026,0,47.43,-9
3907,3908,Tate PLC,Logistics,Asia-Pacific,9/2/2022,Enterprise,50,1,11/17/2022,0,5317.43,95
3908,3909,Stevenson and Sons,Retail,Latin America,4/17/2024,Free,9,2,8/1/2024,0,30.65,44
3909,3910,"Warren, Mendoza and Hayes",Manufacturing,North America,4/11/2025,Free,1,0,4/17/2025,1,4.6,-25
3910,3911,Herring Group,Finance,Europe,7/6/2023,Pro,28,0,7/14/2023,0,1007.67,37
3911,3912,"Ramirez, Buckley and Briggs",Finance,Asia-Pacific,12/19/2025,Free,4,0,12/24/2025,1,29.92,16
3912,3913,"Collins, Wallace and Frederick",Healthcare,North America,3/18/2026,Free,7,1,4/2/2026,1,41.49,-3
3913,3914,"Dominguez, Johnson and Ruiz",Manufacturing,North America,8/21/2022,Pro,26,0,9/30/2022,0,969.31,35
3914,3915,Butler-Thomas,Logistics,Asia-Pacific,1/2/2024,Pro,42,2,1/2/2024,0,1066.33,-2
3915,3916,Brown PLC,Technology,North America,11/15/2024,Pro,37,1,7/20/2025,0,1123.68,83
3916,3917,Morales PLC,Technology,North America,11/14/2025,Free,0,1,12/27/2025,1,0,-41
3917,3918,Le-Cannon,Manufacturing,Latin America,12/2/2023,Free,1,0,7/25/2024,1,3.98,-40
3918,3919,Edwards Ltd,Retail,North America,4/7/2024,Basic,12,1,5/13/2024,0,234.29,-25
3919,3920,"Cox, Moore and Lee",Retail,North America,1/6/2026,Pro,26,0,2/15/2026,0,997.86,71
3920,3921,Soto-Jones,Manufacturing,North America,2/22/2025,Basic,16,1,3/7/2025,0,291.32,16
3921,3922,"Wilson, Ramirez and Arnold",Finance,Asia-Pacific,8/12/2025,Basic,19,1,10/7/2025,0,386.9,67
3922,3923,Pope-Hughes,Healthcare,Latin America,6/8/2022,Basic,15,1,7/23/2022,0,243.29,38
3923,3924,"Harrison, Bates and Morton",Finance,North America,4/23/2023,Free,3,0,5/9/2023,1,6.94,2
3924,3925,Patterson PLC,Logistics,Europe,5/29/2023,Pro,26,2,6/24/2023,0,945,43
3925,3926,"Jones, Bennett and Nguyen",Logistics,North America,5/13/2025,Basic,17,2,6/3/2025,0,307.13,-14
3926,3927,Holmes PLC,Manufacturing,North America,9/22/2025,Free,3,0,11/8/2025,1,20.19,-35
3927,3928,"Acevedo, Wade and Alvarez",Manufacturing,Latin America,5/15/2024,Free,3,0,8/16/2024,1,11.19,35
3928,3929,Lambert Ltd,Technology,Europe,6/3/2025,Pro,40,6,7/8/2025,0,1197.53,48
3929,3930,"Evans, Reeves and Vazquez",Logistics,North America,7/21/2024,Enterprise,45,4,7/24/2024,0,5228.85,76
3930,3931,Gates PLC,Technology,Latin America,11/23/2022,Free,4,0,5/3/2023,1,9.47,-13
3931,3932,"Johnson, Norton and Fisher",Finance,North America,12/21/2024,Free,9,0,12/25/2024,0,39.72,8
3932,3933,Simpson-Curtis,Retail,North America,2/12/2023,Free,4,0,5/22/2023,1,18.61,-20
3933,3934,"James, Morton and Howard",Logistics,North America,11/3/2024,Free,3,1,12/2/2024,1,14.04,5
3934,3935,Fuentes and Sons,Technology,North America,3/28/2026,Enterprise,41,2,8/14/2026,0,5290.02,46
3935,3936,Gardner Inc,Logistics,Europe,8/25/2025,Pro,30,2,9/1/2025,0,962.67,47
3936,3937,"Galloway, Wilson and Love",Manufacturing,North America,1/25/2026,Pro,28,0,5/2/2026,0,1040.28,44
3937,3938,"Moreno, Perkins and Gates",Healthcare,North America,7/1/2024,Basic,12,1,9/29/2024,0,241.35,27
3938,3939,Burton-Jones,Finance,Asia-Pacific,11/26/2022,Pro,34,1,3/30/2023,0,1050.47,75
3939,3940,"Vargas, Vazquez and Jackson",Manufacturing,Asia-Pacific,6/28/2023,Free,3,0,7/16/2023,1,26.97,20
3940,3941,Rogers Inc,Healthcare,Europe,12/17/2024,Pro,28,1,8/15/2025,0,873.71,37
3941,3942,"Kramer, Campbell and Edwards",Finance,Asia-Pacific,7/3/2025,Free,6,2,9/13/2025,1,57.17,3
3942,3943,"Mendez, James and Thompson",Finance,North America,12/16/2022,Pro,24,1,12/31/2022,0,866.89,58
3943,3944,Graves and Sons,Logistics,North America,11/22/2023,Basic,19,1,2/18/2024,0,342.05,-15
3944,3945,Snow PLC,Logistics,Latin America,2/8/2025,Pro,26,2,8/1/2025,0,972.11,50
3945,3946,Valencia-Smith,Retail,Europe,10/15/2022,Basic,11,0,11/30/2022,0,262.98,-1
3946,3947,Pena LLC,Logistics,North America,3/5/2024,Basic,13,0,3/11/2024,0,319.98,-2
3947,3948,"Meyers, Lowery and Valdez",Technology,North America,12/31/2022,Pro,30,1,5/4/2023,0,893.08,100
3948,3949,Pham-Hayes,Healthcare,North America,9/17/2025,Free,5,0,10/12/2025,1,39.23,-7
3949,3950,Shaw-Lewis,Finance,Asia-Pacific,11/24/2023,Basic,18,1,5/1/2024,0,351.35,50
3950,3951,Kemp-Bradley,Logistics,North America,1/21/2024,Free,11,1,2/28/2024,0,92.06,58
3951,3952,Young Inc,Technology,North America,1/21/2026,Pro,22,1,6/28/2026,0,950.95,47
3952,3953,"Bowen, Roberts and Hughes",Finance,North America,7/19/2023,Pro,28,2,10/24/2023,0,1057.48,55
3953,3954,"Floyd, Rodriguez and Rodriguez",Healthcare,Europe,2/23/2023,Free,7,0,5/14/2023,1,16.22,5
3954,3955,Johnson Ltd,Logistics,North America,7/29/2023,Enterprise,46,6,7/31/2023,0,5459.49,71
3955,3956,Cordova Group,Finance,North America,2/4/2026,Enterprise,51,4,10/19/2026,0,5414.87,63
3956,3957,"Mejia, Harris and Rivera",Retail,North America,3/23/2026,Basic,13,0,4/10/2026,0,269.06,42
3957,3958,Mcknight-Daniels,Finance,Europe,8/1/2024,Free,3,0,9/17/2024,1,15.43,9
3958,3959,"Berger, Jones and Brandt",Healthcare,Asia-Pacific,2/8/2023,Basic,20,0,5/7/2023,0,316.51,72
3959,3960,Lewis-Peterson,Finance,Europe,1/23/2024,Pro,28,3,4/27/2024,0,925.04,26
3960,3961,Hernandez Inc,Manufacturing,Europe,11/24/2025,Pro,23,3,1/22/2026,0,1011.57,33
3961,3962,Marquez Ltd,Technology,Europe,9/30/2023,Free,5,0,10/30/2023,1,35.23,26
3962,3963,Griffin-Garrison,Healthcare,North America,6/24/2022,Basic,18,0,7/15/2022,0,236.7,60
3963,3964,Joseph-Stone,Technology,North America,5/23/2022,Basic,12,0,12/18/2022,0,278.81,19
3964,3965,Mills LLC,Manufacturing,Europe,6/17/2025,Free,9,0,8/5/2025,0,57.66,-6
3965,3966,"Burnett, Hill and Jackson",Retail,Asia-Pacific,6/20/2023,Pro,24,2,6/22/2023,0,959.55,60
3966,3967,"White, Jackson and Richards",Logistics,North America,5/7/2026,Free,6,0,5/18/2026,1,33.61,38
3967,3968,Bell-Miller,Logistics,Latin America,4/14/2026,Basic,10,1,7/17/2026,0,294.89,42
3968,3969,"Rodriguez, Walls and Ray",Finance,North America,9/29/2024,Basic,12,0,11/16/2024,0,258.79,0
3969,3970,Parsons-Combs,Finance,North America,7/17/2023,Free,6,1,10/20/2023,1,57.85,-3
3970,3971,Lopez Ltd,Retail,Latin America,8/20/2024,Pro,44,2,10/29/2024,0,940.84,51
3971,3972,Williams and Sons,Manufacturing,North America,6/6/2025,Pro,38,2,7/21/2025,0,1035.69,45
3972,3973,Hansen-White,Technology,Europe,11/26/2024,Free,3,0,1/30/2025,1,12.58,9
3973,3974,Thomas-Tapia,Retail,Europe,5/3/2023,Free,4,0,5/22/2023,1,8.7,-29
3974,3975,"Ramirez, Butler and Williams",Retail,Asia-Pacific,7/14/2023,Free,3,0,8/10/2023,1,12.86,32
3975,3976,"Williams, Hardy and Clark",Healthcare,North America,9/30/2024,Basic,15,1,6/6/2025,0,277.52,8
3976,3977,"Duke, Trujillo and Larsen",Logistics,North America,9/23/2022,Basic,18,2,11/6/2022,0,329.12,-3
3977,3978,Mosley and Sons,Logistics,Latin America,7/24/2024,Basic,17,1,8/1/2024,0,365.44,31
3978,3979,Hines-Thomas,Logistics,Latin America,7/1/2022,Free,5,0,8/14/2022,1,10.03,-27
3979,3980,James-Stevens,Healthcare,North America,5/11/2024,Pro,17,0,9/22/2024,0,885.7,41
3980,3981,Torres Group,Technology,Asia-Pacific,10/15/2023,Free,9,1,12/4/2023,0,29.79,16
3981,3982,Nelson LLC,Retail,Asia-Pacific,5/24/2022,Basic,9,0,7/13/2022,0,245.24,18
3982,3983,"Novak, Burgess and Phillips",Technology,Asia-Pacific,5/4/2023,Free,8,0,5/27/2023,0,18.42,-27
3983,3984,Mcdonald-Jones,Healthcare,North America,3/18/2026,Basic,9,0,5/3/2026,0,252.68,-2
3984,3985,"Mccann, Jenkins and Robbins",Finance,Europe,5/4/2026,Free,0,1,7/19/2026,1,0,9
3985,3986,Warren-Hall,Logistics,North America,5/27/2025,Free,3,0,6/10/2025,1,18.31,69
3986,3987,Johnson-Strickland,Logistics,North America,9/8/2024,Basic,23,0,9/8/2024,0,405.68,31
3987,3988,Mcdonald LLC,Technology,Europe,5/31/2024,Enterprise,54,2,6/11/2024,0,5344.14,54
3988,3989,Henderson-Walker,Finance,Asia-Pacific,9/19/2022,Free,1,1,10/30/2022,1,3.15,-6
3989,3990,"Johnson, Ray and Davis",Healthcare,North America,9/25/2022,Basic,12,1,10/12/2022,0,301.77,27
3990,3991,Mcclain Inc,Technology,Europe,11/8/2023,Free,3,0,1/22/2024,1,26.62,33
3991,3992,Garcia-Myers,Finance,North America,7/2/2024,Basic,10,2,7/23/2024,0,241.37,48
3992,3993,Buckley-Wilson,Finance,Europe,2/17/2023,Free,2,0,8/1/2023,1,13.54,75
3993,3994,"Ferguson, Mathews and Hunt",Manufacturing,North America,10/16/2024,Pro,30,4,12/10/2024,0,882.88,15
3994,3995,"Gomez, Aguirre and Wilkins",Retail,North America,4/8/2026,Free,4,1,5/14/2026,1,31.75,26
3995,3996,Williamson-Meyer,Technology,North America,8/21/2024,Basic,20,1,9/10/2024,0,278.4,-2
3996,3997,Holden Ltd,Healthcare,Asia-Pacific,3/16/2026,Basic,13,1,7/15/2026,0,319.54,-2
3997,3998,Mcfarland-Green,Logistics,North America,9/5/2025,Pro,30,1,10/9/2025,0,1003.22,30
3998,3999,Martinez-Smith,Finance,Latin America,5/10/2024,Basic,14,1,5/20/2024,0,256.52,37
3999,4000,"Gutierrez, Lawson and Ramos",Technology,Europe,10/25/2024,Basic,14,1,1/12/2025,0,252.63,72
4000,4001,Parker and Sons,Technology,Europe,9/5/2023,Pro,40,2,11/17/2023,0,939.17,30
4001,4002,Mcmahon-Solomon,Finance,North America,12/25/2023,Enterprise,45,3,4/16/2024,0,5169,67
4002,4003,Roman and Sons,Retail,North America,7/5/2025,Enterprise,68,3,10/9/2025,0,5538.87,28
4003,4004,Williams Ltd,Finance,Europe,11/30/2024,Basic,16,2,2/5/2025,0,309.86,9
4004,4005,Day and Sons,Finance,North America,2/21/2023,Pro,31,0,3/11/2023,0,1072,56
4005,4006,Collins and Sons,Retail,Asia-Pacific,8/19/2024,Enterprise,50,2,10/4/2024,0,5497.01,73
4006,4007,Ross PLC,Logistics,Europe,7/15/2022,Free,4,0,8/16/2022,1,29.1,-6
4007,4008,"Daniel, Nguyen and Warren",Finance,North America,7/11/2025,Pro,30,1,7/23/2025,0,999.3,47
4008,4009,Smith Ltd,Finance,Europe,2/25/2025,Pro,27,0,7/23/2025,0,895.14,37
4009,4010,Ross Group,Manufacturing,North America,10/17/2025,Pro,34,3,11/26/2025,0,1020,26
4010,4011,"Chang, Lee and Stevens",Retail,Europe,9/14/2022,Basic,13,1,9/18/2022,0,273.33,40
4011,4012,Smith-Jennings,Finance,Latin America,6/23/2024,Free,7,0,7/10/2024,1,21.91,17
4012,4013,Daniel-Graham,Retail,Europe,10/25/2024,Enterprise,46,0,1/31/2025,0,5315.53,50
4013,4014,Mcdonald Group,Logistics,Europe,1/5/2023,Pro,24,0,2/10/2023,0,875.85,48
4014,4015,"Cordova, Rodriguez and Mora",Manufacturing,North America,2/14/2025,Free,4,0,3/24/2025,1,36.12,-5
4015,4016,"Mcmillan, Gardner and Smith",Logistics,Europe,4/18/2024,Free,5,0,4/25/2024,1,36.76,-9
4016,4017,Chen Inc,Logistics,North America,11/24/2025,Free,4,1,12/1/2025,1,12.25,-11
4017,4018,Hansen PLC,Logistics,Europe,1/10/2024,Basic,19,0,1/11/2024,0,250.91,46
4018,4019,"Taylor, Solomon and Faulkner",Manufacturing,North America,4/27/2026,Basic,8,0,5/11/2026,0,278.5,12
4019,4020,Winters Ltd,Finance,North America,2/10/2023,Basic,16,1,7/3/2023,0,248.52,-3
4020,4021,Ruiz PLC,Healthcare,Asia-Pacific,7/24/2024,Free,3,0,8/6/2024,1,6.17,-24
4021,4022,"Gaines, Ballard and Fitzgerald",Technology,Europe,10/19/2025,Enterprise,56,0,11/27/2025,0,5440.51,69
4022,4023,"Baker, Hill and Taylor",Technology,North America,4/26/2025,Pro,27,0,10/3/2025,0,962.1,0
4023,4024,Leon-Weeks,Healthcare,Europe,2/5/2025,Free,3,0,2/20/2025,1,26.86,-23
4024,4025,"Matthews, Lee and Barron",Technology,North America,5/21/2023,Free,5,0,5/30/2023,1,35.33,-4
4025,4026,Anderson Group,Logistics,Asia-Pacific,8/2/2024,Basic,13,1,1/7/2025,0,244.3,13
4026,4027,Garcia Ltd,Retail,North America,6/17/2022,Enterprise,54,5,7/8/2022,0,5231.2,61
4027,4028,"Bird, Jones and Warren",Finance,North America,12/16/2023,Basic,18,0,1/31/2024,0,295.21,25
4028,4029,Le Ltd,Manufacturing,Asia-Pacific,6/27/2023,Enterprise,44,2,8/16/2023,0,5229.28,84
4029,4030,Armstrong-Munoz,Finance,North America,10/18/2025,Pro,28,1,11/8/2025,0,992.1,26
4030,4031,"Ware, Carter and Moore",Finance,North America,11/2/2022,Basic,18,0,12/14/2022,0,293.12,11
4031,4032,Torres-Garcia,Finance,North America,7/15/2022,Basic,17,0,8/13/2022,0,272.64,89
4032,4033,"Foster, Barker and Brooks",Logistics,Asia-Pacific,12/15/2024,Free,2,0,2/19/2025,1,7.77,-31
4033,4034,Kaufman PLC,Logistics,Asia-Pacific,10/14/2022,Basic,9,0,11/23/2022,0,222.37,26
4034,4035,Rowland PLC,Manufacturing,Asia-Pacific,6/13/2023,Enterprise,59,2,8/6/2023,0,5402.91,17
4035,4036,"Maldonado, Johnson and Johnson",Manufacturing,North America,6/13/2023,Free,7,1,7/17/2023,1,64.53,37
4036,4037,Ferguson Group,Logistics,Europe,1/12/2025,Free,11,1,4/1/2025,0,95.87,33
4037,4038,Cook Group,Technology,Europe,12/23/2024,Free,6,0,4/17/2025,1,57.2,-37
4038,4039,"Marshall, Taylor and Walker",Logistics,Latin America,8/28/2023,Basic,18,1,9/22/2023,0,373.47,11
4039,4040,Fox Inc,Logistics,North America,1/11/2026,Free,9,0,1/25/2026,0,67.04,-1
4040,4041,Nunez-Petty,Healthcare,North America,5/31/2023,Free,0,0,7/2/2023,1,0,0
4041,4042,Dominguez Group,Finance,Europe,10/19/2022,Free,4,0,2/1/2023,1,18.71,-24
4042,4043,Dillon-Cross,Healthcare,Europe,5/18/2024,Free,4,0,6/30/2024,1,19.28,-3
4043,4044,Underwood Ltd,Retail,Europe,9/14/2024,Free,6,0,9/15/2024,1,44.01,31
4044,4045,"Lara, Kerr and Williams",Technology,North America,10/24/2022,Basic,17,1,10/26/2022,0,267.3,43
4045,4046,Nelson Inc,Healthcare,Europe,8/23/2024,Free,2,1,11/28/2024,1,15.67,-15
4046,4047,Harper and Sons,Finance,North America,7/13/2025,Free,3,1,9/23/2025,1,15.13,-60
4047,4048,Ward-Garcia,Technology,Asia-Pacific,3/23/2023,Pro,25,0,5/18/2023,0,1039.88,13
4048,4049,Wallace Ltd,Technology,North America,11/8/2024,Basic,18,1,4/9/2025,0,307.79,28
4049,4050,Woods-Williams,Healthcare,Asia-Pacific,2/14/2025,Enterprise,41,2,2/20/2025,0,5403.14,74
4050,4051,Guerrero PLC,Healthcare,North America,2/15/2024,Enterprise,54,2,3/1/2024,0,5375.81,68
4051,4052,Murphy PLC,Healthcare,North America,9/9/2023,Free,5,0,9/14/2023,1,25.11,24
4052,4053,"Contreras, Shelton and Glover",Healthcare,Europe,6/30/2025,Free,6,0,8/18/2025,1,23.8,19
4053,4054,Phillips PLC,Technology,North America,8/25/2025,Free,5,0,11/9/2025,1,15.91,-8
4054,4055,Blair Ltd,Retail,Europe,8/22/2024,Pro,27,0,9/25/2024,0,1045.62,70
4055,4056,"Medina, Diaz and Rivera",Manufacturing,Latin America,3/28/2026,Free,4,0,4/4/2026,1,34.64,19
4056,4057,"Mcdowell, Shelton and Henderson",Manufacturing,Latin America,8/17/2024,Basic,14,0,11/9/2024,0,300.91,32
4057,4058,Wood-Davidson,Technology,Asia-Pacific,2/7/2023,Basic,19,3,4/1/2023,0,325.65,21
4058,4059,Leblanc and Sons,Manufacturing,North America,7/2/2024,Free,5,0,6/14/2025,1,11.9,-16
4059,4060,"Chapman, Stephens and Vaughn",Retail,North America,12/31/2022,Free,9,1,3/18/2023,0,35.8,-10
4060,4061,"Wolfe, Juarez and Henry",Technology,Asia-Pacific,5/6/2023,Free,5,0,6/18/2023,1,17.59,0
4061,4062,Gill LLC,Healthcare,Europe,9/2/2023,Free,3,0,11/11/2023,1,21.24,37
4062,4063,Taylor Group,Logistics,North America,2/9/2023,Free,5,2,3/2/2023,1,38.26,-60
4063,4064,"Williams, Miller and Cameron",Retail,North America,1/9/2025,Basic,23,1,5/2/2025,0,262.6,28
4064,4065,Ellis Ltd,Technology,North America,2/28/2023,Pro,32,3,6/7/2023,0,1092.57,47
4065,4066,"Stout, Chandler and Perez",Logistics,Asia-Pacific,1/15/2025,Free,2,0,4/12/2025,1,11.33,15
4066,4067,Mcgee-Sanchez,Manufacturing,North America,1/4/2024,Pro,34,3,1/25/2024,0,1112.35,43
4067,4068,Nunez-Rowe,Healthcare,Europe,4/16/2024,Basic,14,0,4/16/2024,0,275.54,1
4068,4069,Martin Group,Technology,North America,8/6/2025,Basic,13,1,8/7/2025,0,291.93,31
4069,4070,Oliver LLC,Technology,Europe,5/4/2023,Basic,14,0,5/30/2023,0,252.17,6
4070,4071,"Jordan, Lopez and Erickson",Retail,Asia-Pacific,5/24/2023,Pro,28,2,5/24/2023,0,969.98,38
4071,4072,Werner-Willis,Logistics,Asia-Pacific,8/27/2024,Basic,9,0,1/8/2025,0,235.58,46
4072,4073,Jackson-Thomas,Finance,North America,12/7/2025,Free,9,0,12/23/2025,0,25.04,9
4073,4074,Holland LLC,Technology,North America,1/29/2026,Free,2,0,2/15/2026,1,16.68,29
4074,4075,"Rodriguez, Pena and Thomas",Technology,Europe,12/4/2023,Free,5,0,1/14/2024,1,49.76,-20
4075,4076,Bailey-Beltran,Logistics,Europe,2/4/2025,Basic,21,1,3/29/2025,0,267.19,31
4076,4077,"Carter, Torres and Norris",Logistics,North America,4/11/2025,Pro,22,4,4/11/2025,0,1017.27,17
4077,4078,Vasquez LLC,Logistics,North America,2/28/2024,Free,6,0,3/5/2024,1,27.72,-7
4078,4079,Padilla-Mack,Logistics,North America,11/3/2024,Free,4,0,1/5/2025,1,29.91,37
4079,4080,Moss and Sons,Logistics,Europe,5/21/2022,Pro,29,2,9/25/2022,0,878.77,70
4080,4081,Caldwell-Gray,Technology,North America,5/6/2025,Free,6,1,9/10/2025,1,49.72,-60
4081,4082,Harris-Griffin,Manufacturing,Asia-Pacific,10/10/2025,Basic,12,1,2/2/2026,0,237.16,69
4082,4083,Harris Ltd,Manufacturing,Asia-Pacific,10/21/2025,Pro,35,2,1/27/2026,0,1106.4,37
4083,4084,Reyes-Smith,Technology,North America,1/15/2026,Basic,20,0,1/23/2026,0,283.94,9
4084,4085,Dunlap-Medina,Finance,Asia-Pacific,8/7/2023,Basic,18,0,8/9/2023,0,372.13,35
4085,4086,Martin LLC,Finance,Europe,10/2/2023,Pro,32,1,4/27/2024,0,1101.61,51
4086,4087,"Schroeder, Reyes and Frank",Logistics,North America,11/30/2025,Basic,21,0,1/20/2026,0,300.79,14
4087,4088,Adams-Hernandez,Technology,North America,2/14/2026,Free,11,0,3/9/2026,0,72.35,-22
4088,4089,"Gonzalez, Werner and Greer",Technology,Europe,4/29/2024,Free,4,0,5/21/2024,1,9.68,-11
4089,4090,Anderson-Martinez,Logistics,Asia-Pacific,10/8/2022,Free,5,0,11/17/2022,1,36.97,-14
4090,4091,"Mccormick, Harper and Mitchell",Retail,North America,8/13/2025,Enterprise,34,2,8/19/2025,0,5101.83,60
4091,4092,"Strickland, Rosario and Day",Healthcare,Europe,12/11/2024,Pro,29,0,3/8/2025,0,888.94,19
4092,4093,Freeman-Carrillo,Technology,North America,10/19/2024,Pro,29,2,11/7/2024,0,1040.16,23
4093,4094,Barrett PLC,Manufacturing,Asia-Pacific,4/30/2026,Basic,20,0,8/10/2026,0,359.76,1
4094,4095,"Marsh, Harris and Allen",Healthcare,North America,3/25/2024,Free,11,1,3/30/2024,0,30.01,-4
4095,4096,Tyler and Sons,Healthcare,Asia-Pacific,9/21/2023,Basic,13,0,9/29/2023,0,318.98,47
4096,4097,Davis and Sons,Finance,North America,1/25/2023,Free,5,1,1/31/2023,1,13.95,24
4097,4098,"Mccall, Best and Bailey",Logistics,Latin America,5/26/2025,Free,4,0,5/28/2025,1,35.02,15
4098,4099,Dean-Hughes,Technology,Latin America,6/18/2023,Basic,10,0,8/26/2023,0,237.78,7
4099,4100,Scott Group,Finance,Europe,11/12/2024,Enterprise,48,1,11/23/2024,0,5137.31,72
4100,4101,"Perez, Mahoney and Powell",Healthcare,North America,1/3/2024,Basic,9,0,1/27/2024,0,232.08,51
4101,4102,"Lawson, Davis and Lewis",Finance,Asia-Pacific,12/25/2023,Basic,18,1,1/29/2024,0,264.07,-6
4102,4103,"Allison, Francis and Hill",Technology,Asia-Pacific,7/5/2025,Enterprise,62,1,10/2/2025,0,5575.8,60
4103,4104,Barnett and Sons,Retail,Asia-Pacific,6/26/2023,Free,8,0,7/29/2023,0,30.64,0
4104,4105,Rodriguez-Schneider,Finance,North America,10/20/2024,Pro,27,0,11/2/2024,0,1055.28,25
4105,4106,Jones Group,Technology,North America,9/6/2025,Basic,12,2,9/29/2025,0,254.48,29
4106,4107,Kelley-Smith,Retail,Europe,3/7/2025,Free,0,1,3/20/2025,1,0,7
4107,4108,Oneill-Bennett,Technology,North America,3/24/2024,Pro,30,2,3/28/2024,0,995.14,22
4108,4109,Pratt-Sweeney,Healthcare,Europe,10/3/2023,Enterprise,56,1,10/27/2023,0,5400.49,65
4109,4110,Miller PLC,Retail,Latin America,10/17/2025,Enterprise,53,2,11/18/2025,0,5335.24,39
4110,4111,George Group,Healthcare,North America,11/7/2022,Free,4,0,1/17/2023,1,8.62,-26
4111,4112,"Jackson, Austin and Whitehead",Retail,Asia-Pacific,8/6/2022,Free,7,0,8/14/2022,1,38.39,43
4112,4113,Davis-Hernandez,Finance,North America,2/27/2023,Free,7,0,7/29/2023,1,57.07,-39
4113,4114,Marks Inc,Technology,North America,9/12/2025,Pro,36,5,11/5/2025,0,1068.3,7
4114,4115,Hardy-Diaz,Logistics,Asia-Pacific,3/11/2024,Enterprise,53,1,5/22/2024,0,5467.55,53
4115,4116,"Hunter, Richardson and Young",Retail,North America,7/13/2023,Free,2,0,8/24/2023,1,5.61,45
4116,4117,Nelson Group,Logistics,North America,8/11/2022,Basic,16,1,8/21/2022,0,267.19,47
4117,4118,Ramirez and Sons,Retail,North America,9/13/2025,Free,5,0,12/29/2025,1,15.86,-25
4118,4119,Cline-Rodriguez,Retail,North America,4/29/2026,Free,4,0,6/22/2026,1,24.24,-37
4119,4120,Morrow-Nguyen,Healthcare,Asia-Pacific,7/25/2022,Free,2,1,9/22/2022,1,7.31,-70
4120,4121,Russell Ltd,Retail,North America,12/11/2024,Free,2,0,4/13/2025,1,12.9,-53
4121,4122,"Ferguson, Walker and Harris",Finance,Latin America,4/23/2025,Pro,35,1,4/23/2025,0,990.44,77
4122,4123,Wilson PLC,Manufacturing,Asia-Pacific,11/5/2023,Free,8,0,11/26/2023,0,42.09,-8
4123,4124,"Reeves, Raymond and Pearson",Technology,North America,2/15/2026,Enterprise,52,1,4/7/2026,0,5380.76,46
4124,4125,Chavez Inc,Manufacturing,North America,5/27/2025,Free,5,0,7/19/2025,1,48.12,-32
4125,4126,"Bird, Cook and Cooper",Manufacturing,Europe,6/30/2022,Free,4,0,7/9/2022,1,10.69,-35
4126,4127,Smith Inc,Finance,Asia-Pacific,5/12/2025,Free,4,0,1/17/2026,1,30.5,26
4127,4128,Stafford PLC,Finance,Latin America,5/3/2023,Pro,30,2,5/18/2023,0,975,13
4128,4129,Hernandez-Juarez,Technology,Asia-Pacific,11/17/2022,Free,6,1,1/19/2023,1,23.51,1
4129,4130,Phillips-Jacobs,Technology,North America,8/25/2024,Pro,26,0,9/30/2024,0,971.66,34
4130,4131,"Patterson, Cruz and Taylor",Finance,Asia-Pacific,7/6/2025,Free,8,1,7/7/2025,0,63.62,2
4131,4132,Roach Group,Technology,Latin America,9/24/2022,Free,6,0,10/8/2022,1,23.38,13
4132,4133,Cross-Ortiz,Manufacturing,North America,7/23/2023,Free,7,1,4/13/2024,1,44.58,-27
4133,4134,Barnes-King,Finance,Europe,1/10/2024,Pro,26,1,3/18/2024,0,917.96,12
4134,4135,"Moore, Russell and Young",Logistics,North America,9/2/2024,Pro,22,3,9/10/2024,0,902.59,11
4135,4136,Brown Inc,Finance,Europe,9/3/2023,Pro,22,0,9/24/2023,0,919.11,24
4136,4137,"Dyer, Hancock and Knapp",Manufacturing,North America,1/11/2024,Enterprise,54,3,2/9/2024,0,5323.05,70
4137,4138,Anderson and Sons,Manufacturing,Europe,4/3/2026,Basic,14,2,4/24/2026,0,264.37,36
4138,4139,Daniels-Holmes,Manufacturing,Europe,3/3/2026,Free,3,0,3/16/2026,1,16.43,28
4139,4140,Robinson-Hayes,Finance,Latin America,12/26/2022,Pro,30,2,2/23/2023,0,918.4,34
4140,4141,Bradshaw-Harper,Retail,North America,8/29/2022,Free,4,0,9/3/2022,1,31.16,2
4141,4142,Villanueva and Sons,Logistics,North America,2/19/2023,Free,5,0,3/8/2023,1,25.06,-12
4142,4143,Mason Ltd,Technology,North America,6/11/2023,Basic,18,3,10/7/2023,0,345.62,-34
4143,4144,"Murray, Robles and Thompson",Finance,North America,2/10/2023,Free,5,0,6/28/2023,1,48.5,14
4144,4145,"White, Smith and Taylor",Retail,North America,9/9/2023,Enterprise,56,1,2/4/2024,0,5348.24,57
4145,4146,Barker LLC,Technology,Europe,3/17/2026,Basic,9,1,5/3/2026,0,249.11,43
4146,4147,Jackson and Sons,Finance,Europe,4/13/2023,Pro,25,2,4/17/2023,0,855.78,44
4147,4148,Lewis-Noble,Technology,Asia-Pacific,9/8/2025,Free,1,0,9/15/2025,1,7.45,-5
4148,4149,"Odonnell, Ballard and Hampton",Finance,North America,4/6/2026,Pro,31,0,5/2/2026,0,1058.9,40
4149,4150,"Chapman, Kelley and Martinez",Technology,Asia-Pacific,11/27/2023,Pro,34,4,1/29/2024,0,1073.5,26
4150,4151,"Davidson, Bond and Winters",Logistics,North America,6/30/2025,Pro,33,3,7/9/2025,0,1059.29,62
4151,4152,Padilla PLC,Manufacturing,Asia-Pacific,5/25/2023,Free,7,1,5/26/2023,1,57.65,1
4152,4153,Green Ltd,Finance,North America,9/3/2024,Free,3,0,1/5/2025,1,15.39,33
4153,4154,Ramirez-Kaufman,Manufacturing,Europe,9/16/2022,Enterprise,38,1,11/24/2022,0,5159.18,80
4154,4155,Olsen-Huffman,Technology,Europe,4/18/2025,Free,5,0,5/21/2025,1,42.76,-16
4155,4156,"Mcdowell, Hebert and Thomas",Manufacturing,North America,4/22/2023,Basic,12,0,4/22/2023,0,272.59,-18
4156,4157,"Hall, Mccarthy and Miranda",Healthcare,North America,11/18/2024,Free,6,2,2/12/2025,1,38.04,-4
4157,4158,Fields Inc,Finance,Asia-Pacific,1/29/2025,Free,9,0,3/18/2025,0,77.16,-6
4158,4159,"Vang, Patel and Sweeney",Healthcare,North America,8/28/2022,Pro,24,3,8/30/2022,0,973.08,41
4159,4160,"Hunt, Bennett and Wallace",Finance,North America,5/14/2025,Basic,11,0,5/25/2025,0,305.95,21
4160,4161,Glenn PLC,Finance,North America,4/3/2023,Basic,12,1,6/21/2023,0,272.81,4
4161,4162,Bennett Ltd,Technology,Europe,11/23/2023,Pro,28,2,12/20/2023,0,1011.54,55
4162,4163,Craig-Dawson,Manufacturing,Europe,1/19/2024,Enterprise,39,2,4/26/2024,0,5338.37,47
4163,4164,Armstrong-Foley,Technology,North America,9/26/2022,Free,3,0,10/27/2022,1,27.99,34
4164,4165,Knox Ltd,Finance,Asia-Pacific,12/11/2023,Free,4,0,2/23/2024,1,9.75,-41
4165,4166,"Kennedy, Mcgee and Snyder",Technology,Asia-Pacific,7/21/2022,Pro,20,0,7/25/2022,0,953.25,67
4166,4167,Collins and Sons,Technology,North America,6/2/2023,Free,6,1,7/23/2023,1,34.25,-43
4167,4168,Rasmussen-Moore,Retail,Asia-Pacific,9/29/2024,Enterprise,53,2,12/6/2024,0,5263,54
4168,4169,"Berry, Page and Thompson",Retail,Asia-Pacific,9/5/2025,Pro,31,1,12/9/2025,0,905.55,54
4169,4170,Johnson PLC,Finance,Europe,4/22/2025,Basic,14,0,7/14/2025,0,302.23,9
4170,4171,Morgan-Valentine,Logistics,Europe,9/15/2022,Basic,15,1,10/25/2022,0,305.1,49
4171,4172,Brooks-Suarez,Technology,North America,3/31/2024,Basic,18,0,7/20/2024,0,260.9,6
4172,4173,Maddox Ltd,Manufacturing,Asia-Pacific,9/18/2022,Free,7,0,10/1/2022,1,18.45,77
4173,4174,Martinez-Lester,Finance,North America,4/23/2026,Basic,14,0,8/9/2026,0,293.92,12
4174,4175,Johnson LLC,Logistics,Asia-Pacific,5/5/2026,Free,3,0,6/28/2026,1,18.86,27
4175,4176,"Carter, Rivers and George",Manufacturing,North America,7/4/2023,Pro,22,1,7/4/2023,0,900.21,40
4176,4177,Larson-Green,Logistics,North America,3/18/2023,Free,6,1,4/22/2023,1,12.38,-24
4177,4178,James and Sons,Logistics,Asia-Pacific,1/15/2026,Free,3,0,3/17/2026,1,13.33,6
4178,4179,Gray Group,Logistics,North America,12/17/2023,Free,5,1,2/22/2024,1,21.58,-37
4179,4180,Davis Group,Retail,North America,1/24/2024,Free,8,2,3/7/2024,0,76.34,-5
4180,4181,Johnson-Figueroa,Retail,North America,5/2/2026,Pro,30,0,6/22/2026,0,1083.14,55
4181,4182,Morales LLC,Manufacturing,Europe,9/12/2024,Pro,27,0,11/27/2024,0,998.23,33
4182,4183,"Kramer, Hill and Flynn",Healthcare,North America,8/15/2025,Free,4,0,8/25/2025,1,27.46,-19
4183,4184,Blankenship Group,Technology,Europe,10/10/2024,Basic,15,1,10/18/2024,0,243.2,6
4184,4185,"Taylor, Jones and Woods",Retail,Asia-Pacific,7/16/2025,Enterprise,41,4,7/19/2025,0,5159.38,73
4185,4186,"Wilson, Dunn and Shields",Retail,North America,8/5/2022,Free,2,0,8/12/2022,1,10.25,12
4186,4187,Lee-Garcia,Manufacturing,Asia-Pacific,8/8/2023,Enterprise,64,5,9/15/2023,0,5166.99,53
4187,4188,"Hayden, Winters and Davies",Logistics,Europe,3/17/2024,Basic,19,1,4/7/2024,0,321.86,49
4188,4189,"Cline, Bell and Jones",Logistics,Latin America,3/17/2024,Basic,18,1,5/20/2024,0,300.78,-6
4189,4190,"Dominguez, Murray and Garcia",Retail,Europe,2/7/2024,Free,5,2,3/21/2024,1,13.85,25
4190,4191,Horton-James,Technology,Latin America,10/21/2025,Pro,36,1,12/5/2025,0,1112.92,38
4191,4192,"Holland, Coleman and Harris",Manufacturing,Asia-Pacific,10/11/2025,Free,3,0,12/23/2025,1,24.82,8
4192,4193,"Barr, Wright and Lara",Finance,Asia-Pacific,12/16/2024,Basic,17,0,1/26/2025,0,249.93,7
4193,4194,Harris-Davis,Manufacturing,Asia-Pacific,10/25/2022,Pro,22,0,11/29/2022,0,858.8,36
4194,4195,Robinson-Scott,Healthcare,North America,9/15/2024,Basic,9,1,10/12/2024,0,282.08,12
4195,4196,Wolfe-Horn,Healthcare,Europe,8/11/2023,Free,7,0,8/22/2023,1,22.63,13
4196,4197,"Blankenship, Taylor and Johnson",Retail,North America,3/21/2023,Basic,16,1,6/11/2023,0,333.66,55
4197,4198,Harding-Le,Technology,North America,5/23/2023,Free,3,0,6/4/2023,1,7.3,20
4198,4199,"Underwood, White and Jones",Finance,Europe,5/4/2023,Pro,25,1,5/4/2023,0,913.76,22
4199,4200,Garza LLC,Retail,North America,6/22/2022,Pro,32,2,7/8/2022,0,1012.95,66
4200,4201,Barnett LLC,Retail,North America,12/16/2022,Free,4,0,3/28/2023,1,16.47,21
4201,4202,"Howell, Smith and Cline",Manufacturing,Asia-Pacific,1/21/2023,Basic,13,1,4/30/2023,0,317.5,-12
4202,4203,Curry-Marquez,Retail,North America,9/5/2024,Enterprise,42,1,9/14/2024,0,5357.18,55
4203,4204,"Martin, Summers and Payne",Logistics,North America,1/28/2025,Pro,33,1,3/1/2025,0,1091.09,75
4204,4205,Brown-Allen,Logistics,Europe,10/8/2025,Basic,16,2,2/20/2026,0,351.96,61
4205,4206,Knapp and Sons,Technology,Latin America,2/14/2024,Basic,11,0,6/16/2024,0,225.84,25
4206,4207,Cooper-Kent,Finance,Europe,1/5/2025,Enterprise,56,4,4/13/2025,0,5357.18,63
4207,4208,Fisher Ltd,Retail,North America,2/1/2025,Pro,26,1,2/13/2025,0,866.28,92
4208,4209,"Ryan, Barnes and Robinson",Logistics,North America,4/27/2024,Basic,15,1,5/28/2024,0,249.45,39
4209,4210,Harris Ltd,Logistics,Asia-Pacific,12/5/2024,Basic,16,2,12/24/2024,0,252.72,-17
4210,4211,"Allen, Anderson and Barker",Manufacturing,North America,10/30/2025,Free,4,0,11/9/2025,1,34.63,38
4211,4212,Ruiz-Garrett,Technology,North America,6/1/2023,Free,6,1,9/7/2023,1,31.79,-59
4212,4213,"James, Porter and Pena",Logistics,Europe,9/21/2023,Free,4,1,10/3/2023,1,30.75,71
4213,4214,Browning PLC,Retail,Europe,1/1/2024,Free,3,0,2/14/2024,1,21.06,0
4214,4215,Gomez and Sons,Logistics,North America,10/6/2022,Free,6,0,3/16/2023,1,26.41,-7
4215,4216,Ellison-Mcguire,Retail,Latin America,9/1/2025,Basic,16,1,10/10/2025,0,232.1,27
4216,4217,Herrera and Sons,Logistics,North America,5/1/2024,Enterprise,48,4,7/4/2024,0,5473.04,47
4217,4218,Martinez Group,Finance,Europe,2/2/2026,Pro,26,0,6/13/2026,0,901.09,48
4218,4219,Erickson PLC,Technology,Europe,11/26/2024,Basic,10,1,3/24/2025,0,232.7,27
4219,4220,"Key, Martinez and Medina",Finance,North America,11/9/2023,Enterprise,54,3,1/7/2024,0,5127.39,85
4220,4221,"Jones, Smith and Jarvis",Manufacturing,Latin America,2/8/2023,Free,4,1,2/14/2023,1,18.79,-11
4221,4222,Gibson and Sons,Manufacturing,Asia-Pacific,7/22/2022,Free,4,0,7/31/2022,1,38.01,16
4222,4223,"Valencia, Garner and Marshall",Retail,Asia-Pacific,4/14/2024,Pro,24,1,4/14/2024,0,987.98,47
4223,4224,Carr and Sons,Logistics,Asia-Pacific,7/30/2023,Basic,15,3,12/3/2023,0,261.53,18
4224,4225,Carlson-Browning,Healthcare,North America,11/17/2022,Free,3,0,9/6/2023,1,7.07,32
4225,4226,Johnston-Johnson,Finance,Europe,4/20/2023,Free,7,1,4/27/2023,1,58.69,34
4226,4227,Lyons PLC,Healthcare,Europe,1/14/2023,Enterprise,52,3,3/7/2023,0,5144.09,61
4227,4228,"Fisher, Collins and Weeks",Logistics,North America,9/24/2024,Basic,12,0,11/27/2024,0,269.47,7
4228,4229,"Moore, Thompson and Sandoval",Retail,North America,3/7/2026,Enterprise,49,1,5/6/2026,0,5153.52,76
4229,4230,Morales PLC,Retail,Asia-Pacific,5/14/2025,Free,7,0,7/12/2025,1,49.79,-20
4230,4231,Green-Gaines,Technology,Asia-Pacific,12/26/2025,Free,2,0,5/6/2026,1,9.34,-21
4231,4232,Hernandez and Sons,Manufacturing,North America,12/9/2023,Pro,36,3,1/4/2024,0,952.15,33
4232,4233,Rodriguez-Pierce,Logistics,North America,12/27/2025,Enterprise,47,2,2/3/2026,0,5347.1,67
4233,4234,"Williams, Fernandez and Villarreal",Manufacturing,North America,10/30/2023,Free,7,0,6/22/2024,1,54.6,9
4234,4235,"Johnson, Valdez and Martinez",Finance,North America,4/8/2023,Free,2,0,4/16/2023,1,4.97,-18
4235,4236,Moore and Sons,Manufacturing,Europe,9/14/2022,Basic,18,0,9/18/2022,0,256.51,-23
4236,4237,Hansen and Sons,Technology,Asia-Pacific,2/12/2024,Enterprise,53,0,5/1/2024,0,5186.66,33
4237,4238,Hunter Ltd,Healthcare,Latin America,4/15/2024,Free,5,0,6/23/2024,1,19.63,29
4238,4239,Lopez and Sons,Technology,Latin America,6/9/2023,Free,6,1,8/15/2023,1,12.47,-13
4239,4240,Garcia-Neal,Retail,Europe,10/4/2024,Enterprise,37,3,7/2/2025,0,5194.54,93
4240,4241,"Williams, Deleon and Robertson",Finance,North America,12/13/2024,Pro,32,0,1/14/2025,0,933.23,41
4241,4242,Brooks Group,Retail,Europe,12/30/2022,Free,5,1,3/2/2023,1,10.26,46
4242,4243,Butler-Todd,Finance,North America,12/17/2023,Basic,15,0,9/30/2024,0,290.46,18
4243,4244,Campbell Ltd,Manufacturing,North America,8/19/2023,Free,6,1,11/21/2023,1,40.89,6
4244,4245,Powell Inc,Logistics,North America,12/29/2024,Pro,37,1,3/24/2025,0,947.16,61
4245,4246,"Valentine, Perez and Williams",Manufacturing,North America,3/15/2024,Free,7,0,4/1/2024,1,42.64,-31
4246,4247,"Lopez, Silva and Howell",Healthcare,North America,1/7/2026,Free,3,0,2/3/2026,1,24.1,90
4247,4248,Bautista Ltd,Retail,Europe,5/9/2025,Pro,41,2,5/30/2025,0,934.37,53
4248,4249,"Vaughn, Griffin and Stephenson",Technology,Asia-Pacific,3/9/2024,Free,8,1,4/25/2024,0,48.28,11
4249,4250,Woods LLC,Retail,North America,11/24/2023,Basic,15,1,12/22/2023,0,319.94,10
4250,4251,Adams Group,Retail,Europe,1/23/2024,Free,4,0,3/22/2024,1,29.56,-32
4251,4252,"Barron, Miller and Chapman",Healthcare,Latin America,12/23/2022,Pro,21,1,1/10/2023,0,867.77,31
4252,4253,"Morgan, Figueroa and Mccarthy",Technology,North America,12/8/2023,Free,8,0,3/18/2024,0,18.1,0
4253,4254,Lopez LLC,Manufacturing,North America,8/4/2022,Basic,20,0,8/9/2022,0,371.22,10
4254,4255,Santos-Rice,Technology,North America,6/25/2022,Basic,11,1,7/10/2022,0,242.59,-7
4255,4256,"Perez, Hoffman and Swanson",Healthcare,North America,10/18/2023,Free,1,0,3/17/2024,1,2.92,17
4256,4257,Cruz-Cervantes,Manufacturing,Europe,12/1/2025,Enterprise,38,2,12/20/2025,0,5232.4,25
4257,4258,"Hardy, Ross and Sandoval",Logistics,North America,2/20/2024,Basic,15,4,4/5/2024,0,298.55,30
4258,4259,Todd-Parker,Retail,Asia-Pacific,5/21/2023,Free,5,0,6/4/2023,1,20.08,-2
4259,4260,Swanson Inc,Retail,Europe,6/17/2024,Pro,33,4,7/11/2024,0,1086.56,37
4260,4261,Allen-Lewis,Manufacturing,Europe,2/6/2026,Basic,15,1,2/16/2026,0,326.84,50
4261,4262,Nelson and Sons,Retail,Europe,8/1/2024,Free,4,0,8/14/2025,1,10.35,8
4262,4263,Ellis Ltd,Manufacturing,Europe,4/2/2025,Basic,15,1,5/2/2025,0,348.92,14
4263,4264,Jones Inc,Healthcare,North America,1/9/2023,Basic,11,0,2/25/2023,0,237.91,29
4264,4265,"Brewer, Gomez and Bailey",Healthcare,North America,5/16/2022,Basic,10,0,6/13/2022,0,295.04,60
4265,4266,Shelton Ltd,Retail,Europe,10/13/2023,Basic,12,0,12/28/2023,0,284.84,59
4266,4267,"Marshall, Alexander and King",Retail,North America,2/10/2023,Pro,29,1,2/23/2023,0,936.73,50
4267,4268,Edwards PLC,Technology,Asia-Pacific,12/14/2024,Basic,15,0,12/15/2024,0,308.59,-6
4268,4269,"Hart, Gomez and Mcconnell",Logistics,Europe,12/22/2025,Free,7,1,2/28/2026,1,44.11,33
4269,4270,Williamson Group,Healthcare,Europe,8/6/2025,Free,3,0,9/13/2025,1,7.06,-16
4270,4271,Gonzalez PLC,Finance,North America,11/13/2022,Free,6,0,1/12/2023,1,49.3,-9
4271,4272,Young-Moore,Manufacturing,North America,4/11/2024,Free,2,0,10/4/2024,1,14.9,37
4272,4273,Harrell LLC,Technology,North America,2/28/2024,Free,6,0,4/27/2024,1,37.14,-23
4273,4274,Foster-Welch,Finance,Asia-Pacific,5/29/2023,Free,10,0,6/5/2023,0,41.82,-33
4274,4275,Wang Ltd,Retail,Europe,5/2/2024,Free,4,1,8/20/2024,1,15.8,16
4275,4276,"Duran, Dunn and Harper",Technology,North America,6/19/2022,Free,6,0,6/28/2022,1,17.68,-3
4276,4277,"Garza, Lloyd and Thomas",Retail,Europe,10/4/2023,Basic,23,1,11/13/2023,0,297.89,31
4277,4278,Stewart LLC,Logistics,Europe,7/22/2025,Basic,21,1,7/22/2025,0,368.04,-14
4278,4279,"Mckenzie, Robertson and Campbell",Retail,North America,9/18/2025,Basic,19,2,12/22/2025,0,306.93,36
4279,4280,Galloway Group,Technology,Europe,8/25/2023,Basic,9,1,12/10/2023,0,220.76,47
4280,4281,Serrano-Howard,Logistics,North America,1/16/2026,Free,4,0,2/12/2026,1,34.51,20
4281,4282,Acosta-Lawson,Retail,Asia-Pacific,1/29/2023,Pro,25,1,5/10/2023,0,958.01,11
4282,4283,"Wolfe, Turner and Jones",Healthcare,North America,2/10/2025,Free,7,0,3/3/2025,1,54.61,-3
4283,4284,Davila-Brown,Technology,North America,5/21/2024,Pro,25,1,6/3/2024,0,916.13,18
4284,4285,Williams and Sons,Manufacturing,Asia-Pacific,2/8/2025,Pro,34,1,6/18/2025,0,937.29,52
4285,4286,Garcia Ltd,Logistics,North America,5/8/2026,Free,2,0,7/16/2026,1,5.33,0
4286,4287,Cobb PLC,Healthcare,North America,1/15/2023,Basic,7,0,2/15/2023,1,247.32,31
4287,4288,Hamilton and Sons,Finance,Latin America,10/11/2022,Enterprise,44,1,11/27/2022,0,5224.19,46
4288,4289,Torres Group,Manufacturing,Europe,4/29/2024,Free,4,1,5/1/2024,1,26.92,20
4289,4290,"Young, Gilmore and Nelson",Logistics,Asia-Pacific,1/13/2023,Free,4,0,1/16/2023,1,11.32,19
4290,4291,Clark Inc,Logistics,Europe,8/22/2023,Free,6,1,9/2/2023,1,40.96,-7
4291,4292,Ryan-Sharp,Manufacturing,Europe,3/26/2025,Free,6,0,4/17/2025,1,30.27,-16
4292,4293,"Harrison, Ruiz and Peterson",Healthcare,Asia-Pacific,7/2/2025,Basic,18,0,8/1/2025,0,324.96,-6
4293,4294,"Wallace, King and Williams",Healthcare,Asia-Pacific,2/2/2026,Free,3,0,5/7/2026,1,6.12,18
4294,4295,"Hammond, Sullivan and Ross",Technology,Asia-Pacific,6/3/2025,Basic,13,1,6/10/2025,0,253.71,40
4295,4296,Williams-Hicks,Finance,North America,10/7/2024,Pro,23,0,1/31/2025,0,1004.16,54
4296,4297,Thompson and Sons,Manufacturing,Europe,8/10/2025,Free,7,0,8/21/2025,1,69.68,66
4297,4298,Johnson Ltd,Healthcare,North America,3/20/2024,Free,1,0,8/8/2024,1,6.35,11
4298,4299,"Sanchez, Mendoza and Chen",Healthcare,North America,10/27/2023,Free,2,0,11/18/2023,1,4.5,6
4299,4300,"Cooper, Escobar and Buckley",Technology,Asia-Pacific,4/19/2024,Free,5,0,5/4/2024,1,20.2,23
4300,4301,"Tucker, Holland and Norman",Finance,North America,4/2/2024,Free,5,0,5/11/2024,1,10.48,-1
4301,4302,"Stanton, Burns and Miller",Finance,North America,8/31/2023,Free,4,0,9/9/2023,1,35.95,3
4302,4303,Burnett-Bender,Retail,Europe,7/3/2024,Pro,36,0,7/18/2024,0,1127.2,77
4303,4304,Moody Group,Healthcare,Latin America,8/18/2022,Pro,30,1,3/3/2023,0,908.98,47
4304,4305,Hicks PLC,Healthcare,Latin America,8/20/2024,Basic,4,0,11/20/2024,1,219.57,27
4305,4306,Miles-Rasmussen,Technology,Latin America,2/13/2026,Free,4,0,2/14/2026,1,18.31,-26
4306,4307,"Cordova, Moore and Carr",Healthcare,Latin America,8/25/2025,Free,5,1,1/22/2026,1,41.72,-10
4307,4308,Savage Ltd,Retail,North America,11/26/2022,Basic,18,1,12/25/2022,0,326.02,-5
4308,4309,Gibbs Group,Logistics,North America,7/9/2023,Free,9,0,8/28/2023,0,57.62,-30
4309,4310,Kelly-Pearson,Technology,North America,1/4/2024,Free,6,0,2/22/2024,1,31.86,-10
4310,4311,Williams-Hartman,Healthcare,North America,3/26/2024,Free,5,0,9/11/2024,1,25.86,13
4311,4312,Mendez Inc,Finance,Asia-Pacific,1/6/2026,Basic,13,0,1/15/2026,0,244.31,16
4312,4313,Travis-Wheeler,Retail,Asia-Pacific,1/1/2023,Enterprise,48,2,2/22/2023,0,5431.81,48
4313,4314,Jennings-Greene,Manufacturing,Europe,1/26/2024,Basic,17,0,4/9/2024,0,292.23,23
4314,4315,Patel PLC,Manufacturing,North America,12/11/2024,Basic,15,1,1/21/2025,0,339.07,35
4315,4316,"Taylor, Howell and Crawford",Logistics,Asia-Pacific,12/18/2025,Basic,16,1,1/16/2026,0,321.99,4
4316,4317,"Rodriguez, Hunter and Byrd",Technology,Asia-Pacific,10/22/2023,Free,5,0,11/7/2023,1,41.28,-5
4317,4318,"Coleman, Bowers and Jackson",Technology,Europe,1/17/2026,Free,4,1,2/5/2026,1,33.5,-4
4318,4319,Fitzpatrick Inc,Technology,Asia-Pacific,5/31/2023,Enterprise,57,3,11/17/2023,0,5128.19,45
4319,4320,Robles Group,Manufacturing,Asia-Pacific,9/10/2025,Pro,26,0,9/12/2025,0,882.26,29
4320,4321,"Moran, Jones and Lewis",Technology,North America,10/1/2022,Basic,23,1,11/4/2022,0,359.75,48
4321,4322,"Santos, Gonzalez and Buck",Retail,Latin America,4/2/2023,Basic,17,1,5/20/2023,0,237.48,11
4322,4323,Bishop Group,Healthcare,North America,4/24/2024,Basic,7,0,7/18/2024,1,227.17,48
4323,4324,Walker LLC,Retail,North America,6/7/2023,Pro,29,2,9/18/2023,0,1036.7,46
4324,4325,Smith-Ward,Logistics,Latin America,8/31/2022,Free,6,0,9/13/2022,1,55.67,21
4325,4326,Wang Group,Technology,Europe,1/31/2023,Pro,26,1,3/16/2023,0,857.01,39
4326,4327,Davis-Cruz,Healthcare,North America,12/1/2025,Free,8,0,12/5/2025,0,23.95,-29
4327,4328,Munoz Group,Retail,North America,8/2/2023,Free,8,0,9/29/2023,0,57.38,-47
4328,4329,Obrien-Rice,Retail,Latin America,11/23/2024,Free,7,1,3/21/2025,1,41.44,-7
4329,4330,Morris Ltd,Technology,Europe,9/10/2025,Basic,15,1,1/28/2026,0,273.87,27
4330,4331,Townsend-Chavez,Logistics,North America,7/5/2025,Basic,15,1,8/4/2025,0,280.53,77
4331,4332,Smith-Pruitt,Logistics,Latin America,10/3/2025,Free,4,0,10/5/2025,1,21.87,-4
4332,4333,"Butler, Mathis and George",Technology,Asia-Pacific,9/14/2025,Free,5,1,4/27/2026,1,23.52,2
4333,4334,Cummings-Ross,Technology,North America,10/10/2024,Basic,13,0,10/26/2024,0,306.72,62
4334,4335,"Wilson, Patterson and Davis",Retail,North America,11/17/2025,Free,6,0,1/1/2026,1,28.22,16
4335,4336,"Marshall, Hall and Green",Logistics,Asia-Pacific,4/26/2025,Enterprise,44,4,7/14/2025,0,5218.14,74
4336,4337,Massey-Marshall,Logistics,North America,7/2/2023,Pro,23,2,7/2/2023,0,946.15,58
4337,4338,Robbins-Thomas,Healthcare,Asia-Pacific,12/16/2025,Basic,12,0,1/1/2026,0,268.82,7
4338,4339,Wright LLC,Finance,North America,4/17/2026,Free,2,0,6/5/2026,1,4.48,-29
4339,4340,Houston Inc,Manufacturing,Europe,1/31/2023,Free,1,1,6/8/2023,1,2.1,8
4340,4341,James-Ellison,Retail,Latin America,12/27/2025,Free,5,0,3/21/2026,1,27.14,-9
4341,4342,Mitchell and Sons,Manufacturing,Asia-Pacific,11/15/2025,Free,4,0,12/17/2025,1,21.38,34
4342,4343,"Ray, Martin and Welch",Technology,Asia-Pacific,4/6/2023,Free,3,0,8/25/2023,1,14.93,25
4343,4344,Franco-Krueger,Manufacturing,North America,6/23/2023,Basic,11,1,8/15/2023,0,247.25,-1
4344,4345,Hernandez-Taylor,Logistics,Asia-Pacific,11/7/2025,Free,3,0,1/16/2026,1,26.87,-3
4345,4346,Short Ltd,Technology,Latin America,7/2/2022,Free,6,0,7/27/2022,1,15.29,16
4346,4347,Clark-Grant,Finance,Latin America,9/12/2023,Basic,19,0,9/14/2023,0,323.17,-6
4347,4348,Page and Sons,Technology,Asia-Pacific,5/17/2024,Enterprise,50,6,8/8/2024,0,5475.58,58
4348,4349,Farmer and Sons,Retail,North America,2/13/2026,Basic,17,1,3/18/2026,0,267.9,29
4349,4350,Rosario Inc,Finance,Latin America,6/20/2023,Free,6,0,7/5/2023,1,19.34,-10
4350,4351,Thomas LLC,Manufacturing,Europe,1/4/2025,Free,5,0,1/17/2025,1,22.55,-5
4351,4352,Duncan-Anderson,Retail,Europe,1/20/2026,Enterprise,46,4,3/20/2026,0,5276.95,89
4352,4353,Hall Inc,Logistics,North America,5/18/2023,Basic,14,0,6/27/2023,0,283.57,64
4353,4354,"Little, Kelley and Ortiz",Retail,North America,9/6/2022,Free,5,0,9/15/2022,1,28.58,24
4354,4355,Cook and Sons,Healthcare,Latin America,10/6/2025,Free,3,0,11/3/2025,1,24.79,0
4355,4356,Davis and Sons,Finance,North America,5/20/2023,Pro,29,2,7/11/2023,0,871.85,48
4356,4357,Smith Group,Logistics,North America,1/22/2023,Free,0,0,1/23/2023,1,0,-22
4357,4358,Lynch Ltd,Finance,North America,12/7/2023,Free,8,0,12/20/2023,0,70.27,24
4358,4359,Chavez Group,Logistics,Europe,11/29/2023,Free,4,0,12/9/2023,1,27.85,-15
4359,4360,Franklin Group,Technology,Europe,1/27/2023,Free,8,1,4/2/2023,0,76.63,10
4360,4361,Ruiz Group,Retail,North America,2/26/2023,Basic,14,2,3/15/2023,0,293.05,-3
4361,4362,Gonzalez Ltd,Healthcare,Europe,10/21/2023,Free,3,0,11/16/2023,1,23.53,40
4362,4363,Rogers and Sons,Finance,Asia-Pacific,11/22/2023,Free,8,0,1/25/2024,0,35.88,60
4363,4364,"Evans, Lam and Collins",Healthcare,North America,12/19/2025,Pro,38,1,2/26/2026,0,1139,67
4364,4365,Hoffman-Johnson,Healthcare,Asia-Pacific,6/22/2022,Pro,27,2,8/6/2022,0,935.1,25
4365,4366,"Hensley, Smith and Finley",Manufacturing,Europe,11/20/2022,Free,3,0,12/29/2022,1,8.19,45
4366,4367,"Harrell, Warner and Mueller",Technology,Asia-Pacific,10/23/2022,Basic,13,0,11/9/2022,0,248.82,16
4367,4368,"Olson, Williams and Anderson",Technology,Europe,1/19/2024,Pro,25,0,1/27/2024,0,892.67,30
4368,4369,Adams Group,Manufacturing,Asia-Pacific,4/28/2026,Free,3,1,8/31/2026,1,27.1,32
4369,4370,Hess and Sons,Logistics,Asia-Pacific,11/11/2025,Free,3,1,12/12/2025,1,29.48,-20
4370,4371,Osborne-Henderson,Healthcare,North America,6/14/2022,Pro,30,0,8/13/2022,0,1040.06,39
4371,4372,Watson-Taylor,Healthcare,North America,4/12/2024,Free,4,0,7/6/2024,1,31.13,18
4372,4373,Lang PLC,Retail,North America,7/20/2024,Free,6,0,7/28/2024,1,33.97,4
4373,4374,Williams Inc,Finance,Europe,4/12/2024,Free,5,0,7/1/2024,1,29.13,41
4374,4375,Wells PLC,Technology,Europe,11/9/2022,Basic,7,0,7/23/2023,1,243.11,-2
4375,4376,Mills-Johnson,Retail,Asia-Pacific,10/6/2024,Pro,30,2,2/16/2025,0,1010.53,35
4376,4377,Wright PLC,Technology,Asia-Pacific,12/17/2025,Free,6,0,2/18/2026,1,44.58,-16
4377,4378,Mathews-Calderon,Manufacturing,Europe,6/6/2023,Enterprise,41,2,6/7/2023,0,5188.79,64
4378,4379,Shelton-Ruiz,Healthcare,Europe,5/12/2024,Basic,17,0,6/12/2024,0,339.06,41
4379,4380,Wheeler LLC,Finance,Europe,1/6/2023,Pro,30,2,3/20/2023,0,1089.9,7
4380,4381,Rodgers-Lewis,Healthcare,North America,11/17/2022,Basic,17,5,11/20/2022,0,327.65,7
4381,4382,Wise Inc,Retail,Asia-Pacific,3/21/2026,Pro,20,1,4/11/2026,0,861.37,52
4382,4383,Sanchez-Valdez,Logistics,Asia-Pacific,4/3/2023,Free,4,0,5/27/2023,1,25.45,-42
4383,4384,"Smith, Anderson and Hill",Manufacturing,Latin America,10/30/2025,Pro,25,2,12/30/2025,0,874.14,59
4384,4385,Hines Group,Finance,Europe,2/9/2024,Basic,13,0,2/14/2024,0,324.65,8
4385,4386,Good PLC,Manufacturing,Latin America,1/9/2025,Basic,12,0,2/20/2025,0,294.05,5
4386,4387,Welch-Wilson,Healthcare,North America,7/4/2023,Free,7,1,8/22/2023,1,62.96,21
4387,4388,Davis-Miller,Technology,Asia-Pacific,10/10/2022,Pro,30,1,1/14/2023,0,1022.32,35
4388,4389,Dunn-Phillips,Manufacturing,North America,4/25/2026,Free,3,0,8/7/2026,1,10.57,15
4389,4390,"Chapman, Hopkins and Moore",Finance,North America,9/19/2022,Pro,29,1,11/17/2022,0,1000.47,57
4390,4391,Jones and Sons,Manufacturing,Europe,8/6/2022,Basic,17,1,9/22/2022,0,305.41,48
4391,4392,Clark Ltd,Manufacturing,North America,10/24/2023,Enterprise,44,3,11/16/2023,0,5089.88,52
4392,4393,Meyer Ltd,Healthcare,Europe,8/28/2024,Enterprise,48,1,11/13/2024,0,5334.74,45
4393,4394,Rodriguez PLC,Finance,North America,7/13/2022,Basic,11,0,7/29/2022,0,264.9,-21
4394,4395,White and Sons,Logistics,Asia-Pacific,3/29/2023,Basic,22,1,4/26/2023,0,401.88,20
4395,4396,"Lopez, Roy and Pacheco",Technology,Asia-Pacific,10/14/2023,Free,3,0,10/30/2023,1,10.6,-22
4396,4397,Harris-Christensen,Technology,Europe,2/25/2024,Free,7,0,3/12/2024,1,63.85,-8
4397,4398,"Hernandez, Morris and Clark",Finance,Europe,2/10/2026,Free,11,0,4/17/2026,0,106.36,-28
4398,4399,"Wilson, Contreras and Ruiz",Technology,North America,12/20/2024,Free,5,0,2/3/2025,1,13.07,-39
4399,4400,"Hawkins, Andrews and Rodgers",Finance,North America,11/12/2025,Free,6,0,12/11/2025,1,53.84,-29
4400,4401,Jones-Schneider,Finance,Latin America,10/2/2024,Basic,22,1,11/12/2024,0,413.7,-2
4401,4402,"Miller, Norris and Moore",Healthcare,Latin America,11/19/2022,Pro,25,2,1/12/2023,0,1028.39,-9
4402,4403,Walker-Atkinson,Technology,Asia-Pacific,12/12/2023,Enterprise,53,3,5/12/2024,0,5264.26,74
4403,4404,Gregory Group,Retail,Europe,8/13/2022,Free,3,1,8/20/2022,1,22.43,-6
4404,4405,Cook Group,Retail,North America,5/1/2025,Basic,21,1,6/2/2025,0,251.28,41
4405,4406,Evans PLC,Retail,Asia-Pacific,12/30/2023,Pro,37,2,1/27/2024,0,1125.71,42
4406,4407,Walls and Sons,Finance,Asia-Pacific,8/2/2024,Free,2,0,9/3/2024,1,13.45,27
4407,4408,Crosby-George,Manufacturing,Europe,9/6/2025,Pro,29,2,9/23/2025,0,1010.21,30
4408,4409,Miller-Huffman,Healthcare,North America,1/11/2025,Basic,15,0,6/19/2025,0,293.09,20
4409,4410,Bridges-Jones,Finance,Asia-Pacific,6/15/2024,Free,3,0,6/27/2024,1,26.6,22
4410,4411,Schmidt-Johnson,Logistics,North America,9/12/2023,Enterprise,36,5,11/3/2023,0,5133.09,72
4411,4412,"Ball, Mahoney and Harris",Retail,Europe,7/16/2025,Enterprise,45,5,7/24/2025,0,5259.01,43
4412,4413,Rogers Group,Finance,Asia-Pacific,6/7/2024,Free,3,0,8/7/2024,1,27.89,30
4413,4414,Newman and Sons,Retail,Asia-Pacific,9/6/2023,Free,5,0,9/27/2023,1,49.34,0
4414,4415,Fowler PLC,Manufacturing,North America,3/15/2026,Pro,35,3,3/18/2026,0,875.15,34
4415,4416,"Mccarthy, Smith and Owen",Technology,Asia-Pacific,8/14/2024,Pro,20,0,8/23/2024,0,920.91,3
4416,4417,Collins LLC,Retail,North America,5/29/2023,Free,8,0,11/8/2023,0,75.86,29
4417,4418,Jackson-Smith,Finance,North America,1/12/2025,Enterprise,47,4,7/21/2025,0,5287.52,88
4418,4419,Jones-Gray,Finance,North America,4/6/2023,Basic,13,0,5/10/2023,0,300.74,-2
4419,4420,Simon-Soto,Healthcare,North America,9/1/2025,Pro,33,1,9/14/2025,0,957.71,61
4420,4421,Hodges Ltd,Healthcare,Latin America,5/15/2023,Basic,13,0,7/23/2023,0,303.73,-3
4421,4422,Ewing-Donovan,Manufacturing,North America,4/13/2023,Enterprise,52,1,10/31/2023,0,5148.65,47
4422,4423,"Thompson, Ryan and Tapia",Technology,Europe,4/23/2026,Free,5,0,5/23/2026,1,44.51,-8
4423,4424,"Johnson, Barber and Gregory",Finance,Europe,8/24/2024,Free,7,0,9/13/2024,1,38.04,-8
4424,4425,"Williams, Peterson and Blanchard",Finance,North America,8/30/2024,Pro,33,5,3/9/2025,0,914.77,20
4425,4426,Russell PLC,Retail,North America,10/5/2023,Free,5,0,10/8/2023,1,39.16,-15
4426,4427,"Cooke, Aguilar and Greer",Logistics,Asia-Pacific,9/26/2024,Basic,17,0,1/23/2025,0,271.62,18
4427,4428,Brady-Lawson,Technology,North America,9/27/2023,Free,2,0,10/18/2023,1,12.61,28
4428,4429,"Chavez, Villegas and Phelps",Manufacturing,Latin America,11/28/2025,Free,3,1,4/3/2026,1,7.89,35
4429,4430,"Pierce, Hanson and Hampton",Manufacturing,North America,6/12/2025,Free,11,1,8/17/2025,0,43.43,20
4430,4431,Baker Group,Finance,Asia-Pacific,11/13/2022,Pro,30,0,11/14/2022,0,876.55,58
4431,4432,Dixon-Jackson,Logistics,North America,11/19/2025,Basic,5,0,12/13/2025,1,210.24,15
4432,4433,Chan-Parker,Logistics,North America,4/10/2026,Basic,13,0,6/16/2026,0,305.33,46
4433,4434,Johnson Inc,Logistics,North America,11/3/2023,Free,6,0,1/19/2024,1,52.21,-6
4434,4435,"Reed, Underwood and Coleman",Retail,Europe,4/4/2023,Free,4,0,4/19/2023,1,27.87,-62
4435,4436,"Alvarez, Smith and Walker",Logistics,Europe,9/27/2022,Free,8,0,12/15/2022,0,41.09,-19
4436,4437,"Smith, Larson and Baird",Finance,North America,1/29/2026,Free,7,0,3/21/2026,1,28.88,6
4437,4438,Lyons PLC,Technology,North America,2/11/2025,Basic,22,1,6/5/2025,0,382.4,33
4438,4439,"Donovan, Wright and Barrett",Manufacturing,Latin America,3/3/2026,Enterprise,52,2,3/29/2026,0,5142.4,62
4439,4440,Hudson Ltd,Logistics,Latin America,3/17/2026,Basic,12,0,11/7/2026,0,227.53,22
4440,4441,Davis and Sons,Manufacturing,North America,9/10/2025,Basic,10,1,12/27/2025,0,289.34,39
4441,4442,Walker Ltd,Manufacturing,Asia-Pacific,7/1/2022,Pro,34,0,8/25/2022,0,1017.88,42
4442,4443,Shaw-Ward,Retail,North America,7/25/2025,Enterprise,47,4,9/1/2025,0,5142.37,80
4443,4444,Black-Norris,Technology,Europe,8/16/2025,Free,9,0,9/2/2025,0,60.54,-21
4444,4445,Hernandez-Richardson,Finance,Asia-Pacific,4/16/2026,Free,2,0,5/3/2026,1,19.19,7
4445,4446,Richardson-Perry,Manufacturing,North America,1/5/2023,Free,4,0,3/8/2023,1,13.51,23
4446,4447,"Bates, Barajas and Moody",Technology,Europe,1/7/2023,Free,1,0,5/17/2023,1,7.38,4
4447,4448,"Reynolds, Ingram and Ramirez",Finance,Europe,3/23/2025,Free,5,0,4/9/2025,1,35.92,24
4448,4449,Ramos-Jefferson,Healthcare,North America,4/27/2024,Pro,36,5,9/24/2024,0,976.6,59
4449,4450,"Patterson, Rogers and Sandoval",Healthcare,North America,5/12/2026,Free,9,0,6/10/2026,0,73.67,-33
4450,4451,Morales LLC,Technology,Asia-Pacific,11/9/2024,Pro,30,1,11/22/2024,0,1001.64,40
4451,4452,Ramsey-Moore,Finance,North America,12/1/2022,Free,3,0,12/1/2022,1,14.73,-55
4452,4453,Hughes and Sons,Technology,North America,7/28/2024,Free,7,0,8/31/2024,1,50.07,30
4453,4454,Gibson and Sons,Healthcare,Latin America,5/26/2025,Pro,31,1,6/20/2025,0,884.17,52
4454,4455,Fisher and Sons,Retail,Europe,5/23/2025,Basic,15,0,7/3/2025,0,342.08,43
4455,4456,Rodgers-Gill,Healthcare,North America,6/4/2024,Enterprise,54,5,8/11/2024,0,5463.47,73
4456,4457,Jordan-Trevino,Retail,North America,10/25/2023,Pro,27,2,11/8/2023,0,878.43,21
4457,4458,King-Braun,Logistics,Europe,3/27/2025,Pro,35,2,6/2/2025,0,925.34,18
4458,4459,"Thomas, Ward and Potter",Healthcare,North America,2/20/2024,Free,4,0,7/9/2024,1,32.47,-6
4459,4460,"Serrano, Fleming and King",Retail,Europe,1/31/2024,Free,7,0,2/17/2024,1,38.43,64
4460,4461,Stewart Group,Retail,Europe,12/10/2024,Enterprise,65,2,12/11/2024,0,5173.7,70
4461,4462,"Rhodes, Davis and Kennedy",Technology,Europe,2/3/2026,Free,3,0,4/4/2026,1,24.11,32
4462,4463,Mendoza Ltd,Healthcare,Asia-Pacific,10/5/2024,Pro,30,3,12/10/2024,0,861.29,60
4463,4464,"Daniel, Wilson and Nguyen",Healthcare,North America,9/30/2023,Basic,16,0,9/30/2023,0,339.8,11
4464,4465,Park and Sons,Manufacturing,Asia-Pacific,3/6/2025,Enterprise,57,3,3/30/2025,0,5129.46,52
4465,4466,Leblanc Group,Retail,Asia-Pacific,4/13/2026,Free,6,0,6/9/2026,1,29.92,-12
4466,4467,"Miller, Singh and Robbins",Manufacturing,Asia-Pacific,2/28/2024,Basic,22,1,3/1/2024,0,294.56,49
4467,4468,"Castillo, Davis and Hill",Finance,North America,2/10/2023,Free,2,0,2/17/2023,1,8.44,13
4468,4469,Roach-Yang,Finance,Latin America,7/2/2023,Basic,21,0,7/24/2023,0,332.39,15
4469,4470,"Mora, Thomas and Simon",Logistics,North America,12/14/2022,Basic,14,0,12/30/2022,0,255.22,14
4470,4471,Cervantes-Gomez,Retail,North America,11/6/2024,Free,2,0,3/3/2025,1,5.89,-12
4471,4472,Cross-Clark,Logistics,Latin America,11/19/2023,Free,4,0,12/30/2023,1,34.87,10
4472,4473,Johnson-Nelson,Manufacturing,North America,5/15/2022,Basic,15,2,5/23/2022,0,239.39,-11
4473,4474,Freeman Group,Manufacturing,Europe,3/30/2024,Enterprise,62,5,5/8/2024,0,5427.2,56
4474,4475,"Johnson, White and Chan",Manufacturing,Europe,5/16/2023,Free,4,0,8/26/2023,1,26.49,34
4475,4476,Travis-Chan,Logistics,Asia-Pacific,8/19/2023,Free,5,0,12/24/2023,1,20.83,-9
4476,4477,"Butler, Ramos and Padilla",Healthcare,Asia-Pacific,6/30/2025,Free,2,0,10/25/2025,1,11.23,-17
4477,4478,Durham-Escobar,Retail,Europe,2/16/2023,Free,3,0,6/22/2023,1,12.42,-41
4478,4479,Murray-Holmes,Technology,Asia-Pacific,5/7/2026,Free,1,0,5/11/2026,1,7.75,13
4479,4480,Edwards-Perry,Technology,Asia-Pacific,10/7/2025,Pro,32,2,10/27/2025,0,984.75,9
4480,4481,Richards and Sons,Retail,North America,11/12/2025,Free,5,1,7/8/2026,1,39.36,8
4481,4482,"Jackson, Sanders and Thompson",Retail,Europe,3/28/2025,Basic,13,0,5/3/2025,0,229.19,24
4482,4483,Lee and Sons,Retail,North America,8/28/2025,Pro,33,1,10/14/2025,0,1104.7,62
4483,4484,Sanchez Group,Manufacturing,North America,5/29/2022,Free,6,3,8/14/2022,1,25.42,2
4484,4485,"Oconnor, Ewing and Day",Technology,North America,9/16/2022,Free,9,1,10/29/2022,0,19.25,-24
4485,4486,"Hebert, Hampton and Hayes",Healthcare,North America,5/31/2023,Free,10,1,7/17/2023,0,38.94,-3
4486,4487,Short-Arias,Healthcare,North America,11/30/2023,Basic,14,1,11/30/2023,0,317.49,29
4487,4488,Hernandez LLC,Finance,Latin America,8/20/2023,Enterprise,57,3,9/7/2023,0,5431.64,45
4488,4489,Miller LLC,Retail,North America,5/5/2026,Enterprise,50,1,5/28/2026,0,5355.8,71
4489,4490,Williams-Gilbert,Healthcare,Europe,1/29/2025,Basic,19,0,2/25/2025,0,254.62,7
4490,4491,Young-Wise,Manufacturing,Asia-Pacific,12/12/2022,Free,8,0,4/5/2023,0,75.21,-8
4491,4492,Nelson and Sons,Technology,Europe,11/18/2025,Free,6,0,12/2/2025,1,55.18,-32
4492,4493,Thompson-Lozano,Logistics,North America,6/25/2025,Basic,16,0,9/11/2025,0,323.72,50
4493,4494,Faulkner-Johnson,Finance,North America,2/16/2023,Pro,22,0,5/12/2023,0,1016.61,64
4494,4495,Webb Group,Technology,Latin America,10/12/2022,Free,2,0,11/19/2022,1,5.26,-100
4495,4496,"Rosario, Garcia and Gonzalez",Technology,North America,11/27/2023,Free,2,0,2/1/2024,1,14.04,4
4496,4497,Davis-Strickland,Manufacturing,North America,6/21/2023,Pro,31,2,9/15/2023,0,956.73,35
4497,4498,"Ellison, Jackson and Mahoney",Technology,North America,3/3/2025,Pro,36,1,4/2/2025,0,1119.49,20
4498,4499,Hardin and Sons,Retail,North America,3/2/2024,Pro,28,0,6/10/2024,0,1039.85,49
4499,4500,Barker Inc,Logistics,Europe,4/25/2025,Enterprise,51,0,10/3/2025,0,5431.11,63
4500,4501,Williams Group,Manufacturing,North America,1/15/2023,Free,7,0,1/26/2023,1,64.81,2
4501,4502,Craig-Hess,Technology,North America,6/14/2025,Pro,38,0,6/29/2025,0,1058.12,34
4502,4503,"Poole, Love and Brown",Technology,North America,12/24/2024,Free,10,1,1/11/2025,0,39.33,31
4503,4504,White-Mitchell,Logistics,Europe,5/25/2025,Enterprise,48,2,6/2/2025,0,5427.03,70
4504,4505,Hall Group,Technology,Asia-Pacific,4/9/2025,Pro,34,0,4/24/2025,0,1001.9,58
4505,4506,White-Irwin,Manufacturing,Asia-Pacific,4/8/2023,Pro,21,3,6/30/2023,0,872.1,46
4506,4507,"Bailey, Walter and Reynolds",Finance,Europe,1/3/2024,Basic,14,1,3/17/2024,0,261.44,48
4507,4508,"Kirby, Nunez and Beard",Technology,Europe,10/3/2022,Free,5,0,12/29/2022,1,33.34,19
4508,4509,"Morton, Lee and Odonnell",Retail,Europe,2/16/2024,Basic,17,1,3/26/2024,0,287.33,45
4509,4510,"Williamson, Reid and Ayers",Retail,North America,6/5/2025,Free,3,1,6/18/2025,1,16.24,25
4510,4511,"Rodriguez, Zamora and Johnson",Finance,North America,12/10/2022,Pro,24,1,12/30/2022,0,867.59,35
4511,4512,"Garcia, Mendoza and Mccann",Logistics,Latin America,1/25/2024,Free,10,0,2/1/2024,0,65.85,-22
4512,4513,"Lopez, Williams and Burgess",Logistics,Latin America,9/26/2025,Free,6,0,2/13/2026,1,35.12,0
4513,4514,"Sanders, Torres and Harris",Manufacturing,Latin America,4/2/2024,Pro,25,1,5/3/2024,0,902.51,48
4514,4515,Elliott and Sons,Healthcare,North America,5/30/2022,Pro,27,1,6/3/2022,0,881.28,80
4515,4516,"Harris, Dalton and Moyer",Manufacturing,North America,5/24/2024,Basic,12,2,5/25/2024,0,252.53,56
4516,4517,Baker-Sullivan,Healthcare,North America,11/28/2024,Free,6,0,12/14/2024,1,54.79,-11
4517,4518,Sims-Snyder,Retail,Asia-Pacific,9/15/2022,Basic,22,0,2/26/2023,0,302.91,48
4518,4519,Duncan Inc,Finance,Latin America,12/1/2025,Pro,25,1,8/18/2026,0,875.79,56
4519,4520,"Foster, Roberts and Williams",Retail,Europe,12/16/2025,Free,4,0,1/26/2026,1,16,-5
4520,4521,Valenzuela-Mills,Finance,North America,6/25/2025,Free,7,0,7/21/2025,1,51.04,-23
4521,4522,Baker-Sampson,Manufacturing,Europe,7/13/2024,Free,4,0,8/15/2024,1,36.74,36
4522,4523,Robinson Group,Technology,North America,4/13/2023,Basic,12,0,6/7/2023,0,245.94,38
4523,4524,Li Inc,Finance,Latin America,6/21/2024,Free,5,0,9/11/2024,1,46.21,-49
4524,4525,Webb-George,Technology,Latin America,1/27/2025,Basic,17,2,4/15/2025,0,282.02,45
4525,4526,"Mays, Wilkerson and Johnson",Logistics,North America,3/13/2025,Free,2,0,4/22/2025,1,16.89,-16
4526,4527,Farmer Ltd,Manufacturing,North America,6/14/2022,Free,3,0,7/6/2022,1,17.76,38
4527,4528,Rios-Smith,Finance,Asia-Pacific,4/4/2023,Free,2,0,6/2/2023,1,6.28,-15
4528,4529,Murray-Henderson,Logistics,Europe,6/7/2023,Pro,30,1,7/27/2023,0,966.72,64
4529,4530,Sims-Smith,Logistics,North America,10/16/2025,Basic,18,1,2/18/2026,0,277.83,22
4530,4531,Lopez-Oneal,Manufacturing,Europe,9/13/2022,Free,6,0,9/23/2022,1,37.84,-20
4531,4532,Adams LLC,Manufacturing,Europe,10/25/2025,Pro,32,1,11/21/2025,0,963.27,12
4532,4533,Ford LLC,Technology,Europe,7/10/2025,Free,7,2,7/20/2025,1,17.9,18
4533,4534,Long-Anderson,Logistics,Asia-Pacific,8/30/2022,Pro,34,3,9/16/2022,0,1132.55,28
4534,4535,Francis-White,Manufacturing,North America,6/2/2022,Enterprise,48,2,12/25/2022,0,5337.63,54
4535,4536,"Harrell, Parsons and Conway",Logistics,North America,1/28/2023,Free,8,2,1/28/2023,0,65.26,-12
4536,4537,Mayo Inc,Logistics,Europe,7/7/2025,Free,5,0,10/27/2025,1,46.51,-15
4537,4538,Walters Inc,Technology,Asia-Pacific,11/7/2023,Basic,12,2,11/10/2023,0,251.11,38
4538,4539,"Sullivan, Ford and Murphy",Retail,North America,11/18/2022,Basic,13,0,12/15/2022,0,247.69,19
4539,4540,Ballard Inc,Retail,North America,3/15/2026,Free,5,0,5/22/2026,1,16.31,21
4540,4541,"Patrick, Rodriguez and Mclaughlin",Retail,Europe,9/23/2025,Pro,22,1,10/5/2025,0,881.37,58
4541,4542,Fuller-Campbell,Healthcare,Asia-Pacific,6/12/2022,Free,3,0,8/3/2022,1,19.97,-68
4542,4543,"Anderson, Gonzalez and Patterson",Retail,Europe,9/9/2025,Free,8,0,1/2/2026,0,28.89,-37
4543,4544,Cooper-Thompson,Healthcare,Asia-Pacific,3/25/2025,Free,4,1,5/28/2025,1,28.57,29
4544,4545,"Austin, Mcdaniel and Sims",Finance,Asia-Pacific,5/10/2025,Free,5,0,5/29/2025,1,27.57,-9
4545,4546,Wallace-Franklin,Healthcare,North America,2/23/2023,Free,3,0,3/1/2023,1,20.1,2
4546,4547,"Garcia, Barnes and Ayala",Manufacturing,Asia-Pacific,8/16/2024,Basic,9,1,8/21/2024,0,266.95,25
4547,4548,Davis-Montoya,Logistics,Europe,11/13/2022,Basic,14,0,2/27/2023,0,303.84,42
4548,4549,Fuentes-Ortiz,Technology,North America,5/21/2023,Basic,21,0,8/16/2023,0,274.82,-39
4549,4550,Martin-Harris,Retail,North America,12/10/2022,Free,2,0,1/1/2023,1,11.03,35
4550,4551,Johnson Ltd,Retail,North America,6/20/2022,Pro,33,2,7/13/2022,0,992.79,33
4551,4552,Cooper-Young,Retail,North America,5/3/2026,Free,6,0,6/20/2026,1,15.85,36
4552,4553,Price PLC,Manufacturing,Europe,7/14/2023,Basic,20,1,8/22/2023,0,314.11,36
4553,4554,Rose Inc,Healthcare,Asia-Pacific,7/28/2024,Pro,19,5,8/5/2024,0,962.39,59
4554,4555,"Little, Johnson and Moore",Healthcare,North America,7/29/2024,Basic,13,0,10/12/2024,0,303.11,36
4555,4556,Reynolds PLC,Finance,North America,3/13/2023,Pro,29,3,4/17/2023,0,997.4,12
4556,4557,Ward and Sons,Manufacturing,Europe,8/16/2024,Basic,15,3,9/7/2024,0,272.93,11
4557,4558,Gentry Ltd,Healthcare,North America,11/27/2024,Free,4,2,1/12/2025,1,20.66,18
4558,4559,Alexander and Sons,Retail,North America,1/18/2024,Enterprise,56,2,4/19/2024,0,5490.97,77
4559,4560,Juarez Ltd,Technology,North America,12/30/2025,Basic,8,0,2/22/2026,0,218.49,-42
4560,4561,Sanchez-Hughes,Finance,North America,12/2/2025,Pro,32,1,12/23/2025,0,993.16,21
4561,4562,Wheeler LLC,Technology,North America,12/28/2023,Pro,31,2,2/27/2024,0,957.14,37
4562,4563,Beltran PLC,Retail,North America,10/3/2023,Pro,23,0,1/5/2024,0,886.26,53
4563,4564,"Bradford, Conrad and Hamilton",Logistics,Asia-Pacific,6/29/2024,Free,6,0,11/28/2024,1,52.64,0
4564,4565,Brown-Thompson,Technology,Europe,5/19/2025,Basic,19,1,6/7/2025,0,317.68,47
4565,4566,"Wilson, Graves and Simpson",Retail,Europe,8/20/2022,Free,5,0,8/23/2022,1,29.57,-75
4566,4567,Martin LLC,Retail,North America,12/3/2023,Free,7,0,12/14/2023,1,36.55,42
4567,4568,"Nash, Henderson and Willis",Retail,Asia-Pacific,8/18/2022,Pro,32,4,10/26/2022,0,1001.65,32
4568,4569,Thomas-Steele,Retail,North America,1/3/2023,Basic,23,2,2/16/2023,0,383.78,54
4569,4570,"Barton, Peterson and Perry",Technology,North America,7/22/2025,Pro,30,0,8/11/2025,0,901.09,26
4570,4571,"Schwartz, Foster and Love",Technology,North America,4/27/2023,Free,4,0,12/4/2023,1,24.64,21
4571,4572,Booth-Gibson,Technology,North America,5/29/2024,Basic,13,1,6/1/2024,0,286.68,33
4572,4573,"Long, Castillo and Reed",Healthcare,North America,1/17/2026,Free,3,0,1/19/2026,1,23.92,-38
4573,4574,Mitchell-Cole,Logistics,North America,3/18/2023,Enterprise,46,3,8/29/2023,0,5345.24,67
4574,4575,Jackson PLC,Logistics,Europe,4/29/2025,Free,3,0,5/2/2025,1,10.63,-29
4575,4576,"Stewart, Valdez and Parker",Finance,Latin America,7/23/2025,Basic,20,0,8/25/2025,0,310.52,7
4576,4577,"Williams, Watkins and Gonzalez",Manufacturing,Asia-Pacific,7/10/2024,Pro,19,0,7/12/2024,0,841.97,49
4577,4578,Page-Church,Technology,North America,1/10/2025,Free,8,0,1/16/2025,0,36.24,13
4578,4579,Smith Inc,Technology,Europe,6/8/2025,Free,7,2,10/23/2025,1,31.59,12
4579,4580,Nguyen LLC,Manufacturing,North America,7/16/2022,Basic,15,0,9/2/2022,0,274.57,17
4580,4581,Thomas Ltd,Logistics,North America,1/27/2026,Free,4,0,5/2/2026,1,18.95,-24
4581,4582,Evans-Craig,Finance,Europe,6/21/2024,Free,3,0,8/18/2024,1,8.13,12
4582,4583,Hughes-Nelson,Logistics,Asia-Pacific,11/23/2024,Free,2,0,12/6/2024,1,12.33,-30
4583,4584,Davis-Walker,Manufacturing,Europe,6/27/2024,Enterprise,47,0,2/18/2025,0,5469.78,47
4584,4585,"Gray, Harris and Olson",Technology,Europe,3/3/2024,Pro,26,0,3/11/2024,0,971.39,19
4585,4586,"Abbott, Mejia and Hansen",Finance,North America,3/27/2024,Free,6,0,5/27/2024,1,30.25,-4
4586,4587,"Walton, Ball and Schneider",Healthcare,North America,11/28/2024,Basic,21,1,12/29/2024,0,274.43,12
4587,4588,Conner Ltd,Technology,North America,5/10/2025,Free,6,1,10/10/2025,1,27.33,9
4588,4589,"Cox, Hernandez and Mccall",Healthcare,Europe,6/24/2024,Basic,19,0,11/23/2024,0,365.2,-51
4589,4590,Newton-Bryan,Finance,North America,10/25/2024,Pro,28,0,7/13/2025,0,894.71,48
4590,4591,"Powell, Austin and Ward",Healthcare,North America,10/24/2022,Enterprise,57,8,10/25/2022,0,5459.94,47
4591,4592,Guzman-Stewart,Retail,Latin America,9/1/2024,Basic,13,1,9/26/2024,0,245.15,-14
4592,4593,Mason Ltd,Technology,North America,6/28/2024,Basic,17,0,7/9/2024,0,314.82,-14
4593,4594,"Fernandez, Finley and Singleton",Technology,North America,5/7/2025,Free,3,0,6/22/2025,1,22.68,13
4594,4595,Griffin Inc,Manufacturing,North America,10/2/2024,Free,11,1,1/18/2025,0,67.71,-27
4595,4596,"Leon, Alvarez and Ibarra",Healthcare,North America,11/18/2023,Basic,9,0,5/21/2024,0,238.34,9
4596,4597,Watkins-Olson,Manufacturing,North America,2/4/2023,Basic,9,1,2/7/2023,0,274.36,40
4597,4598,Jordan Ltd,Retail,Latin America,10/12/2022,Enterprise,40,1,10/24/2022,0,5224.68,78
4598,4599,"Lawrence, Wagner and White",Retail,Asia-Pacific,10/16/2024,Pro,29,4,12/21/2024,0,1028.85,36
4599,4600,Barnes Inc,Healthcare,Asia-Pacific,2/20/2025,Free,2,0,5/23/2025,1,4.19,13
4600,4601,"Bates, Beard and Smith",Retail,Europe,12/17/2023,Pro,33,1,4/13/2024,0,994.3,7
4601,4602,Ray-Medina,Finance,North America,8/17/2024,Basic,11,2,11/18/2024,0,293.53,55
4602,4603,Holder-Padilla,Manufacturing,Europe,1/23/2026,Free,5,0,5/16/2026,1,27.3,-14
4603,4604,"Avery, Ramos and Rivera",Manufacturing,Asia-Pacific,1/22/2025,Pro,28,3,3/25/2025,0,1021.36,26
4604,4605,Lewis-Brown,Technology,North America,11/25/2025,Basic,17,1,12/6/2025,0,321.08,47
4605,4606,Love Ltd,Finance,North America,6/1/2025,Basic,16,0,6/1/2025,0,311.72,16
4606,4607,"Nguyen, Howard and Morgan",Manufacturing,North America,7/1/2022,Free,6,0,9/4/2022,1,34.82,-3
4607,4608,Anderson-Ward,Finance,North America,7/2/2022,Free,5,0,8/20/2022,1,42.88,40
4608,4609,White Ltd,Technology,Europe,8/14/2024,Free,3,0,9/19/2024,1,8.63,2
4609,4610,Johnson Inc,Retail,Europe,9/15/2023,Pro,42,1,10/21/2023,0,953.74,24
4610,4611,Wallace-Gill,Manufacturing,North America,6/8/2024,Basic,13,0,7/8/2024,0,309.2,9
4611,4612,Brown LLC,Finance,North America,12/4/2024,Basic,12,0,1/6/2025,0,267.64,76
4612,4613,"Miller, Cooper and Morris",Manufacturing,Europe,7/31/2023,Basic,15,1,8/16/2023,0,308.62,29
4613,4614,"Edwards, Taylor and Smith",Finance,North America,9/12/2023,Basic,14,0,9/27/2023,0,307.39,16
4614,4615,Williams-Murphy,Logistics,North America,9/26/2025,Basic,17,1,9/26/2025,0,350.1,-2
4615,4616,Foley LLC,Healthcare,Europe,4/13/2025,Basic,14,2,4/17/2025,0,257.11,76
4616,4617,"Arnold, Stein and Andrews",Logistics,North America,3/9/2023,Free,2,0,8/11/2023,1,7.57,-17
4617,4618,Taylor and Sons,Healthcare,Asia-Pacific,6/5/2022,Free,6,0,9/28/2022,1,36.3,50
4618,4619,"Shepherd, Skinner and Miller",Finance,Europe,2/7/2026,Free,1,0,3/30/2026,1,4.37,4
4619,4620,"Terry, Price and Chambers",Retail,Asia-Pacific,5/25/2025,Free,7,0,7/26/2025,1,20.96,16
4620,4621,"Pugh, Jackson and Fuller",Retail,Latin America,11/27/2024,Basic,14,0,5/10/2025,0,307.49,-19
4621,4622,"Cardenas, Burke and Castillo",Technology,Asia-Pacific,6/6/2022,Pro,18,2,6/13/2022,0,841.68,62
4622,4623,Hunt Inc,Manufacturing,Europe,10/28/2023,Free,8,0,11/2/2023,0,72.47,1
4623,4624,Martinez-Werner,Technology,North America,8/6/2023,Basic,14,0,10/5/2023,0,239.63,-21
4624,4625,Crawford Ltd,Manufacturing,North America,8/18/2023,Enterprise,50,1,9/4/2023,0,5197.86,54
4625,4626,"Hicks, Gould and Strong",Technology,Latin America,11/30/2022,Basic,10,2,12/20/2022,0,288.4,12
4626,4627,"Campbell, Brandt and Jones",Healthcare,North America,4/4/2026,Free,5,0,4/8/2026,1,26.45,17
4627,4628,Johnson-Williams,Healthcare,Europe,1/28/2026,Free,4,0,3/1/2026,1,33.53,26
4628,4629,"Howard, Mccormick and Hunter",Technology,Europe,11/30/2022,Basic,13,1,1/5/2023,0,286.94,45
4629,4630,Lynch-Hamilton,Healthcare,North America,9/3/2025,Pro,38,2,10/26/2025,0,982.41,81
4630,4631,"Parsons, Marquez and Martin",Logistics,Latin America,5/21/2022,Enterprise,48,0,8/2/2022,0,5459.16,91
4631,4632,Hughes-Taylor,Technology,Asia-Pacific,12/8/2024,Basic,20,2,12/22/2024,0,345.9,55
4632,4633,Ortiz-Newman,Healthcare,North America,3/6/2023,Enterprise,46,2,5/17/2023,0,5297.35,75
4633,4634,Hammond LLC,Technology,North America,11/8/2024,Free,3,0,1/2/2025,1,12.96,4
4634,4635,Brown LLC,Healthcare,Asia-Pacific,9/28/2024,Free,2,0,11/17/2024,1,8.68,6
4635,4636,"Coleman, Anderson and Thomas",Finance,North America,4/16/2025,Pro,35,2,7/7/2025,0,920.04,44
4636,4637,Williams Ltd,Technology,North America,1/5/2023,Enterprise,41,1,1/6/2023,0,5112.56,62
4637,4638,Ramirez-Miller,Manufacturing,Asia-Pacific,1/11/2026,Basic,21,1,6/4/2027,0,307.04,30
4638,4639,"Johnson, Weeks and Avery",Retail,North America,2/9/2026,Basic,16,1,2/16/2026,0,322.71,42
4639,4640,Perez LLC,Logistics,Europe,7/6/2025,Enterprise,58,3,7/25/2025,0,5536.6,39
4640,4641,Shepherd PLC,Healthcare,North America,9/22/2025,Basic,14,2,10/28/2025,0,255.13,-9
4641,4642,Farrell Ltd,Technology,Latin America,9/1/2023,Basic,10,0,9/6/2023,0,273.58,55
4642,4643,Green-Goodman,Manufacturing,Europe,5/23/2022,Pro,26,2,6/14/2022,0,926.85,64
4643,4644,"Hall, Garcia and Morrison",Technology,North America,7/22/2024,Basic,15,2,7/30/2024,0,348.4,37
4644,4645,Goodman PLC,Healthcare,Latin America,1/30/2026,Pro,26,1,4/13/2026,0,1034.26,25
4645,4646,"Thompson, Gray and Smith",Logistics,North America,1/16/2024,Free,3,0,4/20/2024,1,8.09,6
4646,4647,Fields-Bennett,Logistics,Latin America,12/3/2025,Free,6,0,2/17/2026,1,41.85,35
4647,4648,Hines PLC,Healthcare,Europe,5/18/2024,Pro,37,2,7/12/2024,0,1032.6,27
4648,4649,"Diaz, Hickman and Barrera",Finance,North America,4/30/2026,Free,8,0,5/6/2026,0,36.58,-2
4649,4650,"Black, Stanley and Lopez",Finance,North America,7/11/2025,Free,4,0,8/27/2025,1,10.66,-8
4650,4651,"Ryan, Daniels and Cox",Manufacturing,North America,6/18/2025,Free,3,0,8/16/2025,1,29.06,52
4651,4652,"West, Rice and Jones",Healthcare,North America,7/31/2025,Pro,34,4,12/31/2025,0,1110.8,50
4652,4653,Peters-Kelly,Logistics,North America,10/23/2023,Basic,16,0,1/30/2024,0,307.35,36
4653,4654,Zamora and Sons,Finance,North America,1/22/2023,Free,3,2,3/26/2023,1,22.67,-20
4654,4655,"Morgan, Pearson and Wilson",Healthcare,Europe,4/10/2026,Basic,15,2,4/16/2026,0,249.45,30
4655,4656,"Steele, Frazier and Hughes",Retail,Europe,8/20/2022,Basic,14,1,1/29/2023,0,258.19,-4
4656,4657,Kelley-Miles,Technology,Europe,8/24/2024,Free,4,0,8/26/2024,1,38.44,22
4657,4658,Kerr Group,Finance,North America,10/17/2022,Basic,15,1,11/9/2022,0,315.16,40
4658,4659,Webb LLC,Manufacturing,North America,3/29/2025,Enterprise,45,0,12/10/2025,0,5236.27,63
4659,4660,Harrington Inc,Healthcare,Asia-Pacific,2/27/2025,Free,4,0,3/8/2025,1,14.35,0
4660,4661,"Riley, Lawson and Thompson",Technology,North America,4/12/2024,Pro,34,3,8/31/2024,0,1025.57,50
4661,4662,Fitzgerald-Richard,Manufacturing,North America,10/20/2022,Free,8,1,12/15/2022,0,49.48,12
4662,4663,"Delgado, Hansen and Ramirez",Healthcare,Europe,6/7/2022,Free,4,0,9/17/2022,1,26.31,31
4663,4664,"Turner, Stafford and Jones",Finance,Asia-Pacific,12/29/2025,Pro,36,1,1/27/2026,0,1109.33,21
4664,4665,"Castillo, Evans and Rogers",Technology,Asia-Pacific,11/5/2024,Basic,10,2,1/2/2025,0,291.16,-3
4665,4666,"Torres, Gillespie and Holland",Finance,North America,3/6/2026,Enterprise,53,2,4/18/2026,0,5359.39,78
4666,4667,"Peck, Baldwin and Norton",Retail,North America,5/27/2025,Pro,25,0,5/30/2025,0,965.67,61
4667,4668,Smith-Johnson,Technology,North America,7/18/2024,Enterprise,47,1,2/14/2025,0,5107.73,68
4668,4669,Harris-Mayo,Retail,North America,11/27/2024,Basic,14,0,12/29/2024,0,271.35,29
4669,4670,"Rose, Mueller and Hernandez",Retail,Latin America,2/5/2026,Free,5,1,4/18/2026,1,37,-1
4670,4671,Cox-Fox,Manufacturing,Europe,12/13/2024,Enterprise,57,2,5/7/2025,0,5267.6,35
4671,4672,"Simmons, Green and Baker",Healthcare,Europe,3/24/2025,Pro,24,1,6/4/2025,0,969.36,40
4672,4673,"Morales, Daniels and Hayes",Retail,Europe,2/25/2024,Free,4,1,3/23/2024,1,33.49,-78
4673,4674,Vasquez Inc,Logistics,North America,7/10/2023,Free,6,0,7/15/2023,1,54.15,11
4674,4675,Newman-Ford,Technology,North America,9/28/2023,Free,5,0,10/8/2023,1,47.37,11
4675,4676,"Anderson, Santiago and Mcneil",Retail,Asia-Pacific,12/26/2025,Free,5,0,2/16/2026,1,10.54,-71
4676,4677,Walker PLC,Retail,North America,3/4/2024,Basic,20,1,5/23/2024,0,377.87,15
4677,4678,Shaw-Price,Retail,Asia-Pacific,4/24/2023,Basic,10,0,4/24/2023,0,232.96,78
4678,4679,"Castillo, Perez and Cunningham",Healthcare,North America,6/29/2025,Basic,17,1,8/8/2025,0,254.63,58
4679,4680,Sullivan Group,Retail,North America,3/5/2026,Basic,13,1,8/12/2026,0,304.75,20
4680,4681,"Walter, Grimes and Perry",Technology,North America,10/24/2025,Basic,21,0,1/5/2026,0,409.99,29
4681,4682,"Wright, Moreno and Sanders",Retail,Europe,11/15/2022,Free,4,0,12/20/2022,1,38.3,10
4682,4683,"King, Choi and Carter",Technology,Asia-Pacific,8/26/2023,Free,6,0,12/26/2023,1,24.44,-47
4683,4684,Turner Ltd,Healthcare,Asia-Pacific,12/25/2022,Free,4,0,7/15/2023,1,29.41,20
4684,4685,Lee-Perkins,Manufacturing,North America,2/12/2023,Basic,19,3,3/20/2023,0,256.18,-49
4685,4686,"Gillespie, Smith and Walker",Finance,North America,9/11/2023,Free,5,0,12/24/2023,1,49.83,-47
4686,4687,Green Ltd,Healthcare,North America,4/9/2024,Pro,36,1,4/16/2024,0,956.6,19
4687,4688,Graves Inc,Retail,Asia-Pacific,4/2/2023,Enterprise,41,1,5/17/2023,0,5140.52,57
4688,4689,Coleman-Lewis,Finance,Europe,2/26/2025,Basic,10,0,8/26/2025,0,283.65,31
4689,4690,Hill-Allen,Healthcare,North America,8/20/2024,Pro,30,2,12/10/2024,0,1072.68,79
4690,4691,"Wood, Rodriguez and Sullivan",Technology,Asia-Pacific,6/1/2022,Pro,35,3,6/21/2022,0,907.33,58
4691,4692,Leonard Group,Healthcare,Asia-Pacific,10/3/2023,Free,4,1,10/27/2023,1,32.58,8
4692,4693,Carpenter Ltd,Logistics,Asia-Pacific,9/6/2023,Free,7,0,10/24/2023,1,48.56,-49
4693,4694,Perez-Roberts,Healthcare,North America,11/26/2024,Free,4,0,12/8/2024,1,14.61,-48
4694,4695,"Gardner, Logan and Atkins",Manufacturing,Asia-Pacific,9/6/2023,Enterprise,51,2,9/28/2023,0,5322.11,44
4695,4696,"Daniels, Butler and Maldonado",Finance,Europe,12/9/2022,Free,1,0,12/27/2022,1,4.43,-25
4696,4697,"Bonilla, Ryan and Walker",Manufacturing,North America,4/22/2025,Free,5,1,4/22/2025,1,36.83,-11
4697,4698,"Herman, Hill and Pearson",Manufacturing,North America,5/19/2023,Free,4,0,10/11/2023,1,21.06,49
4698,4699,Nichols-Johnson,Finance,North America,6/17/2022,Basic,16,1,11/20/2022,0,275.14,50
4699,4700,"Hale, Foster and Moran",Retail,Europe,10/10/2023,Pro,30,0,10/25/2023,0,1017.24,57
4700,4701,Sullivan-Price,Technology,North America,5/9/2025,Pro,36,1,8/3/2025,0,886.14,2
4701,4702,Gilmore Ltd,Healthcare,North America,11/2/2025,Pro,20,1,11/4/2025,0,844.8,51
4702,4703,Munoz-Hughes,Retail,Europe,4/17/2024,Basic,14,0,6/9/2024,0,239.03,22
4703,4704,Solis PLC,Logistics,Asia-Pacific,10/20/2023,Free,6,1,10/22/2023,1,18.25,30
4704,4705,"Merritt, Sampson and Wilson",Finance,North America,11/12/2022,Basic,13,1,12/2/2022,0,297.95,28
4705,4706,"Salazar, Jackson and Ferguson",Manufacturing,Latin America,12/1/2022,Free,10,0,1/14/2023,0,22.12,44
4706,4707,"Roman, Ellis and Fischer",Manufacturing,Europe,12/22/2024,Basic,19,0,4/17/2025,0,335.92,42
4707,4708,Wallace-Higgins,Manufacturing,Asia-Pacific,10/4/2024,Pro,27,1,11/14/2024,0,989.68,38
4708,4709,Hamilton-Sheppard,Technology,Europe,11/5/2023,Free,7,1,1/8/2024,1,54.36,-14
4709,4710,Gay-Day,Logistics,North America,12/3/2023,Pro,21,0,2/21/2024,0,998.06,48
4710,4711,"Greer, Scott and Parker",Retail,Asia-Pacific,2/25/2024,Basic,15,0,2/28/2024,0,281.8,-20
4711,4712,"Campbell, French and Collins",Finance,Europe,1/17/2025,Enterprise,55,3,3/13/2025,0,5257.27,76
4712,4713,"Phillips, Robinson and Garza",Healthcare,North America,4/22/2026,Basic,12,0,7/19/2026,0,307.54,-6
4713,4714,"Kirk, Smith and Mitchell",Healthcare,Latin America,5/15/2024,Free,2,0,5/30/2024,1,9.99,-58
4714,4715,Morgan-Blake,Manufacturing,North America,5/27/2024,Basic,20,0,10/28/2024,0,331.64,-60
4715,4716,Harris Inc,Retail,Europe,12/12/2022,Free,6,0,5/21/2023,1,39.69,-15
4716,4717,Griffin PLC,Finance,Asia-Pacific,5/24/2022,Basic,21,1,8/6/2022,0,378.71,6
4717,4718,Goodwin-Rush,Manufacturing,Asia-Pacific,10/8/2022,Free,1,0,1/21/2023,1,7.26,-1
4718,4719,"Bell, Robinson and Mccall",Manufacturing,Europe,1/25/2026,Free,6,0,2/23/2026,1,32,-16
4719,4720,Andrade-Rios,Manufacturing,Asia-Pacific,11/7/2024,Free,5,0,11/9/2024,1,30.76,-18
4720,4721,Guzman LLC,Logistics,North America,8/17/2023,Free,9,2,8/30/2023,0,57.06,-50
4721,4722,Cunningham LLC,Manufacturing,Asia-Pacific,7/14/2023,Free,5,0,7/15/2023,1,39.09,-12
4722,4723,Hickman Ltd,Retail,North America,3/18/2025,Enterprise,56,3,8/9/2025,0,5307.09,63
4723,4724,Phillips-Chen,Manufacturing,North America,3/31/2026,Pro,22,0,6/27/2026,0,985.99,31
4724,4725,"Andrews, Taylor and Thompson",Technology,Asia-Pacific,1/31/2025,Basic,11,0,2/17/2025,0,256.23,13
4725,4726,Warren PLC,Logistics,Latin America,4/21/2025,Enterprise,44,4,8/11/2025,0,5381.29,49
4726,4727,Hunter LLC,Healthcare,Europe,10/5/2024,Free,6,0,10/31/2024,1,30.56,10
4727,4728,Parker-Sanchez,Retail,Latin America,11/13/2023,Free,5,1,12/1/2023,1,19.6,-66
4728,4729,Payne-Hughes,Technology,North America,7/19/2025,Free,3,0,12/7/2025,1,12.1,17
4729,4730,Calhoun-Allen,Finance,Europe,11/30/2023,Free,2,0,1/16/2024,1,13.86,-13
4730,4731,Brown-Gibbs,Retail,Asia-Pacific,9/5/2023,Free,8,0,11/24/2023,0,32.96,16
4731,4732,Nichols-Hayden,Retail,Europe,11/18/2024,Free,3,0,12/24/2024,1,28.42,-18
4732,4733,"Donovan, Nichols and Kaufman",Technology,Europe,10/17/2022,Basic,19,3,11/12/2022,0,311.77,40
4733,4734,Gill-Avila,Manufacturing,Europe,8/17/2024,Free,7,0,9/8/2024,1,44,0
4734,4735,Burke-Ross,Technology,Europe,8/26/2024,Free,4,0,9/24/2024,1,26.32,18
4735,4736,"Kelly, Hood and Ferguson",Retail,Europe,3/24/2024,Free,8,1,7/16/2024,0,55.36,24
4736,4737,Vargas-Russell,Technology,Asia-Pacific,2/23/2026,Pro,35,3,5/19/2026,0,989.98,38
4737,4738,Fisher-Jensen,Logistics,Asia-Pacific,9/24/2025,Free,6,0,10/10/2025,1,57.87,30
4738,4739,Jordan PLC,Healthcare,North America,3/22/2026,Enterprise,39,0,5/7/2026,0,5278.46,75
4739,4740,Shaffer-Sharp,Retail,Europe,7/22/2023,Pro,31,0,11/12/2023,0,998.85,71
4740,4741,Ibarra-Wheeler,Retail,Asia-Pacific,10/18/2025,Free,5,0,12/11/2025,1,28.25,26
4741,4742,"Craig, Klein and Howard",Healthcare,Asia-Pacific,4/29/2024,Pro,28,1,5/8/2024,0,995.25,49
4742,4743,Bradford PLC,Retail,North America,1/23/2024,Pro,39,1,5/21/2024,0,954.83,23
4743,4744,Valencia Inc,Retail,Asia-Pacific,11/15/2023,Pro,34,0,12/18/2023,0,872.5,-4
4744,4745,Galvan-Chaney,Healthcare,Asia-Pacific,10/1/2022,Free,5,0,10/1/2022,1,35.89,-20
4745,4746,Morrison Ltd,Healthcare,North America,10/17/2023,Pro,36,0,11/6/2023,0,933.81,49
4746,4747,Scott Inc,Healthcare,Latin America,4/10/2026,Enterprise,48,4,6/9/2026,0,5238.78,41
4747,4748,Hodge LLC,Finance,North America,6/8/2024,Pro,26,1,10/15/2024,0,922.68,19
4748,4749,Banks LLC,Manufacturing,North America,5/26/2023,Free,8,1,6/4/2023,0,57.72,12
4749,4750,"Adams, Avila and Smith",Retail,Europe,1/20/2023,Basic,21,3,2/18/2023,0,258.21,67
4750,4751,"Crawford, Benton and Harper",Logistics,Europe,7/2/2023,Free,6,0,8/26/2023,1,15.74,-27
4751,4752,Evans LLC,Logistics,North America,9/9/2023,Free,4,1,9/30/2023,1,27.43,32
4752,4753,Thompson-Navarro,Logistics,Europe,10/14/2024,Basic,14,1,10/15/2024,0,263.14,-28
4753,4754,Valenzuela-Miller,Finance,Latin America,1/25/2024,Basic,9,2,2/29/2024,0,268.5,12
4754,4755,Walker-Carrillo,Retail,Europe,9/8/2023,Pro,23,3,11/2/2023,0,919.2,41
4755,4756,Allen LLC,Manufacturing,North America,6/7/2023,Free,5,0,7/11/2023,1,46.15,-56
4756,4757,"Patterson, Esparza and Barnett",Manufacturing,Asia-Pacific,10/29/2023,Basic,16,0,11/13/2023,0,250.46,10
4757,4758,Thomas Group,Retail,North America,6/8/2025,Enterprise,46,3,8/1/2025,0,5231.54,86
4758,4759,"Fox, Davis and Suarez",Finance,North America,1/28/2026,Basic,13,2,3/24/2026,0,269.37,47
4759,4760,Phillips-Pugh,Manufacturing,North America,9/18/2023,Free,7,1,12/25/2023,1,60.74,6
4760,4761,Martin Ltd,Retail,North America,2/5/2025,Free,10,1,2/7/2025,0,81.96,-56
4761,4762,Avila Inc,Healthcare,North America,5/21/2022,Basic,18,0,6/8/2022,0,245.72,44
4762,4763,"Fox, Cobb and Taylor",Logistics,Asia-Pacific,4/15/2025,Pro,23,1,4/27/2025,0,1023.14,56
4763,4764,Stuart-King,Technology,Latin America,9/9/2024,Pro,35,2,11/3/2024,0,952.4,68
4764,4765,Silva-Ramos,Logistics,Asia-Pacific,2/14/2026,Basic,20,1,3/9/2026,0,247.02,4
4765,4766,Parsons-Smith,Manufacturing,Europe,8/13/2024,Enterprise,46,3,9/26/2024,0,5163.38,84
4766,4767,Jordan LLC,Finance,Latin America,6/23/2024,Pro,27,2,7/26/2024,0,1022.06,53
4767,4768,Bennett Inc,Manufacturing,Europe,6/18/2022,Free,4,0,6/27/2022,1,35.04,8
4768,4769,Boyle Inc,Finance,North America,1/26/2023,Basic,17,2,1/26/2023,0,273.35,36
4769,4770,"Brooks, Lloyd and Wilson",Technology,Europe,1/28/2023,Free,2,1,2/1/2023,1,9,-4
4770,4771,"Thompson, Buckley and Robbins",Retail,Asia-Pacific,2/24/2023,Free,1,0,2/24/2023,1,2.45,-30
4771,4772,"Edwards, Barron and Wilson",Healthcare,North America,8/19/2023,Basic,26,0,9/7/2023,0,335.65,53
4772,4773,Garcia Group,Logistics,North America,9/15/2024,Enterprise,51,3,2/4/2025,0,5264.88,85
4773,4774,Delacruz-Watson,Healthcare,Asia-Pacific,3/17/2026,Basic,14,0,5/5/2026,0,273.87,49
4774,4775,"Montgomery, Sanders and Ramirez",Manufacturing,Latin America,12/28/2024,Free,4,0,1/5/2025,1,37.79,-46
4775,4776,Banks-Myers,Logistics,Europe,5/30/2024,Free,4,1,6/27/2024,1,24.59,59
4776,4777,Collins-King,Retail,North America,5/4/2023,Basic,17,0,9/11/2023,0,257.74,13
4777,4778,Henderson-Contreras,Manufacturing,Europe,9/25/2023,Basic,15,1,12/28/2023,0,335.47,39
4778,4779,"Moreno, Carter and Chapman",Finance,Europe,2/27/2026,Free,4,0,3/20/2026,1,18.69,10
4779,4780,Welch Group,Finance,Latin America,11/20/2023,Free,1,1,12/21/2023,1,7.4,10
4780,4781,"Dickson, Taylor and Jones",Technology,North America,1/27/2025,Basic,11,1,3/21/2025,0,237.68,23
4781,4782,Jones-Clarke,Healthcare,Europe,3/30/2026,Free,7,0,5/17/2026,1,15.12,44
4782,4783,Lopez and Sons,Manufacturing,Latin America,10/25/2024,Free,2,0,10/27/2024,1,14.4,-11
4783,4784,Mason Group,Technology,Europe,11/11/2024,Free,4,0,11/16/2024,1,35.97,38
4784,4785,Lee-Mitchell,Healthcare,North America,1/11/2023,Free,7,0,1/21/2023,1,39.56,24
4785,4786,Ingram PLC,Healthcare,Asia-Pacific,12/14/2022,Pro,20,1,3/6/2023,0,848.63,18
4786,4787,"West, Guerrero and Allen",Technology,Latin America,1/23/2026,Basic,19,0,5/16/2026,0,240.78,78
4787,4788,Grant-Wilson,Manufacturing,North America,2/27/2024,Free,8,1,3/24/2024,0,26.4,12
4788,4789,Scott-Warren,Logistics,Asia-Pacific,11/10/2022,Enterprise,54,4,12/15/2022,0,5365.5,48
4789,4790,"Cabrera, Williams and Owens",Technology,Asia-Pacific,11/6/2023,Enterprise,48,0,11/30/2023,0,5436.88,80
4790,4791,Kirk Inc,Finance,North America,1/1/2023,Basic,13,1,5/13/2023,0,260.04,28
4791,4792,Dixon-Henderson,Logistics,Europe,12/14/2023,Free,8,0,12/20/2023,0,47.43,-1
4792,4793,Turner-Edwards,Finance,North America,7/16/2022,Free,6,0,9/19/2022,1,35.02,19
4793,4794,"Simpson, Lloyd and Lutz",Healthcare,Europe,6/14/2024,Pro,34,3,10/25/2024,0,1003.33,25
4794,4795,Garcia-Hernandez,Retail,North America,4/2/2025,Free,4,0,5/10/2025,1,18.54,5
4795,4796,"Flowers, Sutton and Huber",Retail,Asia-Pacific,1/7/2023,Free,5,0,3/4/2023,1,12.84,-1
4796,4797,Wilcox Inc,Technology,North America,2/19/2025,Free,7,1,4/7/2025,1,60.11,-60
4797,4798,Graves and Sons,Healthcare,Europe,7/11/2023,Free,3,0,7/21/2023,1,15.99,20
4798,4799,Randolph Group,Finance,North America,3/10/2023,Pro,23,2,5/9/2023,0,986.03,31
4799,4800,Figueroa and Sons,Technology,Asia-Pacific,10/15/2025,Enterprise,46,3,12/12/2025,0,5171.82,66
4800,4801,Becker-Garner,Retail,Asia-Pacific,4/26/2024,Free,1,1,5/14/2024,1,6.76,-12
4801,4802,"Brooks, Hansen and Collins",Manufacturing,Europe,7/31/2022,Free,6,0,9/18/2022,1,51.12,-27
4802,4803,"Schmidt, Carter and Crawford",Manufacturing,North America,8/1/2024,Free,5,0,10/14/2024,1,38.64,18
4803,4804,"Zimmerman, Rodriguez and Jordan",Healthcare,Latin America,7/14/2025,Basic,14,1,4/1/2026,0,318.09,-17
4804,4805,"Sullivan, Mitchell and Douglas",Technology,Europe,5/18/2025,Free,7,0,9/4/2025,1,18.84,38
4805,4806,"Moreno, Moore and Walker",Healthcare,North America,6/19/2024,Free,4,0,11/30/2024,1,27.91,0
4806,4807,"Hill, White and Lindsey",Finance,North America,7/1/2022,Free,3,1,7/26/2022,1,24.28,-14
4807,4808,Kirk-Walls,Technology,Latin America,12/12/2025,Pro,23,2,1/18/2026,0,935.38,47
4808,4809,Williams Ltd,Manufacturing,North America,7/7/2022,Free,3,1,7/27/2022,1,13.73,24
4809,4810,"Byrd, Anderson and Charles",Retail,North America,6/5/2025,Free,1,0,6/30/2025,1,4.73,-6
4810,4811,Clements LLC,Logistics,North America,10/12/2023,Basic,25,0,12/9/2023,0,323.72,46
4811,4812,Clarke LLC,Logistics,Europe,5/20/2023,Pro,24,2,5/23/2023,0,954.18,49
4812,4813,"Padilla, Welch and Johnson",Logistics,Latin America,5/3/2026,Basic,13,1,6/10/2026,0,226.93,5
4813,4814,"Pierce, Gardner and Humphrey",Manufacturing,Europe,4/4/2026,Free,3,0,5/2/2026,1,14.56,27
4814,4815,"Mason, Jones and Rodriguez",Technology,Asia-Pacific,5/14/2023,Basic,26,3,6/17/2023,0,263.89,5
4815,4816,"Riddle, Thompson and Mccoy",Healthcare,Asia-Pacific,5/11/2026,Pro,25,1,7/2/2026,0,873.45,47
4816,4817,Williams PLC,Logistics,North America,6/3/2022,Free,4,1,6/18/2022,1,24.26,25
4817,4818,Mccarthy Group,Finance,Europe,12/31/2022,Pro,29,1,5/16/2023,0,917.16,73
4818,4819,"Thomas, Martinez and Kennedy",Retail,Asia-Pacific,10/11/2025,Free,6,1,12/20/2025,1,50.34,33
4819,4820,"Allen, Hernandez and Thompson",Finance,North America,11/7/2022,Enterprise,42,7,11/15/2022,0,5129.02,58
4820,4821,Ford LLC,Logistics,North America,12/5/2022,Basic,10,1,4/13/2023,0,229.01,34
4821,4822,Wilson PLC,Logistics,Europe,10/10/2023,Basic,10,1,11/15/2023,0,299.53,50
4822,4823,Scott-Salinas,Manufacturing,Latin America,5/31/2023,Free,5,1,11/11/2023,1,29.03,-15
4823,4824,Rose Group,Manufacturing,North America,2/14/2025,Pro,26,0,7/6/2025,0,962.38,46
4824,4825,Wells Inc,Logistics,Europe,1/8/2025,Basic,13,1,2/23/2025,0,256.82,16
4825,4826,Morris Inc,Healthcare,North America,12/29/2024,Free,4,0,1/13/2025,1,33.82,-9
4826,4827,"Cooper, Pierce and Macdonald",Retail,Asia-Pacific,6/22/2022,Free,12,1,8/16/2022,0,76.33,-11
4827,4828,"Reynolds, Wright and Morris",Manufacturing,Asia-Pacific,12/25/2025,Free,4,0,5/7/2026,1,20.93,-1
4828,4829,"Mcknight, Johnson and Jones",Technology,Asia-Pacific,3/14/2025,Pro,30,1,3/22/2025,0,1019.52,33
4829,4830,Jackson Ltd,Finance,North America,12/8/2022,Basic,19,2,1/21/2023,0,282.28,-5
4830,4831,Steele-Mathews,Healthcare,Europe,2/20/2023,Basic,16,3,2/25/2023,0,291.96,-25
4831,4832,"Mills, Charles and Brown",Technology,North America,9/9/2023,Enterprise,41,0,4/18/2024,0,5238.2,67
4832,4833,Cross Group,Technology,Europe,10/26/2023,Basic,17,0,12/5/2023,0,304.5,-14
4833,4834,Mack-Duncan,Logistics,North America,5/26/2023,Basic,10,0,10/19/2023,0,296.8,-8
4834,4835,Rocha-Martin,Finance,Europe,12/15/2025,Free,7,0,12/30/2025,1,55.74,-12
4835,4836,Robbins PLC,Healthcare,North America,5/4/2025,Basic,18,0,5/12/2025,0,370.84,44
4836,4837,"Wood, Taylor and Evans",Manufacturing,Europe,4/25/2026,Free,3,1,5/27/2026,1,28.67,-28
4837,4838,Kelly Inc,Healthcare,Asia-Pacific,10/20/2023,Free,8,0,10/30/2023,0,79.51,15
4838,4839,"Reed, Hale and Allen",Logistics,North America,12/26/2024,Free,5,1,1/1/2025,1,17.41,-22
4839,4840,Bailey-Ryan,Finance,North America,8/14/2023,Free,6,0,3/4/2024,1,34.59,5
4840,4841,May Ltd,Manufacturing,North America,1/27/2026,Pro,25,2,6/30/2026,0,1030.68,16
4841,4842,"Wells, Macias and Benson",Finance,Europe,9/25/2022,Free,5,0,11/28/2022,1,44.04,-41
4842,4843,"Torres, Smith and Frazier",Finance,Europe,5/4/2023,Basic,10,1,5/9/2023,0,235.12,62
4843,4844,Good LLC,Healthcare,Latin America,10/22/2023,Basic,11,0,12/26/2023,0,250.12,27
4844,4845,"Dean, White and Scott",Healthcare,Asia-Pacific,9/6/2023,Basic,14,0,9/13/2023,0,258.91,-4
4845,4846,Andersen LLC,Healthcare,North America,2/16/2026,Pro,25,1,3/31/2026,0,989.51,57
4846,4847,Garcia Inc,Logistics,Europe,5/12/2025,Free,7,0,6/15/2025,1,56.74,66
4847,4848,Flores-Campbell,Retail,Latin America,10/1/2024,Free,2,1,12/5/2024,1,13.01,13
4848,4849,"Buck, Walker and Fox",Healthcare,Asia-Pacific,4/4/2026,Free,4,0,5/1/2026,1,32.47,-6
4849,4850,"Brady, Foster and Maxwell",Technology,Asia-Pacific,10/24/2024,Free,8,1,11/5/2024,0,42.6,6
4850,4851,Burns and Sons,Technology,North America,3/1/2023,Basic,17,0,3/7/2023,0,358.2,63
4851,4852,Boone-Burke,Healthcare,Europe,4/17/2026,Basic,12,0,4/19/2026,0,232.78,-11
4852,4853,Summers Group,Technology,Europe,12/2/2023,Basic,17,1,7/5/2024,0,257.77,44
4853,4854,Hamilton PLC,Logistics,Latin America,3/19/2025,Basic,13,0,7/25/2025,0,278.2,-1
4854,4855,Moran Inc,Finance,North America,3/13/2023,Basic,13,1,4/4/2023,0,269.17,60
4855,4856,"Wright, King and Johnson",Healthcare,Asia-Pacific,5/10/2025,Basic,12,1,7/25/2025,0,282.7,54
4856,4857,"Buchanan, Goodwin and Harvey",Retail,North America,1/27/2025,Basic,19,0,2/3/2025,0,325.1,27
4857,4858,Lopez-Cook,Technology,Europe,9/3/2023,Pro,31,2,12/14/2023,0,1043.9,-3
4858,4859,Cook-Gonzalez,Manufacturing,Europe,3/12/2024,Free,4,0,3/16/2024,1,19.02,7
4859,4860,Jennings-Lynch,Technology,North America,8/25/2024,Basic,12,1,10/3/2024,0,265.45,55
4860,4861,Stewart PLC,Retail,North America,10/20/2022,Free,8,0,10/5/2023,0,44.27,25
4861,4862,Ward-Johnson,Logistics,North America,10/17/2023,Free,5,0,11/11/2023,1,19.06,12
4862,4863,Castro-Wright,Retail,North America,6/8/2025,Enterprise,57,1,7/14/2025,0,5432.65,70
4863,4864,Gregory PLC,Retail,Europe,8/21/2025,Enterprise,48,2,12/31/2025,0,5348.64,70
4864,4865,"Powers, Bailey and Ibarra",Technology,Latin America,6/17/2023,Enterprise,57,4,8/19/2023,0,5324.83,52
4865,4866,King LLC,Retail,Europe,5/18/2024,Basic,14,1,6/29/2024,0,244.87,31
4866,4867,"Osborne, Davis and Ross",Retail,Latin America,4/21/2025,Basic,11,0,5/30/2025,0,248.26,30
4867,4868,Williams-Bell,Technology,Europe,10/13/2024,Free,6,0,12/26/2024,1,51.38,-9
4868,4869,Boone-Coleman,Healthcare,North America,1/24/2024,Free,2,0,8/19/2024,1,19.3,-36
4869,4870,Stevens Inc,Retail,North America,1/3/2026,Basic,14,0,2/25/2026,0,292.86,27
4870,4871,Jackson-Davis,Finance,North America,3/23/2024,Basic,15,0,8/22/2024,0,276.15,87
4871,4872,Young-Estes,Finance,Europe,7/1/2024,Free,4,1,7/3/2024,1,17.52,-51
4872,4873,"Martin, Miller and Baldwin",Technology,Asia-Pacific,8/10/2023,Free,4,0,11/1/2023,1,24.52,38
4873,4874,"Smith, Preston and Reynolds",Technology,Asia-Pacific,6/11/2023,Free,5,0,8/20/2023,1,40.34,-18
4874,4875,"Swanson, Brown and Peters",Manufacturing,Europe,10/19/2023,Pro,41,3,12/2/2023,0,1125.87,44
4875,4876,Marks-Brown,Technology,Asia-Pacific,7/15/2022,Basic,12,1,7/23/2022,0,317.3,-12
4876,4877,"Davis, Johnson and Melton",Technology,North America,8/30/2022,Free,7,0,9/18/2022,1,51.35,-26
4877,4878,Adams PLC,Technology,North America,4/3/2024,Free,7,0,4/7/2024,1,45.18,-81
4878,4879,Wallace-Conley,Logistics,North America,8/12/2022,Pro,33,1,9/4/2022,0,926.41,73
4879,4880,Jones-King,Manufacturing,North America,10/10/2023,Basic,15,1,11/19/2023,0,308.39,38
4880,4881,Miller Ltd,Technology,Latin America,4/2/2025,Free,4,0,5/16/2025,1,13.85,-11
4881,4882,Martin PLC,Manufacturing,North America,1/26/2024,Basic,13,0,5/20/2024,0,256.9,44
4882,4883,"Dominguez, Dawson and Mcconnell",Manufacturing,Asia-Pacific,7/13/2025,Basic,13,0,8/5/2025,0,318.46,43
4883,4884,Griffin and Sons,Finance,Asia-Pacific,7/2/2022,Free,7,0,7/17/2022,1,45.06,-53
4884,4885,Bell PLC,Retail,North America,5/10/2025,Free,5,0,7/17/2025,1,33.37,12
4885,4886,"Rhodes, Perez and Lopez",Logistics,Asia-Pacific,10/26/2025,Basic,18,0,2/4/2026,0,375.61,20
4886,4887,"Murillo, Schneider and Martin",Logistics,North America,7/4/2023,Enterprise,60,4,10/9/2023,0,5532.32,56
4887,4888,"Newman, Kim and Anderson",Retail,Asia-Pacific,9/6/2025,Free,5,2,1/6/2026,1,42.83,-16
4888,4889,Williams Group,Retail,Asia-Pacific,2/16/2023,Pro,30,2,3/13/2023,0,1080.13,41
4889,4890,Cain-Robinson,Manufacturing,North America,9/17/2024,Basic,22,2,10/30/2024,0,337.89,41
4890,4891,Horne-Benton,Retail,Asia-Pacific,4/18/2025,Pro,24,2,4/18/2025,0,939.4,26
4891,4892,"Collins, Miranda and Phelps",Technology,North America,12/20/2023,Basic,17,2,1/21/2024,0,290.4,34
4892,4893,Hopkins-Ferguson,Manufacturing,Europe,9/6/2024,Free,3,1,12/19/2024,1,7.54,4
4893,4894,Mendoza Group,Retail,Europe,5/14/2023,Basic,13,0,5/17/2023,0,270.43,22
4894,4895,"Bailey, Allen and Nunez",Technology,Asia-Pacific,4/12/2026,Enterprise,55,4,4/20/2026,0,5113.99,88
4895,4896,Santos-Mahoney,Manufacturing,Latin America,11/7/2024,Enterprise,51,1,11/13/2024,0,5219.02,59
4896,4897,Medina-Castillo,Retail,North America,2/12/2025,Pro,31,3,3/11/2025,0,879.74,33
4897,4898,Hamilton Ltd,Retail,Europe,5/28/2022,Pro,29,4,5/30/2022,0,933.38,72
4898,4899,Page-Evans,Retail,North America,7/28/2025,Free,2,0,8/12/2025,1,12.38,45
4899,4900,Hampton-Roberts,Manufacturing,Asia-Pacific,5/9/2024,Free,4,0,5/10/2024,1,11.85,-7
4900,4901,Hughes-Chavez,Logistics,Asia-Pacific,10/8/2024,Basic,11,0,10/16/2024,0,235.67,2
4901,4902,Hernandez-Anderson,Technology,Europe,6/3/2025,Pro,36,1,6/6/2025,0,1151.25,42
4902,4903,"Cordova, Mason and Shaw",Manufacturing,Europe,9/27/2024,Free,3,0,10/3/2024,1,21.97,7
4903,4904,Norris-Yu,Finance,Europe,10/29/2022,Pro,25,2,2/20/2023,0,991.12,63
4904,4905,Davis-Moore,Healthcare,Latin America,7/19/2022,Free,7,1,1/9/2023,1,46.32,-58
4905,4906,Graves Ltd,Logistics,Europe,12/21/2022,Free,6,0,1/17/2023,1,49.14,19
4906,4907,"Clark, Morgan and Henderson",Retail,Europe,2/1/2026,Free,4,1,6/11/2026,1,28.52,52
4907,4908,Ramos-Lucas,Technology,North America,3/31/2025,Free,9,1,5/11/2025,0,85.76,0
4908,4909,Moore-Beck,Technology,North America,8/26/2023,Basic,9,0,11/10/2023,0,260.89,17
4909,4910,Sampson-Barajas,Healthcare,Latin America,11/24/2023,Free,8,1,1/9/2024,0,65.95,-18
4910,4911,Bradford-Heath,Healthcare,Europe,1/27/2024,Free,6,0,3/5/2024,1,29.8,22
4911,4912,Jones LLC,Retail,North America,6/18/2023,Basic,18,0,7/13/2023,0,254.01,-21
4912,4913,Ruiz LLC,Logistics,Asia-Pacific,5/15/2022,Basic,19,2,6/18/2022,0,299.86,23
4913,4914,"Osborne, Stafford and Smith",Technology,Europe,5/6/2023,Enterprise,54,2,5/30/2023,0,5539.57,46
4914,4915,Harmon Group,Healthcare,Europe,6/2/2022,Free,6,0,6/3/2022,1,37.83,40
4915,4916,Beard LLC,Manufacturing,North America,4/9/2024,Enterprise,60,4,6/3/2024,0,5186.73,72
4916,4917,Price Inc,Finance,North America,12/25/2022,Basic,13,0,6/14/2023,0,244.45,7
4917,4918,Hamilton and Sons,Retail,Europe,8/1/2025,Basic,11,2,10/3/2025,0,277.44,22
4918,4919,Moore and Sons,Manufacturing,North America,9/2/2023,Free,5,0,12/10/2023,1,26.46,13
4919,4920,"Daniels, Newton and Miller",Technology,North America,8/26/2025,Free,3,0,9/29/2025,1,23.16,7
4920,4921,Gomez-Johnson,Healthcare,North America,2/15/2023,Free,6,0,5/2/2023,1,34.31,4
4921,4922,Williams LLC,Healthcare,Europe,5/25/2022,Pro,26,1,8/3/2022,0,865.04,32
4922,4923,"Rubio, Lee and Elliott",Healthcare,North America,2/6/2024,Free,3,0,5/24/2024,1,6.15,-9
4923,4924,Reed-Reid,Retail,Europe,6/7/2023,Pro,25,2,6/26/2023,0,1007.97,29
4924,4925,Gregory Inc,Manufacturing,North America,5/27/2022,Free,6,0,6/24/2022,1,51.89,-5
4925,4926,Taylor-Williams,Healthcare,Asia-Pacific,4/23/2025,Free,5,0,5/11/2025,1,25.42,14
4926,4927,Medina-Webb,Finance,Asia-Pacific,10/13/2023,Free,3,0,10/31/2023,1,24.05,21
4927,4928,"Thomas, Reid and Nguyen",Manufacturing,Europe,7/9/2022,Free,7,0,7/24/2022,1,27.42,14
4928,4929,"Rangel, Hall and Johnson",Manufacturing,Asia-Pacific,6/12/2022,Basic,16,0,7/4/2022,0,297.74,6
4929,4930,Cole and Sons,Logistics,Europe,2/15/2026,Enterprise,43,2,6/9/2026,0,5256.08,22
4930,4931,"Garner, Roy and Lloyd",Manufacturing,North America,12/8/2022,Basic,22,2,12/4/2023,0,302.98,0
4931,4932,"Harris, Webb and Smith",Technology,North America,1/17/2023,Free,6,0,3/14/2023,1,58.04,-1
4932,4933,Cox-Ramirez,Healthcare,Asia-Pacific,6/8/2024,Basic,15,0,10/10/2024,0,275.41,55
4933,4934,Garrett Group,Retail,Europe,5/19/2022,Basic,21,1,8/7/2022,0,284.06,55
4934,4935,"Petersen, Gonzalez and Gonzalez",Finance,Asia-Pacific,7/20/2024,Free,3,0,10/26/2024,1,22.1,3
4935,4936,Rios and Sons,Manufacturing,North America,5/2/2025,Free,4,0,8/14/2025,1,13.45,-26
4936,4937,"Scott, Bradshaw and Wiley",Logistics,Europe,2/18/2023,Basic,13,0,2/23/2023,0,274.85,15
4937,4938,Harris-Roberts,Retail,North America,11/19/2023,Basic,16,2,2/13/2024,0,243.44,-47
4938,4939,"Phillips, Howard and Taylor",Technology,Asia-Pacific,2/27/2025,Pro,38,0,7/16/2025,0,928.45,-6
4939,4940,Brown-Hanson,Retail,North America,9/23/2024,Basic,23,0,10/12/2024,0,370.52,7
4940,4941,"Mckee, Graham and Stone",Logistics,Latin America,10/17/2023,Pro,28,1,10/22/2023,0,896.71,48
4941,4942,Mcdaniel-Gomez,Finance,Latin America,8/17/2025,Enterprise,47,2,10/18/2025,0,5270.6,84
4942,4943,"Hunter, Vazquez and Preston",Manufacturing,Europe,5/1/2025,Free,5,0,9/29/2025,1,19.61,45
4943,4944,"Becker, Jones and Ford",Technology,North America,11/10/2022,Basic,27,3,12/22/2022,0,356.35,74
4944,4945,Carroll-Liu,Logistics,North America,10/31/2025,Free,7,0,1/23/2026,1,34.12,-10
4945,4946,"Ballard, Mora and Eaton",Finance,Europe,8/5/2024,Free,4,0,10/7/2024,1,31.21,-5
4946,4947,Gordon-Manning,Logistics,Asia-Pacific,1/23/2025,Basic,10,1,1/25/2025,0,249.61,6
4947,4948,Adams-Sanchez,Finance,North America,2/27/2026,Basic,15,0,10/27/2026,0,315.81,24
4948,4949,Bell PLC,Manufacturing,North America,6/18/2023,Free,6,0,8/8/2023,1,49.93,-24
4949,4950,Jacobs-Walters,Technology,North America,11/7/2025,Pro,34,3,11/8/2025,0,886.38,67
4950,4951,Meza Inc,Healthcare,North America,3/29/2025,Basic,9,0,5/31/2025,0,267.69,-3
4951,4952,Johns and Sons,Finance,North America,4/26/2026,Free,4,0,5/20/2026,1,15.73,0
4952,4953,"Griffith, Johnson and Bryant",Healthcare,North America,4/29/2025,Free,4,0,7/2/2025,1,10.2,-55
4953,4954,Mayer LLC,Retail,North America,3/3/2026,Basic,14,0,3/23/2026,0,325.25,25
4954,4955,Buchanan PLC,Retail,North America,5/25/2025,Pro,31,4,6/11/2025,0,1007.55,73
4955,4956,"Williams, Zhang and Johnston",Logistics,Asia-Pacific,2/15/2026,Free,3,0,4/21/2026,1,27.82,43
4956,4957,Moore LLC,Retail,North America,9/25/2023,Basic,18,0,11/24/2023,0,317.93,23
4957,4958,"Chavez, Castro and Guzman",Healthcare,Asia-Pacific,2/8/2025,Basic,14,1,11/4/2025,0,281.99,81
4958,4959,Kim-Wilkerson,Healthcare,North America,1/26/2024,Free,5,0,5/17/2024,1,10.29,5
4959,4960,"Gomez, Harrison and Riley",Finance,Europe,8/21/2024,Free,8,0,9/3/2024,0,59.12,-13
4960,4961,Reed-Snyder,Retail,North America,3/15/2024,Free,8,1,4/3/2024,0,63.61,-60
4961,4962,"Lambert, Shaffer and Little",Manufacturing,North America,2/12/2023,Basic,19,0,3/10/2023,0,359.59,46
4962,4963,"Campbell, King and Delacruz",Retail,North America,10/3/2023,Basic,13,1,11/27/2023,0,251.67,49
4963,4964,Fisher-Wise,Manufacturing,Europe,2/28/2023,Basic,14,0,4/13/2023,0,301.51,13
4964,4965,Kennedy LLC,Healthcare,Europe,12/11/2025,Pro,24,1,12/24/2025,0,901.71,33
4965,4966,Sanders-Smith,Finance,North America,4/9/2023,Pro,30,3,7/30/2023,0,1021.85,12
4966,4967,Lam-Clark,Finance,Asia-Pacific,6/7/2025,Free,7,1,6/8/2025,1,40.16,-20
4967,4968,Cardenas-Cohen,Finance,Europe,4/30/2025,Free,8,0,5/17/2025,0,51.18,20
4968,4969,Burgess LLC,Finance,North America,1/5/2026,Pro,32,3,3/7/2026,0,1117.76,50
4969,4970,"Ferrell, Johnson and Rodriguez",Logistics,Europe,9/26/2023,Free,5,0,12/2/2023,1,26.31,-44
4970,4971,Mitchell LLC,Technology,North America,9/2/2024,Free,9,0,9/6/2024,0,71.43,-16
4971,4972,"Brown, Martin and Hughes",Logistics,Europe,11/26/2022,Basic,20,3,12/8/2022,0,389.77,28
4972,4973,"Santiago, Hopkins and Rivera",Finance,Latin America,12/31/2022,Basic,15,0,2/11/2023,0,266.78,14
4973,4974,"Grant, Livingston and Scott",Logistics,Asia-Pacific,12/24/2023,Free,4,0,2/12/2024,1,28.64,2
4974,4975,"Wilson, Robinson and Smith",Retail,North America,5/9/2025,Free,7,2,5/19/2025,1,50.84,3
4975,4976,Strong-Nelson,Healthcare,North America,8/26/2024,Basic,21,1,9/27/2024,0,301.4,26
4976,4977,Hamilton Ltd,Manufacturing,Asia-Pacific,5/31/2025,Basic,16,2,7/28/2025,0,274.49,8
4977,4978,"Wilkerson, Powers and Rogers",Logistics,Asia-Pacific,8/4/2025,Free,7,0,10/17/2025,1,15.26,30
4978,4979,"Nielsen, Cooper and Anderson",Retail,North America,11/29/2025,Basic,12,0,11/30/2025,0,272.35,22
4979,4980,Bartlett-Williams,Retail,Latin America,11/29/2023,Free,3,0,3/19/2024,1,8.67,-22
4980,4981,"Martinez, Smith and Mitchell",Finance,Asia-Pacific,5/23/2022,Free,3,0,6/5/2022,1,26.88,2
4981,4982,Austin Inc,Healthcare,Europe,1/27/2023,Pro,35,2,3/18/2023,0,1072.63,55
4982,4983,Werner Ltd,Technology,Latin America,4/21/2024,Free,2,1,6/7/2024,1,19.34,-29
4983,4984,Hansen Group,Finance,Asia-Pacific,6/26/2024,Pro,36,2,10/15/2024,0,977.31,25
4984,4985,"Moore, Brooks and Harrington",Finance,Europe,6/24/2022,Pro,28,0,7/9/2022,0,961.94,17
4985,4986,Jones-Zuniga,Logistics,Asia-Pacific,4/15/2024,Basic,14,0,5/13/2024,0,329.51,-14
4986,4987,Jimenez Group,Retail,North America,12/13/2024,Pro,24,2,1/23/2025,0,1030.85,28
4987,4988,Mclean Inc,Logistics,Latin America,1/29/2023,Basic,15,0,5/19/2023,0,251.64,29
4988,4989,Alvarez and Sons,Finance,North America,4/9/2024,Basic,9,0,11/24/2024,0,257.82,7
4989,4990,"Snyder, Arnold and Moore",Healthcare,Europe,12/9/2025,Pro,32,1,12/14/2025,0,955.94,49
4990,4991,"Pitts, Lee and Lyons",Retail,North America,7/31/2024,Free,2,0,8/5/2024,1,14.76,-14
4991,4992,"Woods, Jones and Brown",Retail,Europe,11/19/2022,Free,4,0,12/16/2022,1,32.96,-24
4992,4993,Patton-Ewing,Finance,Latin America,10/3/2023,Basic,15,3,1/11/2024,0,321.63,45
4993,4994,Walker-Smith,Healthcare,North America,8/19/2025,Free,6,0,8/30/2025,1,33.45,-4
4994,4995,"Myers, Garcia and Griffin",Manufacturing,Europe,9/3/2022,Free,10,0,9/28/2022,0,21.7,-25
4995,4996,"Newman, Miller and Clark",Technology,Asia-Pacific,1/27/2025,Pro,38,0,4/24/2025,0,1042.26,33
4996,4997,Drake-Sparks,Retail,Asia-Pacific,10/25/2024,Free,8,1,1/20/2025,0,28.89,50
4997,4998,Jones Group,Finance,North America,10/20/2025,Basic,7,1,11/3/2025,1,237.09,55
4998,4999,Galvan-Mcdonald,Healthcare,Asia-Pacific,6/18/2023,Enterprise,46,0,7/31/2023,0,5125.64,38
4999,5000,Morgan-Morgan,Retail,North America,7/19/2025,Pro,47,2,9/30/2025,0,1147.47,24
